-- seed.sql — auto-generated by export_seed.cjs
-- Generated: 2026-04-06T15:49:57.918Z
-- DO NOT EDIT MANUALLY — run export_seed.cjs to regenerate

PRAGMA foreign_keys = OFF;
BEGIN TRANSACTION;

-- roles: 3 rows
INSERT OR REPLACE INTO "roles" ("id", "name") VALUES (1, 'admin');
INSERT OR REPLACE INTO "roles" ("id", "name") VALUES (2, 'umo_head');
INSERT OR REPLACE INTO "roles" ("id", "name") VALUES (3, 'teacher');

-- profiles: 3 rows
INSERT OR REPLACE INTO "profiles" ("id", "name") VALUES (1, 'ФМ');
INSERT OR REPLACE INTO "profiles" ("id", "name") VALUES (2, 'ХБ');
INSERT OR REPLACE INTO "profiles" ("id", "name") VALUES (3, 'ИНФМАТ');

-- rooms: 6 rows
INSERT OR REPLACE INTO "rooms" ("id", "name", "capacity") VALUES (1, 'Uly Dala', 40);
INSERT OR REPLACE INTO "rooms" ("id", "name", "capacity") VALUES (2, 'Expo', 40);
INSERT OR REPLACE INTO "rooms" ("id", "name", "capacity") VALUES (3, 'Room 101', 25);
INSERT OR REPLACE INTO "rooms" ("id", "name", "capacity") VALUES (4, 'Room 102', 25);
INSERT OR REPLACE INTO "rooms" ("id", "name", "capacity") VALUES (5, 'Lab A', 20);
INSERT OR REPLACE INTO "rooms" ("id", "name", "capacity") VALUES (6, 'Lab B', 20);

-- time_slots: 3 rows
INSERT OR REPLACE INTO "time_slots" ("id", "start_time", "end_time", "label") VALUES (1, '15:15', '16:35', '1-пара');
INSERT OR REPLACE INTO "time_slots" ("id", "start_time", "end_time", "label") VALUES (2, '16:40', '18:00', '2-пара');
INSERT OR REPLACE INTO "time_slots" ("id", "start_time", "end_time", "label") VALUES (3, '18:10', '19:30', '3-пара');

-- users: 11 rows
INSERT OR REPLACE INTO "users" ("id", "name", "surname", "phone", "email", "password", "role_id", "avatar_url") VALUES (1, 'Бекзат', 'Мажит', NULL, 'bekzat.mazhit@today.edu', 'мажит1', 3, NULL);
INSERT OR REPLACE INTO "users" ("id", "name", "surname", "phone", "email", "password", "role_id", "avatar_url") VALUES (2, 'Ануар', 'Жанат', NULL, 'anuar.zhanat@today.edu', 'жанат2', 3, NULL);
INSERT OR REPLACE INTO "users" ("id", "name", "surname", "phone", "email", "password", "role_id", "avatar_url") VALUES (3, 'Шырайлым', 'Устаз', NULL, 'shyrailym.ustaz@today.edu', 'устаз3', 3, NULL);
INSERT OR REPLACE INTO "users" ("id", "name", "surname", "phone", "email", "password", "role_id", "avatar_url") VALUES (4, 'Коркем', 'Устаз', NULL, 'korkem.ustaz@today.edu', 'устаз4', 3, NULL);
INSERT OR REPLACE INTO "users" ("id", "name", "surname", "phone", "email", "password", "role_id", "avatar_url") VALUES (5, 'Мурат', 'Шукирбай', NULL, 'murat.shukirbai@today.edu', 'шукирбай5', 2, NULL);
INSERT OR REPLACE INTO "users" ("id", "name", "surname", "phone", "email", "password", "role_id", "avatar_url") VALUES (6, 'Еркетан', 'Устаз', NULL, 'erketan.ustaz@today.edu', 'устаз6', 3, NULL);
INSERT OR REPLACE INTO "users" ("id", "name", "surname", "phone", "email", "password", "role_id", "avatar_url") VALUES (7, 'Нариман', 'Устаз', NULL, 'nariman.ustaz@today.edu', 'устаз7', 3, NULL);
INSERT OR REPLACE INTO "users" ("id", "name", "surname", "phone", "email", "password", "role_id", "avatar_url") VALUES (8, 'Алтын', 'Устаз', NULL, 'altyn.ustaz@today.edu', 'устаз8', 3, NULL);
INSERT OR REPLACE INTO "users" ("id", "name", "surname", "phone", "email", "password", "role_id", "avatar_url") VALUES (9, 'Айша', 'Устаз', NULL, 'aisha.ustaz@today.edu', 'устаз9', 3, NULL);
INSERT OR REPLACE INTO "users" ("id", "name", "surname", "phone", "email", "password", "role_id", "avatar_url") VALUES (10, 'Марал', 'Устаз', NULL, 'maral.ustaz@today.edu', 'устаз10', 3, NULL);
INSERT OR REPLACE INTO "users" ("id", "name", "surname", "phone", "email", "password", "role_id", "avatar_url") VALUES (11, 'Today1', 'Admin', NULL, 'today1.admin@today.edu', 'admin11', 1, '/uploads/avatars/avatar_11_1775464254218.webp');

-- subjects: 8 rows
INSERT OR REPLACE INTO "subjects" ("id", "name", "type") VALUES (1, 'История Казахстана', 'mandatory');
INSERT OR REPLACE INTO "subjects" ("id", "name", "type") VALUES (2, 'Математика', 'profile');
INSERT OR REPLACE INTO "subjects" ("id", "name", "type") VALUES (3, 'Математическая грамотность', 'mandatory');
INSERT OR REPLACE INTO "subjects" ("id", "name", "type") VALUES (4, 'Информатика', 'profile');
INSERT OR REPLACE INTO "subjects" ("id", "name", "type") VALUES (5, 'Физика', 'profile');
INSERT OR REPLACE INTO "subjects" ("id", "name", "type") VALUES (6, 'Биология', 'profile');
INSERT OR REPLACE INTO "subjects" ("id", "name", "type") VALUES (7, 'Химия', 'profile');
INSERT OR REPLACE INTO "subjects" ("id", "name", "type") VALUES (8, 'Грамотность чтения', 'mandatory');

-- groups: 16 rows
INSERT OR REPLACE INTO "groups" ("id", "name", "profile_id", "curator_id") VALUES (1, 'Бокейханов', 3, 5);
INSERT OR REPLACE INTO "groups" ("id", "name", "profile_id", "curator_id") VALUES (2, 'Жумабаев', 3, 1);
INSERT OR REPLACE INTO "groups" ("id", "name", "profile_id", "curator_id") VALUES (3, 'Алтынсарин', 3, 2);
INSERT OR REPLACE INTO "groups" ("id", "name", "profile_id", "curator_id") VALUES (4, 'Байтурсынов', 1, 7);
INSERT OR REPLACE INTO "groups" ("id", "name", "profile_id", "curator_id") VALUES (5, 'Кунанбаев', 1, 6);
INSERT OR REPLACE INTO "groups" ("id", "name", "profile_id", "curator_id") VALUES (6, 'Сатпаев', 2, 10);
INSERT OR REPLACE INTO "groups" ("id", "name", "profile_id", "curator_id") VALUES (7, 'Конаев', 1, 6);
INSERT OR REPLACE INTO "groups" ("id", "name", "profile_id", "curator_id") VALUES (8, 'Уалиханов', 1, 7);
INSERT OR REPLACE INTO "groups" ("id", "name", "profile_id", "curator_id") VALUES (9, 'Асфендияров', 2, 10);
INSERT OR REPLACE INTO "groups" ("id", "name", "profile_id", "curator_id") VALUES (10, 'Айтхожин', 2, 9);
INSERT OR REPLACE INTO "groups" ("id", "name", "profile_id", "curator_id") VALUES (11, 'Сейфуллина', 3, 1);
INSERT OR REPLACE INTO "groups" ("id", "name", "profile_id", "curator_id") VALUES (12, 'Аль-Фараби', 3, 2);
INSERT OR REPLACE INTO "groups" ("id", "name", "profile_id", "curator_id") VALUES (13, '10/ФМ/КАЗ', 1, 2);
INSERT OR REPLACE INTO "groups" ("id", "name", "profile_id", "curator_id") VALUES (14, '10/ФМ/РУС', 1, 2);
INSERT OR REPLACE INTO "groups" ("id", "name", "profile_id", "curator_id") VALUES (15, '10/ХБ/РУС', 2, 2);
INSERT OR REPLACE INTO "groups" ("id", "name", "profile_id", "curator_id") VALUES (16, '10/ИНФМАТ/РУС', 3, 2);

-- students: 104 rows
INSERT OR REPLACE INTO "students" ("id", "full_name", "phone", "parent_phone", "parent_name", "group_id", "status", "avatar_url", "target_university_id", "target_specialty_id", "unt_january_score", "unt_march_score", "unt_grant_1_score", "unt_grant_2_score") VALUES (401, 'Мирас Алибеков', '8000', '40303003', NULL, 12, 'active', NULL, NULL, NULL, NULL, NULL, NULL, NULL);
INSERT OR REPLACE INTO "students" ("id", "full_name", "phone", "parent_phone", "parent_name", "group_id", "status", "avatar_url", "target_university_id", "target_specialty_id", "unt_january_score", "unt_march_score", "unt_grant_1_score", "unt_grant_2_score") VALUES (402, 'Тамерлан Кунабаев', '8000', '40303003', NULL, 12, 'active', NULL, NULL, NULL, NULL, NULL, NULL, NULL);
INSERT OR REPLACE INTO "students" ("id", "full_name", "phone", "parent_phone", "parent_name", "group_id", "status", "avatar_url", "target_university_id", "target_specialty_id", "unt_january_score", "unt_march_score", "unt_grant_1_score", "unt_grant_2_score") VALUES (403, 'Бахтияр Рахимжанов', '8000', '40303003', NULL, 12, 'active', NULL, NULL, NULL, NULL, NULL, NULL, NULL);
INSERT OR REPLACE INTO "students" ("id", "full_name", "phone", "parent_phone", "parent_name", "group_id", "status", "avatar_url", "target_university_id", "target_specialty_id", "unt_january_score", "unt_march_score", "unt_grant_1_score", "unt_grant_2_score") VALUES (404, 'Алихан Бельжанов', '8000', '40303003', NULL, 12, 'active', NULL, NULL, NULL, NULL, NULL, NULL, NULL);
INSERT OR REPLACE INTO "students" ("id", "full_name", "phone", "parent_phone", "parent_name", "group_id", "status", "avatar_url", "target_university_id", "target_specialty_id", "unt_january_score", "unt_march_score", "unt_grant_1_score", "unt_grant_2_score") VALUES (405, 'Альбина Жусупова', '8000', '40303003', NULL, 12, 'active', NULL, NULL, NULL, NULL, NULL, NULL, NULL);
INSERT OR REPLACE INTO "students" ("id", "full_name", "phone", "parent_phone", "parent_name", "group_id", "status", "avatar_url", "target_university_id", "target_specialty_id", "unt_january_score", "unt_march_score", "unt_grant_1_score", "unt_grant_2_score") VALUES (406, 'Арсен Мухтар', '8000', '40303003', NULL, 12, 'active', NULL, NULL, NULL, NULL, NULL, NULL, NULL);
INSERT OR REPLACE INTO "students" ("id", "full_name", "phone", "parent_phone", "parent_name", "group_id", "status", "avatar_url", "target_university_id", "target_specialty_id", "unt_january_score", "unt_march_score", "unt_grant_1_score", "unt_grant_2_score") VALUES (407, 'Абдынасыр Сайлаубек', '8000', '40303003', NULL, 12, 'active', NULL, 2, 1, NULL, NULL, NULL, NULL);
INSERT OR REPLACE INTO "students" ("id", "full_name", "phone", "parent_phone", "parent_name", "group_id", "status", "avatar_url", "target_university_id", "target_specialty_id", "unt_january_score", "unt_march_score", "unt_grant_1_score", "unt_grant_2_score") VALUES (408, 'Даяна Сламова', '8000', '40303003', NULL, 12, 'active', NULL, NULL, NULL, NULL, NULL, NULL, NULL);
INSERT OR REPLACE INTO "students" ("id", "full_name", "phone", "parent_phone", "parent_name", "group_id", "status", "avatar_url", "target_university_id", "target_specialty_id", "unt_january_score", "unt_march_score", "unt_grant_1_score", "unt_grant_2_score") VALUES (409, 'Адема Манап', '8000', '40303003', NULL, 12, 'active', NULL, NULL, NULL, NULL, NULL, NULL, NULL);
INSERT OR REPLACE INTO "students" ("id", "full_name", "phone", "parent_phone", "parent_name", "group_id", "status", "avatar_url", "target_university_id", "target_specialty_id", "unt_january_score", "unt_march_score", "unt_grant_1_score", "unt_grant_2_score") VALUES (410, 'Диана Орлова', '8000', '40303003', NULL, 12, 'active', NULL, NULL, NULL, NULL, NULL, NULL, NULL);
INSERT OR REPLACE INTO "students" ("id", "full_name", "phone", "parent_phone", "parent_name", "group_id", "status", "avatar_url", "target_university_id", "target_specialty_id", "unt_january_score", "unt_march_score", "unt_grant_1_score", "unt_grant_2_score") VALUES (411, 'Мерей Жарбосынова', '8000', '40303003', NULL, 1, 'active', NULL, NULL, NULL, NULL, NULL, NULL, NULL);
INSERT OR REPLACE INTO "students" ("id", "full_name", "phone", "parent_phone", "parent_name", "group_id", "status", "avatar_url", "target_university_id", "target_specialty_id", "unt_january_score", "unt_march_score", "unt_grant_1_score", "unt_grant_2_score") VALUES (412, 'Рамира Садуова', '8000', '40303003', NULL, 1, 'active', NULL, NULL, NULL, NULL, NULL, NULL, NULL);
INSERT OR REPLACE INTO "students" ("id", "full_name", "phone", "parent_phone", "parent_name", "group_id", "status", "avatar_url", "target_university_id", "target_specialty_id", "unt_january_score", "unt_march_score", "unt_grant_1_score", "unt_grant_2_score") VALUES (413, 'Жанель Кали', '8000', '40303003', NULL, 1, 'active', NULL, NULL, NULL, NULL, NULL, NULL, NULL);
INSERT OR REPLACE INTO "students" ("id", "full_name", "phone", "parent_phone", "parent_name", "group_id", "status", "avatar_url", "target_university_id", "target_specialty_id", "unt_january_score", "unt_march_score", "unt_grant_1_score", "unt_grant_2_score") VALUES (414, 'Динмухаммед Еркебаев', '8000', '40303003', NULL, 1, 'active', NULL, NULL, NULL, NULL, NULL, NULL, NULL);
INSERT OR REPLACE INTO "students" ("id", "full_name", "phone", "parent_phone", "parent_name", "group_id", "status", "avatar_url", "target_university_id", "target_specialty_id", "unt_january_score", "unt_march_score", "unt_grant_1_score", "unt_grant_2_score") VALUES (415, 'Алихан Жакупов', '8000', '40303003', NULL, 1, 'active', NULL, NULL, NULL, NULL, NULL, NULL, NULL);
INSERT OR REPLACE INTO "students" ("id", "full_name", "phone", "parent_phone", "parent_name", "group_id", "status", "avatar_url", "target_university_id", "target_specialty_id", "unt_january_score", "unt_march_score", "unt_grant_1_score", "unt_grant_2_score") VALUES (416, 'Саним Диярова', '8000', '40303003', NULL, 1, 'active', NULL, NULL, NULL, NULL, NULL, NULL, NULL);
INSERT OR REPLACE INTO "students" ("id", "full_name", "phone", "parent_phone", "parent_name", "group_id", "status", "avatar_url", "target_university_id", "target_specialty_id", "unt_january_score", "unt_march_score", "unt_grant_1_score", "unt_grant_2_score") VALUES (417, 'Нурдана Алмахан', '8000', '40303003', NULL, 1, 'active', NULL, NULL, NULL, NULL, NULL, NULL, NULL);
INSERT OR REPLACE INTO "students" ("id", "full_name", "phone", "parent_phone", "parent_name", "group_id", "status", "avatar_url", "target_university_id", "target_specialty_id", "unt_january_score", "unt_march_score", "unt_grant_1_score", "unt_grant_2_score") VALUES (418, 'Мансур Кажмурат', '8000', '40303003', NULL, 1, 'active', NULL, NULL, NULL, NULL, NULL, NULL, NULL);
INSERT OR REPLACE INTO "students" ("id", "full_name", "phone", "parent_phone", "parent_name", "group_id", "status", "avatar_url", "target_university_id", "target_specialty_id", "unt_january_score", "unt_march_score", "unt_grant_1_score", "unt_grant_2_score") VALUES (419, 'Динмухаммед Досымбай', '8000', '40303003', NULL, 1, 'active', NULL, NULL, NULL, NULL, NULL, NULL, NULL);
INSERT OR REPLACE INTO "students" ("id", "full_name", "phone", "parent_phone", "parent_name", "group_id", "status", "avatar_url", "target_university_id", "target_specialty_id", "unt_january_score", "unt_march_score", "unt_grant_1_score", "unt_grant_2_score") VALUES (420, 'Аружан Калиева', '8000', '40303003', NULL, 1, 'active', NULL, NULL, NULL, NULL, NULL, NULL, NULL);
INSERT OR REPLACE INTO "students" ("id", "full_name", "phone", "parent_phone", "parent_name", "group_id", "status", "avatar_url", "target_university_id", "target_specialty_id", "unt_january_score", "unt_march_score", "unt_grant_1_score", "unt_grant_2_score") VALUES (421, 'Асадулла Кусайнов', '8000', '40303003', NULL, 2, 'active', NULL, NULL, NULL, NULL, NULL, NULL, NULL);
INSERT OR REPLACE INTO "students" ("id", "full_name", "phone", "parent_phone", "parent_name", "group_id", "status", "avatar_url", "target_university_id", "target_specialty_id", "unt_january_score", "unt_march_score", "unt_grant_1_score", "unt_grant_2_score") VALUES (422, 'Асан Куанышбаев', '8000', '40303003', NULL, 2, 'active', NULL, NULL, NULL, NULL, NULL, NULL, NULL);
INSERT OR REPLACE INTO "students" ("id", "full_name", "phone", "parent_phone", "parent_name", "group_id", "status", "avatar_url", "target_university_id", "target_specialty_id", "unt_january_score", "unt_march_score", "unt_grant_1_score", "unt_grant_2_score") VALUES (423, 'Анель Маратова', '8000', '40303003', NULL, 2, 'active', NULL, NULL, NULL, NULL, NULL, NULL, NULL);
INSERT OR REPLACE INTO "students" ("id", "full_name", "phone", "parent_phone", "parent_name", "group_id", "status", "avatar_url", "target_university_id", "target_specialty_id", "unt_january_score", "unt_march_score", "unt_grant_1_score", "unt_grant_2_score") VALUES (424, 'Алихан Байбусенов', '8000', '40303003', NULL, 2, 'active', NULL, NULL, NULL, NULL, NULL, NULL, NULL);
INSERT OR REPLACE INTO "students" ("id", "full_name", "phone", "parent_phone", "parent_name", "group_id", "status", "avatar_url", "target_university_id", "target_specialty_id", "unt_january_score", "unt_march_score", "unt_grant_1_score", "unt_grant_2_score") VALUES (425, 'Алуа Жакан', '8000', '40303003', NULL, 2, 'active', NULL, NULL, NULL, NULL, NULL, NULL, NULL);
INSERT OR REPLACE INTO "students" ("id", "full_name", "phone", "parent_phone", "parent_name", "group_id", "status", "avatar_url", "target_university_id", "target_specialty_id", "unt_january_score", "unt_march_score", "unt_grant_1_score", "unt_grant_2_score") VALUES (426, 'Аршат Молдашов', '8000', '40303003', NULL, 2, 'active', NULL, NULL, NULL, NULL, NULL, NULL, NULL);
INSERT OR REPLACE INTO "students" ("id", "full_name", "phone", "parent_phone", "parent_name", "group_id", "status", "avatar_url", "target_university_id", "target_specialty_id", "unt_january_score", "unt_march_score", "unt_grant_1_score", "unt_grant_2_score") VALUES (427, 'Искандер Александров', '8000', '40303003', NULL, 2, 'active', NULL, NULL, NULL, NULL, NULL, NULL, NULL);
INSERT OR REPLACE INTO "students" ("id", "full_name", "phone", "parent_phone", "parent_name", "group_id", "status", "avatar_url", "target_university_id", "target_specialty_id", "unt_january_score", "unt_march_score", "unt_grant_1_score", "unt_grant_2_score") VALUES (428, 'Нурасыл Ахметжан', '8000', '40303003', NULL, 2, 'active', NULL, NULL, NULL, NULL, NULL, NULL, NULL);
INSERT OR REPLACE INTO "students" ("id", "full_name", "phone", "parent_phone", "parent_name", "group_id", "status", "avatar_url", "target_university_id", "target_specialty_id", "unt_january_score", "unt_march_score", "unt_grant_1_score", "unt_grant_2_score") VALUES (429, 'Шахнур Болатов', '8000', '40303003', NULL, 3, 'active', NULL, NULL, NULL, NULL, NULL, NULL, NULL);
INSERT OR REPLACE INTO "students" ("id", "full_name", "phone", "parent_phone", "parent_name", "group_id", "status", "avatar_url", "target_university_id", "target_specialty_id", "unt_january_score", "unt_march_score", "unt_grant_1_score", "unt_grant_2_score") VALUES (430, 'Данияр Хасенов', '8000', '40303003', NULL, 3, 'active', NULL, NULL, NULL, NULL, NULL, NULL, NULL);
INSERT OR REPLACE INTO "students" ("id", "full_name", "phone", "parent_phone", "parent_name", "group_id", "status", "avatar_url", "target_university_id", "target_specialty_id", "unt_january_score", "unt_march_score", "unt_grant_1_score", "unt_grant_2_score") VALUES (431, 'Айли Мустафина', '8000', '40303003', NULL, 7, 'active', NULL, NULL, NULL, NULL, NULL, NULL, NULL);
INSERT OR REPLACE INTO "students" ("id", "full_name", "phone", "parent_phone", "parent_name", "group_id", "status", "avatar_url", "target_university_id", "target_specialty_id", "unt_january_score", "unt_march_score", "unt_grant_1_score", "unt_grant_2_score") VALUES (432, 'Алихан Ширяев', '8000', '40303003', NULL, 3, 'active', NULL, NULL, NULL, NULL, NULL, NULL, NULL);
INSERT OR REPLACE INTO "students" ("id", "full_name", "phone", "parent_phone", "parent_name", "group_id", "status", "avatar_url", "target_university_id", "target_specialty_id", "unt_january_score", "unt_march_score", "unt_grant_1_score", "unt_grant_2_score") VALUES (433, 'Адлет Айтбай', '8000', '40303003', NULL, 3, 'active', NULL, 26, 1, NULL, NULL, NULL, NULL);
INSERT OR REPLACE INTO "students" ("id", "full_name", "phone", "parent_phone", "parent_name", "group_id", "status", "avatar_url", "target_university_id", "target_specialty_id", "unt_january_score", "unt_march_score", "unt_grant_1_score", "unt_grant_2_score") VALUES (434, 'Аделина Громова', '8000', '40303003', NULL, 3, 'active', NULL, 1, 1, NULL, NULL, NULL, NULL);
INSERT OR REPLACE INTO "students" ("id", "full_name", "phone", "parent_phone", "parent_name", "group_id", "status", "avatar_url", "target_university_id", "target_specialty_id", "unt_january_score", "unt_march_score", "unt_grant_1_score", "unt_grant_2_score") VALUES (435, 'Аружан Тастемирова', '8000', '40303003', NULL, 3, 'active', NULL, NULL, NULL, NULL, NULL, NULL, NULL);
INSERT OR REPLACE INTO "students" ("id", "full_name", "phone", "parent_phone", "parent_name", "group_id", "status", "avatar_url", "target_university_id", "target_specialty_id", "unt_january_score", "unt_march_score", "unt_grant_1_score", "unt_grant_2_score") VALUES (436, 'Алуа Жанабильева', '8000', '40303003', NULL, 4, 'active', NULL, NULL, NULL, NULL, NULL, NULL, NULL);
INSERT OR REPLACE INTO "students" ("id", "full_name", "phone", "parent_phone", "parent_name", "group_id", "status", "avatar_url", "target_university_id", "target_specialty_id", "unt_january_score", "unt_march_score", "unt_grant_1_score", "unt_grant_2_score") VALUES (437, 'Диана Уалихан', '8000', '40303003', NULL, 4, 'active', NULL, NULL, NULL, NULL, NULL, NULL, NULL);
INSERT OR REPLACE INTO "students" ("id", "full_name", "phone", "parent_phone", "parent_name", "group_id", "status", "avatar_url", "target_university_id", "target_specialty_id", "unt_january_score", "unt_march_score", "unt_grant_1_score", "unt_grant_2_score") VALUES (438, 'Денис Пан', '8000', '40303003', NULL, 4, 'active', NULL, NULL, NULL, NULL, NULL, NULL, NULL);
INSERT OR REPLACE INTO "students" ("id", "full_name", "phone", "parent_phone", "parent_name", "group_id", "status", "avatar_url", "target_university_id", "target_specialty_id", "unt_january_score", "unt_march_score", "unt_grant_1_score", "unt_grant_2_score") VALUES (439, 'Асархад Асархад', '8000', '40303003', NULL, 4, 'active', NULL, NULL, NULL, NULL, NULL, NULL, NULL);
INSERT OR REPLACE INTO "students" ("id", "full_name", "phone", "parent_phone", "parent_name", "group_id", "status", "avatar_url", "target_university_id", "target_specialty_id", "unt_january_score", "unt_march_score", "unt_grant_1_score", "unt_grant_2_score") VALUES (440, 'Мадияр Даниярұлы', '8000', '40303003', NULL, 4, 'active', NULL, NULL, NULL, NULL, NULL, NULL, NULL);
INSERT OR REPLACE INTO "students" ("id", "full_name", "phone", "parent_phone", "parent_name", "group_id", "status", "avatar_url", "target_university_id", "target_specialty_id", "unt_january_score", "unt_march_score", "unt_grant_1_score", "unt_grant_2_score") VALUES (441, 'Даяна Жантасова', '8000', '40303003', NULL, 4, 'active', NULL, NULL, NULL, NULL, NULL, NULL, NULL);
INSERT OR REPLACE INTO "students" ("id", "full_name", "phone", "parent_phone", "parent_name", "group_id", "status", "avatar_url", "target_university_id", "target_specialty_id", "unt_january_score", "unt_march_score", "unt_grant_1_score", "unt_grant_2_score") VALUES (442, 'Эльдана Джумабекова', '8000', '40303003', NULL, 4, 'active', NULL, NULL, NULL, NULL, NULL, NULL, NULL);
INSERT OR REPLACE INTO "students" ("id", "full_name", "phone", "parent_phone", "parent_name", "group_id", "status", "avatar_url", "target_university_id", "target_specialty_id", "unt_january_score", "unt_march_score", "unt_grant_1_score", "unt_grant_2_score") VALUES (443, 'Адильхан Нажими', '8000', '40303003', NULL, 5, 'active', NULL, NULL, NULL, NULL, NULL, NULL, NULL);
INSERT OR REPLACE INTO "students" ("id", "full_name", "phone", "parent_phone", "parent_name", "group_id", "status", "avatar_url", "target_university_id", "target_specialty_id", "unt_january_score", "unt_march_score", "unt_grant_1_score", "unt_grant_2_score") VALUES (444, 'Амира Акимкерей', '8000', '40303003', NULL, 5, 'active', NULL, NULL, NULL, NULL, NULL, NULL, NULL);
INSERT OR REPLACE INTO "students" ("id", "full_name", "phone", "parent_phone", "parent_name", "group_id", "status", "avatar_url", "target_university_id", "target_specialty_id", "unt_january_score", "unt_march_score", "unt_grant_1_score", "unt_grant_2_score") VALUES (445, 'Ислам Джалғас', '8000', '40303003', NULL, 5, 'active', NULL, NULL, NULL, NULL, NULL, NULL, NULL);
INSERT OR REPLACE INTO "students" ("id", "full_name", "phone", "parent_phone", "parent_name", "group_id", "status", "avatar_url", "target_university_id", "target_specialty_id", "unt_january_score", "unt_march_score", "unt_grant_1_score", "unt_grant_2_score") VALUES (446, 'Алмаз Талгатов', '8000', '40303003', NULL, 5, 'active', NULL, NULL, NULL, NULL, NULL, NULL, NULL);
INSERT OR REPLACE INTO "students" ("id", "full_name", "phone", "parent_phone", "parent_name", "group_id", "status", "avatar_url", "target_university_id", "target_specialty_id", "unt_january_score", "unt_march_score", "unt_grant_1_score", "unt_grant_2_score") VALUES (447, 'Анель Амангелді', '8000', '40303003', NULL, 5, 'active', NULL, NULL, NULL, NULL, NULL, NULL, NULL);
INSERT OR REPLACE INTO "students" ("id", "full_name", "phone", "parent_phone", "parent_name", "group_id", "status", "avatar_url", "target_university_id", "target_specialty_id", "unt_january_score", "unt_march_score", "unt_grant_1_score", "unt_grant_2_score") VALUES (448, 'Ерасыл Максут', '8000', '40303003', NULL, 5, 'active', NULL, NULL, NULL, NULL, NULL, NULL, NULL);
INSERT OR REPLACE INTO "students" ("id", "full_name", "phone", "parent_phone", "parent_name", "group_id", "status", "avatar_url", "target_university_id", "target_specialty_id", "unt_january_score", "unt_march_score", "unt_grant_1_score", "unt_grant_2_score") VALUES (449, 'Молдир Серик', '8000', '40303003', NULL, 5, 'active', NULL, NULL, NULL, NULL, NULL, NULL, NULL);
INSERT OR REPLACE INTO "students" ("id", "full_name", "phone", "parent_phone", "parent_name", "group_id", "status", "avatar_url", "target_university_id", "target_specialty_id", "unt_january_score", "unt_march_score", "unt_grant_1_score", "unt_grant_2_score") VALUES (450, 'Шынәлі Қалиақпар', '8000', '40303003', NULL, 5, 'active', NULL, NULL, NULL, NULL, NULL, NULL, NULL);
INSERT OR REPLACE INTO "students" ("id", "full_name", "phone", "parent_phone", "parent_name", "group_id", "status", "avatar_url", "target_university_id", "target_specialty_id", "unt_january_score", "unt_march_score", "unt_grant_1_score", "unt_grant_2_score") VALUES (451, 'Айдын Алмасхан', '8000', '40303003', NULL, 5, 'active', NULL, NULL, NULL, NULL, NULL, NULL, NULL);
INSERT OR REPLACE INTO "students" ("id", "full_name", "phone", "parent_phone", "parent_name", "group_id", "status", "avatar_url", "target_university_id", "target_specialty_id", "unt_january_score", "unt_march_score", "unt_grant_1_score", "unt_grant_2_score") VALUES (452, 'Бекарыс Махмут', '8000', '40303003', NULL, 5, 'active', NULL, NULL, NULL, NULL, NULL, NULL, NULL);
INSERT OR REPLACE INTO "students" ("id", "full_name", "phone", "parent_phone", "parent_name", "group_id", "status", "avatar_url", "target_university_id", "target_specialty_id", "unt_january_score", "unt_march_score", "unt_grant_1_score", "unt_grant_2_score") VALUES (453, 'Нуради Шайхы', '8000', '40303003', NULL, 5, 'active', NULL, NULL, NULL, NULL, NULL, NULL, NULL);
INSERT OR REPLACE INTO "students" ("id", "full_name", "phone", "parent_phone", "parent_name", "group_id", "status", "avatar_url", "target_university_id", "target_specialty_id", "unt_january_score", "unt_march_score", "unt_grant_1_score", "unt_grant_2_score") VALUES (454, 'Арлан Нуртай', '8000', '40303003', NULL, 5, 'active', NULL, NULL, NULL, NULL, NULL, NULL, NULL);
INSERT OR REPLACE INTO "students" ("id", "full_name", "phone", "parent_phone", "parent_name", "group_id", "status", "avatar_url", "target_university_id", "target_specialty_id", "unt_january_score", "unt_march_score", "unt_grant_1_score", "unt_grant_2_score") VALUES (455, 'Адеми Алиби', '8000', '40303003', NULL, 6, 'active', NULL, NULL, NULL, NULL, NULL, NULL, NULL);
INSERT OR REPLACE INTO "students" ("id", "full_name", "phone", "parent_phone", "parent_name", "group_id", "status", "avatar_url", "target_university_id", "target_specialty_id", "unt_january_score", "unt_march_score", "unt_grant_1_score", "unt_grant_2_score") VALUES (456, 'Айлин Аманжолова', '8000', '40303003', NULL, 6, 'active', NULL, NULL, NULL, NULL, NULL, NULL, NULL);
INSERT OR REPLACE INTO "students" ("id", "full_name", "phone", "parent_phone", "parent_name", "group_id", "status", "avatar_url", "target_university_id", "target_specialty_id", "unt_january_score", "unt_march_score", "unt_grant_1_score", "unt_grant_2_score") VALUES (457, 'Ислам Боранбай', '8000', '40303003', NULL, 6, 'active', NULL, NULL, NULL, NULL, NULL, NULL, NULL);
INSERT OR REPLACE INTO "students" ("id", "full_name", "phone", "parent_phone", "parent_name", "group_id", "status", "avatar_url", "target_university_id", "target_specialty_id", "unt_january_score", "unt_march_score", "unt_grant_1_score", "unt_grant_2_score") VALUES (458, 'Инкар Ахмадиева', '8000', '40303003', NULL, 6, 'active', NULL, NULL, NULL, NULL, NULL, NULL, NULL);
INSERT OR REPLACE INTO "students" ("id", "full_name", "phone", "parent_phone", "parent_name", "group_id", "status", "avatar_url", "target_university_id", "target_specialty_id", "unt_january_score", "unt_march_score", "unt_grant_1_score", "unt_grant_2_score") VALUES (459, 'Торгын Сагындык', '8000', '40303003', NULL, 6, 'active', NULL, NULL, NULL, NULL, NULL, NULL, NULL);
INSERT OR REPLACE INTO "students" ("id", "full_name", "phone", "parent_phone", "parent_name", "group_id", "status", "avatar_url", "target_university_id", "target_specialty_id", "unt_january_score", "unt_march_score", "unt_grant_1_score", "unt_grant_2_score") VALUES (460, 'Алуа Калтай', '8000', '40303003', NULL, 7, 'active', NULL, NULL, NULL, NULL, NULL, NULL, NULL);
INSERT OR REPLACE INTO "students" ("id", "full_name", "phone", "parent_phone", "parent_name", "group_id", "status", "avatar_url", "target_university_id", "target_specialty_id", "unt_january_score", "unt_march_score", "unt_grant_1_score", "unt_grant_2_score") VALUES (461, 'Мухаммедали Жунусов', '8000', '40303003', NULL, 7, 'active', NULL, NULL, NULL, NULL, NULL, NULL, NULL);
INSERT OR REPLACE INTO "students" ("id", "full_name", "phone", "parent_phone", "parent_name", "group_id", "status", "avatar_url", "target_university_id", "target_specialty_id", "unt_january_score", "unt_march_score", "unt_grant_1_score", "unt_grant_2_score") VALUES (462, 'Асанали Кожабек', '8000', '40303003', NULL, 7, 'active', NULL, NULL, NULL, NULL, NULL, NULL, NULL);
INSERT OR REPLACE INTO "students" ("id", "full_name", "phone", "parent_phone", "parent_name", "group_id", "status", "avatar_url", "target_university_id", "target_specialty_id", "unt_january_score", "unt_march_score", "unt_grant_1_score", "unt_grant_2_score") VALUES (463, 'Алдияр Арынгазы', '8000', '40303003', NULL, 7, 'active', NULL, NULL, NULL, NULL, NULL, NULL, NULL);
INSERT OR REPLACE INTO "students" ("id", "full_name", "phone", "parent_phone", "parent_name", "group_id", "status", "avatar_url", "target_university_id", "target_specialty_id", "unt_january_score", "unt_march_score", "unt_grant_1_score", "unt_grant_2_score") VALUES (464, 'Мансур Мергенбай', '8000', '40303003', NULL, 7, 'active', NULL, NULL, NULL, NULL, NULL, NULL, NULL);
INSERT OR REPLACE INTO "students" ("id", "full_name", "phone", "parent_phone", "parent_name", "group_id", "status", "avatar_url", "target_university_id", "target_specialty_id", "unt_january_score", "unt_march_score", "unt_grant_1_score", "unt_grant_2_score") VALUES (465, 'Акберен Галымжанулы', '8000', '40303003', NULL, 7, 'active', NULL, NULL, NULL, NULL, NULL, NULL, NULL);
INSERT OR REPLACE INTO "students" ("id", "full_name", "phone", "parent_phone", "parent_name", "group_id", "status", "avatar_url", "target_university_id", "target_specialty_id", "unt_january_score", "unt_march_score", "unt_grant_1_score", "unt_grant_2_score") VALUES (466, 'Давлатбек Бекзатов', '8000', '40303003', NULL, 7, 'active', NULL, NULL, NULL, NULL, NULL, NULL, NULL);
INSERT OR REPLACE INTO "students" ("id", "full_name", "phone", "parent_phone", "parent_name", "group_id", "status", "avatar_url", "target_university_id", "target_specialty_id", "unt_january_score", "unt_march_score", "unt_grant_1_score", "unt_grant_2_score") VALUES (467, 'Заманбек Танирбергенов', '8000', '40303003', NULL, 7, 'active', NULL, NULL, NULL, NULL, NULL, NULL, NULL);
INSERT OR REPLACE INTO "students" ("id", "full_name", "phone", "parent_phone", "parent_name", "group_id", "status", "avatar_url", "target_university_id", "target_specialty_id", "unt_january_score", "unt_march_score", "unt_grant_1_score", "unt_grant_2_score") VALUES (468, 'Чингиз Нуржанов', '8000', '40303003', NULL, 8, 'active', NULL, NULL, NULL, NULL, NULL, NULL, NULL);
INSERT OR REPLACE INTO "students" ("id", "full_name", "phone", "parent_phone", "parent_name", "group_id", "status", "avatar_url", "target_university_id", "target_specialty_id", "unt_january_score", "unt_march_score", "unt_grant_1_score", "unt_grant_2_score") VALUES (469, 'Алешан Байкадам', '8000', '40303003', NULL, 8, 'active', NULL, NULL, NULL, NULL, NULL, NULL, NULL);
INSERT OR REPLACE INTO "students" ("id", "full_name", "phone", "parent_phone", "parent_name", "group_id", "status", "avatar_url", "target_university_id", "target_specialty_id", "unt_january_score", "unt_march_score", "unt_grant_1_score", "unt_grant_2_score") VALUES (470, 'Тимур Сухоносенко', '8000', '40303003', NULL, 8, 'active', NULL, NULL, NULL, NULL, NULL, NULL, NULL);
INSERT OR REPLACE INTO "students" ("id", "full_name", "phone", "parent_phone", "parent_name", "group_id", "status", "avatar_url", "target_university_id", "target_specialty_id", "unt_january_score", "unt_march_score", "unt_grant_1_score", "unt_grant_2_score") VALUES (471, 'Дмитрий Цой', '8000', '40303003', NULL, 8, 'active', NULL, NULL, NULL, NULL, NULL, NULL, NULL);
INSERT OR REPLACE INTO "students" ("id", "full_name", "phone", "parent_phone", "parent_name", "group_id", "status", "avatar_url", "target_university_id", "target_specialty_id", "unt_january_score", "unt_march_score", "unt_grant_1_score", "unt_grant_2_score") VALUES (472, 'Расул Дәрібек', '8000', '40303003', NULL, 8, 'active', NULL, NULL, NULL, NULL, NULL, NULL, NULL);
INSERT OR REPLACE INTO "students" ("id", "full_name", "phone", "parent_phone", "parent_name", "group_id", "status", "avatar_url", "target_university_id", "target_specialty_id", "unt_january_score", "unt_march_score", "unt_grant_1_score", "unt_grant_2_score") VALUES (473, 'Амира Дельманова', '8000', '40303003', NULL, 8, 'active', NULL, NULL, NULL, NULL, NULL, NULL, NULL);
INSERT OR REPLACE INTO "students" ("id", "full_name", "phone", "parent_phone", "parent_name", "group_id", "status", "avatar_url", "target_university_id", "target_specialty_id", "unt_january_score", "unt_march_score", "unt_grant_1_score", "unt_grant_2_score") VALUES (474, 'Адель Акишбаева', '8000', '40303003', NULL, 8, 'active', NULL, NULL, NULL, NULL, NULL, NULL, NULL);
INSERT OR REPLACE INTO "students" ("id", "full_name", "phone", "parent_phone", "parent_name", "group_id", "status", "avatar_url", "target_university_id", "target_specialty_id", "unt_january_score", "unt_march_score", "unt_grant_1_score", "unt_grant_2_score") VALUES (475, 'Аделя Орынбек', '8000', '40303003', NULL, 8, 'active', NULL, NULL, NULL, NULL, NULL, NULL, NULL);
INSERT OR REPLACE INTO "students" ("id", "full_name", "phone", "parent_phone", "parent_name", "group_id", "status", "avatar_url", "target_university_id", "target_specialty_id", "unt_january_score", "unt_march_score", "unt_grant_1_score", "unt_grant_2_score") VALUES (476, 'Малика Габдолла', '8000', '40303003', NULL, 9, 'active', NULL, NULL, NULL, NULL, NULL, NULL, NULL);
INSERT OR REPLACE INTO "students" ("id", "full_name", "phone", "parent_phone", "parent_name", "group_id", "status", "avatar_url", "target_university_id", "target_specialty_id", "unt_january_score", "unt_march_score", "unt_grant_1_score", "unt_grant_2_score") VALUES (477, 'Ариана Тумабаева', '8000', '40303003', NULL, 9, 'active', NULL, NULL, NULL, NULL, NULL, NULL, NULL);
INSERT OR REPLACE INTO "students" ("id", "full_name", "phone", "parent_phone", "parent_name", "group_id", "status", "avatar_url", "target_university_id", "target_specialty_id", "unt_january_score", "unt_march_score", "unt_grant_1_score", "unt_grant_2_score") VALUES (478, 'Алия Бельгубаева', '8000', '40303003', NULL, 9, 'active', NULL, NULL, NULL, NULL, NULL, NULL, NULL);
INSERT OR REPLACE INTO "students" ("id", "full_name", "phone", "parent_phone", "parent_name", "group_id", "status", "avatar_url", "target_university_id", "target_specialty_id", "unt_january_score", "unt_march_score", "unt_grant_1_score", "unt_grant_2_score") VALUES (479, 'Алина Умбетова', '8000', '40303003', NULL, 9, 'active', NULL, NULL, NULL, NULL, NULL, NULL, NULL);
INSERT OR REPLACE INTO "students" ("id", "full_name", "phone", "parent_phone", "parent_name", "group_id", "status", "avatar_url", "target_university_id", "target_specialty_id", "unt_january_score", "unt_march_score", "unt_grant_1_score", "unt_grant_2_score") VALUES (480, 'Айша Максот', '8000', '40303003', NULL, 9, 'active', NULL, NULL, NULL, NULL, NULL, NULL, NULL);
INSERT OR REPLACE INTO "students" ("id", "full_name", "phone", "parent_phone", "parent_name", "group_id", "status", "avatar_url", "target_university_id", "target_specialty_id", "unt_january_score", "unt_march_score", "unt_grant_1_score", "unt_grant_2_score") VALUES (481, 'Жангир Мукушев', '8000', '40303003', NULL, 9, 'active', NULL, NULL, NULL, NULL, NULL, NULL, NULL);
INSERT OR REPLACE INTO "students" ("id", "full_name", "phone", "parent_phone", "parent_name", "group_id", "status", "avatar_url", "target_university_id", "target_specialty_id", "unt_january_score", "unt_march_score", "unt_grant_1_score", "unt_grant_2_score") VALUES (482, 'Анель Аскатова', '8000', '40303003', NULL, 9, 'active', NULL, NULL, NULL, NULL, NULL, NULL, NULL);
INSERT OR REPLACE INTO "students" ("id", "full_name", "phone", "parent_phone", "parent_name", "group_id", "status", "avatar_url", "target_university_id", "target_specialty_id", "unt_january_score", "unt_march_score", "unt_grant_1_score", "unt_grant_2_score") VALUES (483, 'Рахат Карим', '8000', '40303003', NULL, 9, 'active', NULL, NULL, NULL, NULL, NULL, NULL, NULL);
INSERT OR REPLACE INTO "students" ("id", "full_name", "phone", "parent_phone", "parent_name", "group_id", "status", "avatar_url", "target_university_id", "target_specialty_id", "unt_january_score", "unt_march_score", "unt_grant_1_score", "unt_grant_2_score") VALUES (484, 'Санжар Керим', '8000', '40303003', NULL, 9, 'active', NULL, NULL, NULL, NULL, NULL, NULL, NULL);
INSERT OR REPLACE INTO "students" ("id", "full_name", "phone", "parent_phone", "parent_name", "group_id", "status", "avatar_url", "target_university_id", "target_specialty_id", "unt_january_score", "unt_march_score", "unt_grant_1_score", "unt_grant_2_score") VALUES (485, 'Алмас Бакытгелди', '8000', '40303003', NULL, 9, 'active', NULL, NULL, NULL, NULL, NULL, NULL, NULL);
INSERT OR REPLACE INTO "students" ("id", "full_name", "phone", "parent_phone", "parent_name", "group_id", "status", "avatar_url", "target_university_id", "target_specialty_id", "unt_january_score", "unt_march_score", "unt_grant_1_score", "unt_grant_2_score") VALUES (486, 'Раушан Бауржанова', '8000', '40303003', NULL, 10, 'active', NULL, NULL, NULL, NULL, NULL, NULL, NULL);
INSERT OR REPLACE INTO "students" ("id", "full_name", "phone", "parent_phone", "parent_name", "group_id", "status", "avatar_url", "target_university_id", "target_specialty_id", "unt_january_score", "unt_march_score", "unt_grant_1_score", "unt_grant_2_score") VALUES (487, 'Диас Баракаев', '8000', '40303003', NULL, 10, 'active', NULL, NULL, NULL, NULL, NULL, NULL, NULL);
INSERT OR REPLACE INTO "students" ("id", "full_name", "phone", "parent_phone", "parent_name", "group_id", "status", "avatar_url", "target_university_id", "target_specialty_id", "unt_january_score", "unt_march_score", "unt_grant_1_score", "unt_grant_2_score") VALUES (488, 'Аружан Малтаева', '8000', '40303003', NULL, 10, 'active', NULL, NULL, NULL, NULL, NULL, NULL, NULL);
INSERT OR REPLACE INTO "students" ("id", "full_name", "phone", "parent_phone", "parent_name", "group_id", "status", "avatar_url", "target_university_id", "target_specialty_id", "unt_january_score", "unt_march_score", "unt_grant_1_score", "unt_grant_2_score") VALUES (489, 'Нурай Сайлаубекова', '8000', '40303003', NULL, 10, 'active', NULL, NULL, NULL, NULL, NULL, NULL, NULL);
INSERT OR REPLACE INTO "students" ("id", "full_name", "phone", "parent_phone", "parent_name", "group_id", "status", "avatar_url", "target_university_id", "target_specialty_id", "unt_january_score", "unt_march_score", "unt_grant_1_score", "unt_grant_2_score") VALUES (490, 'Алихан Елимбетов', '8000', '40303003', NULL, 10, 'active', NULL, NULL, NULL, NULL, NULL, NULL, NULL);
INSERT OR REPLACE INTO "students" ("id", "full_name", "phone", "parent_phone", "parent_name", "group_id", "status", "avatar_url", "target_university_id", "target_specialty_id", "unt_january_score", "unt_march_score", "unt_grant_1_score", "unt_grant_2_score") VALUES (491, 'Уалихан Ратпеков', '8000', '40303003', NULL, 10, 'active', NULL, NULL, NULL, NULL, NULL, NULL, NULL);
INSERT OR REPLACE INTO "students" ("id", "full_name", "phone", "parent_phone", "parent_name", "group_id", "status", "avatar_url", "target_university_id", "target_specialty_id", "unt_january_score", "unt_march_score", "unt_grant_1_score", "unt_grant_2_score") VALUES (492, 'Камила Байкетаева', '8000', '40303003', NULL, 10, 'active', NULL, NULL, NULL, NULL, NULL, NULL, NULL);
INSERT OR REPLACE INTO "students" ("id", "full_name", "phone", "parent_phone", "parent_name", "group_id", "status", "avatar_url", "target_university_id", "target_specialty_id", "unt_january_score", "unt_march_score", "unt_grant_1_score", "unt_grant_2_score") VALUES (493, 'Расул Амиров', '8000', '40303003', NULL, 10, 'active', NULL, NULL, NULL, NULL, NULL, NULL, NULL);
INSERT OR REPLACE INTO "students" ("id", "full_name", "phone", "parent_phone", "parent_name", "group_id", "status", "avatar_url", "target_university_id", "target_specialty_id", "unt_january_score", "unt_march_score", "unt_grant_1_score", "unt_grant_2_score") VALUES (494, 'Алдияр Жадыраев', '8000', '40303003', NULL, 10, 'active', NULL, NULL, NULL, NULL, NULL, NULL, NULL);
INSERT OR REPLACE INTO "students" ("id", "full_name", "phone", "parent_phone", "parent_name", "group_id", "status", "avatar_url", "target_university_id", "target_specialty_id", "unt_january_score", "unt_march_score", "unt_grant_1_score", "unt_grant_2_score") VALUES (495, 'Амир Ерденбаев', '8000', '40303003', NULL, 10, 'active', NULL, NULL, NULL, NULL, NULL, NULL, NULL);
INSERT OR REPLACE INTO "students" ("id", "full_name", "phone", "parent_phone", "parent_name", "group_id", "status", "avatar_url", "target_university_id", "target_specialty_id", "unt_january_score", "unt_march_score", "unt_grant_1_score", "unt_grant_2_score") VALUES (496, 'Альмансур Марат', '8000', '40303003', NULL, 11, 'active', NULL, NULL, NULL, NULL, NULL, NULL, NULL);
INSERT OR REPLACE INTO "students" ("id", "full_name", "phone", "parent_phone", "parent_name", "group_id", "status", "avatar_url", "target_university_id", "target_specialty_id", "unt_january_score", "unt_march_score", "unt_grant_1_score", "unt_grant_2_score") VALUES (497, 'Акбар Калдыбай', '8000', '40303003', NULL, 11, 'active', NULL, NULL, NULL, NULL, NULL, NULL, NULL);
INSERT OR REPLACE INTO "students" ("id", "full_name", "phone", "parent_phone", "parent_name", "group_id", "status", "avatar_url", "target_university_id", "target_specialty_id", "unt_january_score", "unt_march_score", "unt_grant_1_score", "unt_grant_2_score") VALUES (498, 'Гани Сейтхан', '8000', '40303003', NULL, 11, 'active', NULL, NULL, NULL, NULL, NULL, NULL, NULL);
INSERT OR REPLACE INTO "students" ("id", "full_name", "phone", "parent_phone", "parent_name", "group_id", "status", "avatar_url", "target_university_id", "target_specialty_id", "unt_january_score", "unt_march_score", "unt_grant_1_score", "unt_grant_2_score") VALUES (499, 'Амина Солтанбекова', '8000', '40303003', NULL, 11, 'active', NULL, NULL, NULL, NULL, NULL, NULL, NULL);
INSERT OR REPLACE INTO "students" ("id", "full_name", "phone", "parent_phone", "parent_name", "group_id", "status", "avatar_url", "target_university_id", "target_specialty_id", "unt_january_score", "unt_march_score", "unt_grant_1_score", "unt_grant_2_score") VALUES (500, 'Санжар Мусрепов', '8000', '40303003', NULL, 11, 'active', NULL, NULL, NULL, NULL, NULL, NULL, NULL);
INSERT OR REPLACE INTO "students" ("id", "full_name", "phone", "parent_phone", "parent_name", "group_id", "status", "avatar_url", "target_university_id", "target_specialty_id", "unt_january_score", "unt_march_score", "unt_grant_1_score", "unt_grant_2_score") VALUES (501, 'Алиби Акун', '8000', '40303003', NULL, 11, 'active', NULL, NULL, NULL, NULL, NULL, NULL, NULL);
INSERT OR REPLACE INTO "students" ("id", "full_name", "phone", "parent_phone", "parent_name", "group_id", "status", "avatar_url", "target_university_id", "target_specialty_id", "unt_january_score", "unt_march_score", "unt_grant_1_score", "unt_grant_2_score") VALUES (502, 'Анель Кабиденова', '8000', '40303003', NULL, 11, 'active', NULL, NULL, NULL, NULL, NULL, NULL, NULL);
INSERT OR REPLACE INTO "students" ("id", "full_name", "phone", "parent_phone", "parent_name", "group_id", "status", "avatar_url", "target_university_id", "target_specialty_id", "unt_january_score", "unt_march_score", "unt_grant_1_score", "unt_grant_2_score") VALUES (503, 'Алиша Турганбаева', '8000', '40303003', NULL, 11, 'active', NULL, NULL, NULL, NULL, NULL, NULL, NULL);
INSERT OR REPLACE INTO "students" ("id", "full_name", "phone", "parent_phone", "parent_name", "group_id", "status", "avatar_url", "target_university_id", "target_specialty_id", "unt_january_score", "unt_march_score", "unt_grant_1_score", "unt_grant_2_score") VALUES (504, 'Альдияр Сайлаубек', '8000', '40303003', NULL, 11, 'active', NULL, NULL, NULL, NULL, NULL, NULL, NULL);

-- schedule: 36 rows
INSERT OR REPLACE INTO "schedule" ("id", "group_id", "subject_id", "teacher_id", "room_id", "time_slot_id", "cycle", "custom_label") VALUES (1, 7, 2, 2, 1, 1, 'PSP', NULL);
INSERT OR REPLACE INTO "schedule" ("id", "group_id", "subject_id", "teacher_id", "room_id", "time_slot_id", "cycle", "custom_label") VALUES (2, 8, 1, 3, 1, 1, 'PSP', NULL);
INSERT OR REPLACE INTO "schedule" ("id", "group_id", "subject_id", "teacher_id", "room_id", "time_slot_id", "cycle", "custom_label") VALUES (3, 12, 4, 1, 1, 1, 'PSP', NULL);
INSERT OR REPLACE INTO "schedule" ("id", "group_id", "subject_id", "teacher_id", "room_id", "time_slot_id", "cycle", "custom_label") VALUES (4, 2, 2, 7, 1, 1, 'PSP', NULL);
INSERT OR REPLACE INTO "schedule" ("id", "group_id", "subject_id", "teacher_id", "room_id", "time_slot_id", "cycle", "custom_label") VALUES (5, 11, 3, 5, 1, 1, 'PSP', NULL);
INSERT OR REPLACE INTO "schedule" ("id", "group_id", "subject_id", "teacher_id", "room_id", "time_slot_id", "cycle", "custom_label") VALUES (6, 10, 6, 9, 2, 1, 'PSP', NULL);
INSERT OR REPLACE INTO "schedule" ("id", "group_id", "subject_id", "teacher_id", "room_id", "time_slot_id", "cycle", "custom_label") VALUES (7, 9, 1, 4, 2, 1, 'PSP', NULL);
INSERT OR REPLACE INTO "schedule" ("id", "group_id", "subject_id", "teacher_id", "room_id", "time_slot_id", "cycle", "custom_label") VALUES (8, 6, 7, 10, 2, 1, 'PSP', NULL);
INSERT OR REPLACE INTO "schedule" ("id", "group_id", "subject_id", "teacher_id", "room_id", "time_slot_id", "cycle", "custom_label") VALUES (9, 7, 1, 3, 1, 2, 'PSP', NULL);
INSERT OR REPLACE INTO "schedule" ("id", "group_id", "subject_id", "teacher_id", "room_id", "time_slot_id", "cycle", "custom_label") VALUES (10, 8, 5, 6, 1, 2, 'PSP', NULL);
INSERT OR REPLACE INTO "schedule" ("id", "group_id", "subject_id", "teacher_id", "room_id", "time_slot_id", "cycle", "custom_label") VALUES (11, 12, 3, 7, 1, 2, 'PSP', NULL);
INSERT OR REPLACE INTO "schedule" ("id", "group_id", "subject_id", "teacher_id", "room_id", "time_slot_id", "cycle", "custom_label") VALUES (12, 2, 4, 1, 1, 2, 'PSP', NULL);
INSERT OR REPLACE INTO "schedule" ("id", "group_id", "subject_id", "teacher_id", "room_id", "time_slot_id", "cycle", "custom_label") VALUES (13, 11, 2, 2, 1, 2, 'PSP', NULL);
INSERT OR REPLACE INTO "schedule" ("id", "group_id", "subject_id", "teacher_id", "room_id", "time_slot_id", "cycle", "custom_label") VALUES (14, 10, 1, 3, 2, 2, 'PSP', NULL);
INSERT OR REPLACE INTO "schedule" ("id", "group_id", "subject_id", "teacher_id", "room_id", "time_slot_id", "cycle", "custom_label") VALUES (15, 9, 7, 10, 2, 2, 'PSP', NULL);
INSERT OR REPLACE INTO "schedule" ("id", "group_id", "subject_id", "teacher_id", "room_id", "time_slot_id", "cycle", "custom_label") VALUES (16, 6, 6, 9, 2, 2, 'PSP', NULL);
INSERT OR REPLACE INTO "schedule" ("id", "group_id", "subject_id", "teacher_id", "room_id", "time_slot_id", "cycle", "custom_label") VALUES (17, 7, 5, 6, 1, 3, 'PSP', NULL);
INSERT OR REPLACE INTO "schedule" ("id", "group_id", "subject_id", "teacher_id", "room_id", "time_slot_id", "cycle", "custom_label") VALUES (18, 8, 2, 7, 1, 3, 'PSP', NULL);
INSERT OR REPLACE INTO "schedule" ("id", "group_id", "subject_id", "teacher_id", "room_id", "time_slot_id", "cycle", "custom_label") VALUES (19, 12, 2, 2, 1, 3, 'PSP', NULL);
INSERT OR REPLACE INTO "schedule" ("id", "group_id", "subject_id", "teacher_id", "room_id", "time_slot_id", "cycle", "custom_label") VALUES (20, 2, 1, 3, 1, 3, 'PSP', NULL);
INSERT OR REPLACE INTO "schedule" ("id", "group_id", "subject_id", "teacher_id", "room_id", "time_slot_id", "cycle", "custom_label") VALUES (21, 11, 4, 1, 1, 3, 'PSP', NULL);
INSERT OR REPLACE INTO "schedule" ("id", "group_id", "subject_id", "teacher_id", "room_id", "time_slot_id", "cycle", "custom_label") VALUES (22, 10, 7, 10, 2, 3, 'PSP', NULL);
INSERT OR REPLACE INTO "schedule" ("id", "group_id", "subject_id", "teacher_id", "room_id", "time_slot_id", "cycle", "custom_label") VALUES (23, 9, 6, 9, 2, 3, 'PSP', NULL);
INSERT OR REPLACE INTO "schedule" ("id", "group_id", "subject_id", "teacher_id", "room_id", "time_slot_id", "cycle", "custom_label") VALUES (24, 6, 1, 4, 2, 3, 'PSP', NULL);
INSERT OR REPLACE INTO "schedule" ("id", "group_id", "subject_id", "teacher_id", "room_id", "time_slot_id", "cycle", "custom_label") VALUES (25, 5, 1, 3, 1, 1, 'VChS', NULL);
INSERT OR REPLACE INTO "schedule" ("id", "group_id", "subject_id", "teacher_id", "room_id", "time_slot_id", "cycle", "custom_label") VALUES (26, 4, 3, 7, 1, 1, 'VChS', NULL);
INSERT OR REPLACE INTO "schedule" ("id", "group_id", "subject_id", "teacher_id", "room_id", "time_slot_id", "cycle", "custom_label") VALUES (27, 1, 4, 1, 1, 1, 'VChS', NULL);
INSERT OR REPLACE INTO "schedule" ("id", "group_id", "subject_id", "teacher_id", "room_id", "time_slot_id", "cycle", "custom_label") VALUES (28, 3, 2, 2, 1, 1, 'VChS', NULL);
INSERT OR REPLACE INTO "schedule" ("id", "group_id", "subject_id", "teacher_id", "room_id", "time_slot_id", "cycle", "custom_label") VALUES (29, 5, 2, 5, 1, 2, 'VChS', NULL);
INSERT OR REPLACE INTO "schedule" ("id", "group_id", "subject_id", "teacher_id", "room_id", "time_slot_id", "cycle", "custom_label") VALUES (30, 4, 5, 6, 1, 2, 'VChS', NULL);
INSERT OR REPLACE INTO "schedule" ("id", "group_id", "subject_id", "teacher_id", "room_id", "time_slot_id", "cycle", "custom_label") VALUES (31, 1, 1, 3, 1, 2, 'VChS', NULL);
INSERT OR REPLACE INTO "schedule" ("id", "group_id", "subject_id", "teacher_id", "room_id", "time_slot_id", "cycle", "custom_label") VALUES (32, 3, 4, 1, 1, 2, 'VChS', NULL);
INSERT OR REPLACE INTO "schedule" ("id", "group_id", "subject_id", "teacher_id", "room_id", "time_slot_id", "cycle", "custom_label") VALUES (33, 5, 5, 6, 1, 3, 'VChS', NULL);
INSERT OR REPLACE INTO "schedule" ("id", "group_id", "subject_id", "teacher_id", "room_id", "time_slot_id", "cycle", "custom_label") VALUES (34, 4, 2, 7, 1, 3, 'VChS', NULL);
INSERT OR REPLACE INTO "schedule" ("id", "group_id", "subject_id", "teacher_id", "room_id", "time_slot_id", "cycle", "custom_label") VALUES (35, 1, 2, 5, 1, 3, 'VChS', NULL);
INSERT OR REPLACE INTO "schedule" ("id", "group_id", "subject_id", "teacher_id", "room_id", "time_slot_id", "cycle", "custom_label") VALUES (36, 3, 1, 3, 1, 3, 'VChS', NULL);

-- lessons: 2 rows
INSERT OR REPLACE INTO "lessons" ("id", "schedule_id", "date") VALUES (1, 28, '2026-04-04');
INSERT OR REPLACE INTO "lessons" ("id", "schedule_id", "date") VALUES (8, 3, '2026-04-06');

-- attendance: 17 rows
INSERT OR REPLACE INTO "attendance" ("id", "student_id", "lesson_id", "status", "lateness", "homework", "comment", "created_at") VALUES (1, 429, 1, 'present', 'on_time', 'done', NULL, '2026-04-04 12:33:24');
INSERT OR REPLACE INTO "attendance" ("id", "student_id", "lesson_id", "status", "lateness", "homework", "comment", "created_at") VALUES (2, 430, 1, 'present', 'on_time', 'done', NULL, '2026-04-04 12:33:24');
INSERT OR REPLACE INTO "attendance" ("id", "student_id", "lesson_id", "status", "lateness", "homework", "comment", "created_at") VALUES (3, 432, 1, 'present', 'on_time', 'done', NULL, '2026-04-04 12:33:24');
INSERT OR REPLACE INTO "attendance" ("id", "student_id", "lesson_id", "status", "lateness", "homework", "comment", "created_at") VALUES (4, 433, 1, 'present', 'on_time', 'done', NULL, '2026-04-04 12:33:24');
INSERT OR REPLACE INTO "attendance" ("id", "student_id", "lesson_id", "status", "lateness", "homework", "comment", "created_at") VALUES (5, 434, 1, 'present', 'on_time', 'done', NULL, '2026-04-04 12:33:24');
INSERT OR REPLACE INTO "attendance" ("id", "student_id", "lesson_id", "status", "lateness", "homework", "comment", "created_at") VALUES (6, 431, 1, 'present', 'on_time', 'done', NULL, '2026-04-04 12:33:24');
INSERT OR REPLACE INTO "attendance" ("id", "student_id", "lesson_id", "status", "lateness", "homework", "comment", "created_at") VALUES (7, 435, 1, 'present', 'on_time', 'done', NULL, '2026-04-04 12:33:24');
INSERT OR REPLACE INTO "attendance" ("id", "student_id", "lesson_id", "status", "lateness", "homework", "comment", "created_at") VALUES (8, 401, 8, 'present', 'on_time', 'done', NULL, '2026-04-06 07:51:53');
INSERT OR REPLACE INTO "attendance" ("id", "student_id", "lesson_id", "status", "lateness", "homework", "comment", "created_at") VALUES (9, 402, 8, 'present', 'on_time', 'done', NULL, '2026-04-06 07:51:53');
INSERT OR REPLACE INTO "attendance" ("id", "student_id", "lesson_id", "status", "lateness", "homework", "comment", "created_at") VALUES (10, 405, 8, 'present', 'on_time', 'done', NULL, '2026-04-06 07:51:53');
INSERT OR REPLACE INTO "attendance" ("id", "student_id", "lesson_id", "status", "lateness", "homework", "comment", "created_at") VALUES (11, 403, 8, 'present', 'on_time', 'done', NULL, '2026-04-06 07:51:53');
INSERT OR REPLACE INTO "attendance" ("id", "student_id", "lesson_id", "status", "lateness", "homework", "comment", "created_at") VALUES (12, 404, 8, 'present', 'on_time', 'done', NULL, '2026-04-06 07:51:53');
INSERT OR REPLACE INTO "attendance" ("id", "student_id", "lesson_id", "status", "lateness", "homework", "comment", "created_at") VALUES (13, 406, 8, 'present', 'on_time', 'done', NULL, '2026-04-06 07:51:53');
INSERT OR REPLACE INTO "attendance" ("id", "student_id", "lesson_id", "status", "lateness", "homework", "comment", "created_at") VALUES (14, 407, 8, 'present', 'on_time', 'done', NULL, '2026-04-06 07:51:53');
INSERT OR REPLACE INTO "attendance" ("id", "student_id", "lesson_id", "status", "lateness", "homework", "comment", "created_at") VALUES (15, 408, 8, 'present', 'on_time', 'not_done', NULL, '2026-04-06 07:51:53');
INSERT OR REPLACE INTO "attendance" ("id", "student_id", "lesson_id", "status", "lateness", "homework", "comment", "created_at") VALUES (16, 409, 8, 'present', 'on_time', 'done', 'Молодец, сдала зачет', '2026-04-06 07:51:53');
INSERT OR REPLACE INTO "attendance" ("id", "student_id", "lesson_id", "status", "lateness", "homework", "comment", "created_at") VALUES (17, 410, 8, 'absent', 'on_time', 'done', NULL, '2026-04-06 07:51:53');

-- ent_results: 2276 rows
INSERT OR REPLACE INTO "ent_results" ("id", "student_id", "subject_id", "score", "month", "created_at") VALUES (1, 401, 1, 10, '2025-09', '2026-04-06 07:37:45');
INSERT OR REPLACE INTO "ent_results" ("id", "student_id", "subject_id", "score", "month", "created_at") VALUES (2, 401, 8, 8, '2025-09', '2026-04-06 07:37:45');
INSERT OR REPLACE INTO "ent_results" ("id", "student_id", "subject_id", "score", "month", "created_at") VALUES (3, 401, 3, 7, '2025-09', '2026-04-06 07:37:45');
INSERT OR REPLACE INTO "ent_results" ("id", "student_id", "subject_id", "score", "month", "created_at") VALUES (4, 401, 2, 33, '2025-09', '2026-04-06 07:37:45');
INSERT OR REPLACE INTO "ent_results" ("id", "student_id", "subject_id", "score", "month", "created_at") VALUES (5, 401, 4, 35, '2025-09', '2026-04-06 07:37:45');
INSERT OR REPLACE INTO "ent_results" ("id", "student_id", "subject_id", "score", "month", "created_at") VALUES (6, 401, 1, 12, '2025-10', '2026-04-06 07:37:45');
INSERT OR REPLACE INTO "ent_results" ("id", "student_id", "subject_id", "score", "month", "created_at") VALUES (7, 401, 8, 9, '2025-10', '2026-04-06 07:37:45');
INSERT OR REPLACE INTO "ent_results" ("id", "student_id", "subject_id", "score", "month", "created_at") VALUES (8, 401, 3, 8, '2025-10', '2026-04-06 07:37:45');
INSERT OR REPLACE INTO "ent_results" ("id", "student_id", "subject_id", "score", "month", "created_at") VALUES (9, 401, 2, 34, '2025-10', '2026-04-06 07:37:45');
INSERT OR REPLACE INTO "ent_results" ("id", "student_id", "subject_id", "score", "month", "created_at") VALUES (10, 401, 4, 26, '2025-10', '2026-04-06 07:37:45');
INSERT OR REPLACE INTO "ent_results" ("id", "student_id", "subject_id", "score", "month", "created_at") VALUES (11, 401, 1, 14, '2025-11', '2026-04-06 07:37:45');
INSERT OR REPLACE INTO "ent_results" ("id", "student_id", "subject_id", "score", "month", "created_at") VALUES (12, 401, 8, 7, '2025-11', '2026-04-06 07:37:45');
INSERT OR REPLACE INTO "ent_results" ("id", "student_id", "subject_id", "score", "month", "created_at") VALUES (13, 401, 3, 8, '2025-11', '2026-04-06 07:37:45');
INSERT OR REPLACE INTO "ent_results" ("id", "student_id", "subject_id", "score", "month", "created_at") VALUES (14, 401, 2, 32, '2025-11', '2026-04-06 07:37:45');
INSERT OR REPLACE INTO "ent_results" ("id", "student_id", "subject_id", "score", "month", "created_at") VALUES (15, 401, 4, 31, '2025-11', '2026-04-06 07:37:45');
INSERT OR REPLACE INTO "ent_results" ("id", "student_id", "subject_id", "score", "month", "created_at") VALUES (16, 401, 1, 12, '2025-12', '2026-04-06 07:37:45');
INSERT OR REPLACE INTO "ent_results" ("id", "student_id", "subject_id", "score", "month", "created_at") VALUES (17, 401, 8, 10, '2025-12', '2026-04-06 07:37:45');
INSERT OR REPLACE INTO "ent_results" ("id", "student_id", "subject_id", "score", "month", "created_at") VALUES (18, 401, 3, 9, '2025-12', '2026-04-06 07:37:45');
INSERT OR REPLACE INTO "ent_results" ("id", "student_id", "subject_id", "score", "month", "created_at") VALUES (19, 401, 2, 39, '2025-12', '2026-04-06 07:37:45');
INSERT OR REPLACE INTO "ent_results" ("id", "student_id", "subject_id", "score", "month", "created_at") VALUES (20, 401, 4, 33, '2025-12', '2026-04-06 07:37:45');
INSERT OR REPLACE INTO "ent_results" ("id", "student_id", "subject_id", "score", "month", "created_at") VALUES (21, 401, 1, 10, '2026-01', '2026-04-06 07:37:45');
INSERT OR REPLACE INTO "ent_results" ("id", "student_id", "subject_id", "score", "month", "created_at") VALUES (22, 401, 8, 7, '2026-01', '2026-04-06 07:37:45');
INSERT OR REPLACE INTO "ent_results" ("id", "student_id", "subject_id", "score", "month", "created_at") VALUES (23, 401, 3, 10, '2026-01', '2026-04-06 07:37:45');
INSERT OR REPLACE INTO "ent_results" ("id", "student_id", "subject_id", "score", "month", "created_at") VALUES (24, 401, 2, 39, '2026-01', '2026-04-06 07:37:45');
INSERT OR REPLACE INTO "ent_results" ("id", "student_id", "subject_id", "score", "month", "created_at") VALUES (25, 401, 4, 33, '2026-01', '2026-04-06 07:37:45');
INSERT OR REPLACE INTO "ent_results" ("id", "student_id", "subject_id", "score", "month", "created_at") VALUES (26, 401, 1, 6, '2026-02', '2026-04-06 07:37:45');
INSERT OR REPLACE INTO "ent_results" ("id", "student_id", "subject_id", "score", "month", "created_at") VALUES (27, 401, 8, 10, '2026-02', '2026-04-06 07:37:45');
INSERT OR REPLACE INTO "ent_results" ("id", "student_id", "subject_id", "score", "month", "created_at") VALUES (28, 401, 3, 6, '2026-02', '2026-04-06 07:37:45');
INSERT OR REPLACE INTO "ent_results" ("id", "student_id", "subject_id", "score", "month", "created_at") VALUES (29, 401, 2, 37, '2026-02', '2026-04-06 07:37:45');
INSERT OR REPLACE INTO "ent_results" ("id", "student_id", "subject_id", "score", "month", "created_at") VALUES (30, 401, 4, 38, '2026-02', '2026-04-06 07:37:45');
INSERT OR REPLACE INTO "ent_results" ("id", "student_id", "subject_id", "score", "month", "created_at") VALUES (31, 402, 1, 10, '2025-09', '2026-04-06 07:37:45');
INSERT OR REPLACE INTO "ent_results" ("id", "student_id", "subject_id", "score", "month", "created_at") VALUES (32, 402, 8, 8, '2025-09', '2026-04-06 07:37:45');
INSERT OR REPLACE INTO "ent_results" ("id", "student_id", "subject_id", "score", "month", "created_at") VALUES (33, 402, 3, 8, '2025-09', '2026-04-06 07:37:45');
INSERT OR REPLACE INTO "ent_results" ("id", "student_id", "subject_id", "score", "month", "created_at") VALUES (34, 402, 2, 26, '2025-09', '2026-04-06 07:37:45');
INSERT OR REPLACE INTO "ent_results" ("id", "student_id", "subject_id", "score", "month", "created_at") VALUES (35, 402, 4, 40, '2025-09', '2026-04-06 07:37:45');
INSERT OR REPLACE INTO "ent_results" ("id", "student_id", "subject_id", "score", "month", "created_at") VALUES (36, 402, 1, 7, '2025-10', '2026-04-06 07:37:45');
INSERT OR REPLACE INTO "ent_results" ("id", "student_id", "subject_id", "score", "month", "created_at") VALUES (37, 402, 8, 8, '2025-10', '2026-04-06 07:37:45');
INSERT OR REPLACE INTO "ent_results" ("id", "student_id", "subject_id", "score", "month", "created_at") VALUES (38, 402, 3, 10, '2025-10', '2026-04-06 07:37:45');
INSERT OR REPLACE INTO "ent_results" ("id", "student_id", "subject_id", "score", "month", "created_at") VALUES (39, 402, 2, 35, '2025-10', '2026-04-06 07:37:45');
INSERT OR REPLACE INTO "ent_results" ("id", "student_id", "subject_id", "score", "month", "created_at") VALUES (40, 402, 4, 38, '2025-10', '2026-04-06 07:37:45');
INSERT OR REPLACE INTO "ent_results" ("id", "student_id", "subject_id", "score", "month", "created_at") VALUES (41, 402, 1, 14, '2025-11', '2026-04-06 07:37:45');
INSERT OR REPLACE INTO "ent_results" ("id", "student_id", "subject_id", "score", "month", "created_at") VALUES (42, 402, 8, 10, '2025-11', '2026-04-06 07:37:45');
INSERT OR REPLACE INTO "ent_results" ("id", "student_id", "subject_id", "score", "month", "created_at") VALUES (43, 402, 3, 8, '2025-11', '2026-04-06 07:37:45');
INSERT OR REPLACE INTO "ent_results" ("id", "student_id", "subject_id", "score", "month", "created_at") VALUES (44, 402, 2, 43, '2025-11', '2026-04-06 07:37:45');
INSERT OR REPLACE INTO "ent_results" ("id", "student_id", "subject_id", "score", "month", "created_at") VALUES (45, 402, 4, 29, '2025-11', '2026-04-06 07:37:45');
INSERT OR REPLACE INTO "ent_results" ("id", "student_id", "subject_id", "score", "month", "created_at") VALUES (46, 402, 1, 11, '2025-12', '2026-04-06 07:37:45');
INSERT OR REPLACE INTO "ent_results" ("id", "student_id", "subject_id", "score", "month", "created_at") VALUES (47, 402, 8, 8, '2025-12', '2026-04-06 07:37:45');
INSERT OR REPLACE INTO "ent_results" ("id", "student_id", "subject_id", "score", "month", "created_at") VALUES (48, 402, 3, 10, '2025-12', '2026-04-06 07:37:45');
INSERT OR REPLACE INTO "ent_results" ("id", "student_id", "subject_id", "score", "month", "created_at") VALUES (49, 402, 2, 41, '2025-12', '2026-04-06 07:37:45');
INSERT OR REPLACE INTO "ent_results" ("id", "student_id", "subject_id", "score", "month", "created_at") VALUES (50, 402, 4, 46, '2025-12', '2026-04-06 07:37:45');
INSERT OR REPLACE INTO "ent_results" ("id", "student_id", "subject_id", "score", "month", "created_at") VALUES (51, 402, 1, 12, '2026-01', '2026-04-06 07:37:45');
INSERT OR REPLACE INTO "ent_results" ("id", "student_id", "subject_id", "score", "month", "created_at") VALUES (52, 402, 8, 9, '2026-01', '2026-04-06 07:37:45');
INSERT OR REPLACE INTO "ent_results" ("id", "student_id", "subject_id", "score", "month", "created_at") VALUES (53, 402, 3, 9, '2026-01', '2026-04-06 07:37:45');
INSERT OR REPLACE INTO "ent_results" ("id", "student_id", "subject_id", "score", "month", "created_at") VALUES (54, 402, 2, 38, '2026-01', '2026-04-06 07:37:45');
INSERT OR REPLACE INTO "ent_results" ("id", "student_id", "subject_id", "score", "month", "created_at") VALUES (55, 402, 4, 36, '2026-01', '2026-04-06 07:37:45');
INSERT OR REPLACE INTO "ent_results" ("id", "student_id", "subject_id", "score", "month", "created_at") VALUES (56, 402, 1, 13, '2026-02', '2026-04-06 07:37:45');
INSERT OR REPLACE INTO "ent_results" ("id", "student_id", "subject_id", "score", "month", "created_at") VALUES (57, 402, 8, 9, '2026-02', '2026-04-06 07:37:45');
INSERT OR REPLACE INTO "ent_results" ("id", "student_id", "subject_id", "score", "month", "created_at") VALUES (58, 402, 3, 7, '2026-02', '2026-04-06 07:37:45');
INSERT OR REPLACE INTO "ent_results" ("id", "student_id", "subject_id", "score", "month", "created_at") VALUES (59, 402, 2, 34, '2026-02', '2026-04-06 07:37:45');
INSERT OR REPLACE INTO "ent_results" ("id", "student_id", "subject_id", "score", "month", "created_at") VALUES (60, 402, 4, 42, '2026-02', '2026-04-06 07:37:45');
INSERT OR REPLACE INTO "ent_results" ("id", "student_id", "subject_id", "score", "month", "created_at") VALUES (61, 403, 1, 8, '2025-09', '2026-04-06 07:37:45');
INSERT OR REPLACE INTO "ent_results" ("id", "student_id", "subject_id", "score", "month", "created_at") VALUES (62, 403, 8, 9, '2025-09', '2026-04-06 07:37:45');
INSERT OR REPLACE INTO "ent_results" ("id", "student_id", "subject_id", "score", "month", "created_at") VALUES (63, 403, 3, 10, '2025-09', '2026-04-06 07:37:45');
INSERT OR REPLACE INTO "ent_results" ("id", "student_id", "subject_id", "score", "month", "created_at") VALUES (64, 403, 2, 27, '2025-09', '2026-04-06 07:37:45');
INSERT OR REPLACE INTO "ent_results" ("id", "student_id", "subject_id", "score", "month", "created_at") VALUES (65, 403, 4, 37, '2025-09', '2026-04-06 07:37:45');
INSERT OR REPLACE INTO "ent_results" ("id", "student_id", "subject_id", "score", "month", "created_at") VALUES (66, 403, 1, 8, '2025-10', '2026-04-06 07:37:45');
INSERT OR REPLACE INTO "ent_results" ("id", "student_id", "subject_id", "score", "month", "created_at") VALUES (67, 403, 8, 10, '2025-10', '2026-04-06 07:37:45');
INSERT OR REPLACE INTO "ent_results" ("id", "student_id", "subject_id", "score", "month", "created_at") VALUES (68, 403, 3, 8, '2025-10', '2026-04-06 07:37:45');
INSERT OR REPLACE INTO "ent_results" ("id", "student_id", "subject_id", "score", "month", "created_at") VALUES (69, 403, 2, 33, '2025-10', '2026-04-06 07:37:45');
INSERT OR REPLACE INTO "ent_results" ("id", "student_id", "subject_id", "score", "month", "created_at") VALUES (70, 403, 4, 32, '2025-10', '2026-04-06 07:37:45');
INSERT OR REPLACE INTO "ent_results" ("id", "student_id", "subject_id", "score", "month", "created_at") VALUES (71, 403, 1, 10, '2025-11', '2026-04-06 07:37:45');
INSERT OR REPLACE INTO "ent_results" ("id", "student_id", "subject_id", "score", "month", "created_at") VALUES (72, 403, 8, 8, '2025-11', '2026-04-06 07:37:45');
INSERT OR REPLACE INTO "ent_results" ("id", "student_id", "subject_id", "score", "month", "created_at") VALUES (73, 403, 3, 8, '2025-11', '2026-04-06 07:37:45');
INSERT OR REPLACE INTO "ent_results" ("id", "student_id", "subject_id", "score", "month", "created_at") VALUES (74, 403, 2, 25, '2025-11', '2026-04-06 07:37:45');
INSERT OR REPLACE INTO "ent_results" ("id", "student_id", "subject_id", "score", "month", "created_at") VALUES (75, 403, 4, 31, '2025-11', '2026-04-06 07:37:45');
INSERT OR REPLACE INTO "ent_results" ("id", "student_id", "subject_id", "score", "month", "created_at") VALUES (76, 403, 1, 8, '2025-12', '2026-04-06 07:37:45');
INSERT OR REPLACE INTO "ent_results" ("id", "student_id", "subject_id", "score", "month", "created_at") VALUES (77, 403, 8, 8, '2025-12', '2026-04-06 07:37:45');
INSERT OR REPLACE INTO "ent_results" ("id", "student_id", "subject_id", "score", "month", "created_at") VALUES (78, 403, 3, 9, '2025-12', '2026-04-06 07:37:45');
INSERT OR REPLACE INTO "ent_results" ("id", "student_id", "subject_id", "score", "month", "created_at") VALUES (79, 403, 2, 39, '2025-12', '2026-04-06 07:37:45');
INSERT OR REPLACE INTO "ent_results" ("id", "student_id", "subject_id", "score", "month", "created_at") VALUES (80, 403, 4, 39, '2025-12', '2026-04-06 07:37:45');
INSERT OR REPLACE INTO "ent_results" ("id", "student_id", "subject_id", "score", "month", "created_at") VALUES (81, 403, 1, 13, '2026-01', '2026-04-06 07:37:45');
INSERT OR REPLACE INTO "ent_results" ("id", "student_id", "subject_id", "score", "month", "created_at") VALUES (82, 403, 8, 9, '2026-01', '2026-04-06 07:37:45');
INSERT OR REPLACE INTO "ent_results" ("id", "student_id", "subject_id", "score", "month", "created_at") VALUES (83, 403, 3, 10, '2026-01', '2026-04-06 07:37:45');
INSERT OR REPLACE INTO "ent_results" ("id", "student_id", "subject_id", "score", "month", "created_at") VALUES (84, 403, 2, 31, '2026-01', '2026-04-06 07:37:45');
INSERT OR REPLACE INTO "ent_results" ("id", "student_id", "subject_id", "score", "month", "created_at") VALUES (85, 403, 4, 30, '2026-01', '2026-04-06 07:37:45');
INSERT OR REPLACE INTO "ent_results" ("id", "student_id", "subject_id", "score", "month", "created_at") VALUES (86, 403, 1, 8, '2026-02', '2026-04-06 07:37:45');
INSERT OR REPLACE INTO "ent_results" ("id", "student_id", "subject_id", "score", "month", "created_at") VALUES (87, 403, 8, 8, '2026-02', '2026-04-06 07:37:45');
INSERT OR REPLACE INTO "ent_results" ("id", "student_id", "subject_id", "score", "month", "created_at") VALUES (88, 403, 3, 8, '2026-02', '2026-04-06 07:37:45');
INSERT OR REPLACE INTO "ent_results" ("id", "student_id", "subject_id", "score", "month", "created_at") VALUES (89, 403, 2, 35, '2026-02', '2026-04-06 07:37:45');
INSERT OR REPLACE INTO "ent_results" ("id", "student_id", "subject_id", "score", "month", "created_at") VALUES (90, 403, 4, 44, '2026-02', '2026-04-06 07:37:45');
INSERT OR REPLACE INTO "ent_results" ("id", "student_id", "subject_id", "score", "month", "created_at") VALUES (91, 404, 1, 6, '2025-09', '2026-04-06 07:37:45');
INSERT OR REPLACE INTO "ent_results" ("id", "student_id", "subject_id", "score", "month", "created_at") VALUES (92, 404, 8, 8, '2025-09', '2026-04-06 07:37:45');
INSERT OR REPLACE INTO "ent_results" ("id", "student_id", "subject_id", "score", "month", "created_at") VALUES (93, 404, 3, 6, '2025-09', '2026-04-06 07:37:45');
INSERT OR REPLACE INTO "ent_results" ("id", "student_id", "subject_id", "score", "month", "created_at") VALUES (94, 404, 2, 22, '2025-09', '2026-04-06 07:37:45');
INSERT OR REPLACE INTO "ent_results" ("id", "student_id", "subject_id", "score", "month", "created_at") VALUES (95, 404, 4, 25, '2025-09', '2026-04-06 07:37:45');
INSERT OR REPLACE INTO "ent_results" ("id", "student_id", "subject_id", "score", "month", "created_at") VALUES (96, 404, 1, 9, '2025-10', '2026-04-06 07:37:45');
INSERT OR REPLACE INTO "ent_results" ("id", "student_id", "subject_id", "score", "month", "created_at") VALUES (97, 404, 8, 9, '2025-10', '2026-04-06 07:37:45');
INSERT OR REPLACE INTO "ent_results" ("id", "student_id", "subject_id", "score", "month", "created_at") VALUES (98, 404, 3, 5, '2025-10', '2026-04-06 07:37:45');
INSERT OR REPLACE INTO "ent_results" ("id", "student_id", "subject_id", "score", "month", "created_at") VALUES (99, 404, 2, 23, '2025-10', '2026-04-06 07:37:45');
INSERT OR REPLACE INTO "ent_results" ("id", "student_id", "subject_id", "score", "month", "created_at") VALUES (100, 404, 4, 23, '2025-10', '2026-04-06 07:37:45');
INSERT OR REPLACE INTO "ent_results" ("id", "student_id", "subject_id", "score", "month", "created_at") VALUES (101, 404, 1, 8, '2025-11', '2026-04-06 07:37:45');
INSERT OR REPLACE INTO "ent_results" ("id", "student_id", "subject_id", "score", "month", "created_at") VALUES (102, 404, 8, 4, '2025-11', '2026-04-06 07:37:45');
INSERT OR REPLACE INTO "ent_results" ("id", "student_id", "subject_id", "score", "month", "created_at") VALUES (103, 404, 3, 8, '2025-11', '2026-04-06 07:37:45');
INSERT OR REPLACE INTO "ent_results" ("id", "student_id", "subject_id", "score", "month", "created_at") VALUES (104, 404, 2, 21, '2025-11', '2026-04-06 07:37:45');
INSERT OR REPLACE INTO "ent_results" ("id", "student_id", "subject_id", "score", "month", "created_at") VALUES (105, 404, 4, 21, '2025-11', '2026-04-06 07:37:45');
INSERT OR REPLACE INTO "ent_results" ("id", "student_id", "subject_id", "score", "month", "created_at") VALUES (106, 404, 1, 10, '2025-12', '2026-04-06 07:37:45');
INSERT OR REPLACE INTO "ent_results" ("id", "student_id", "subject_id", "score", "month", "created_at") VALUES (107, 404, 8, 5, '2025-12', '2026-04-06 07:37:45');
INSERT OR REPLACE INTO "ent_results" ("id", "student_id", "subject_id", "score", "month", "created_at") VALUES (108, 404, 3, 10, '2025-12', '2026-04-06 07:37:45');
INSERT OR REPLACE INTO "ent_results" ("id", "student_id", "subject_id", "score", "month", "created_at") VALUES (109, 404, 2, 26, '2025-12', '2026-04-06 07:37:45');
INSERT OR REPLACE INTO "ent_results" ("id", "student_id", "subject_id", "score", "month", "created_at") VALUES (110, 404, 4, 31, '2025-12', '2026-04-06 07:37:45');
INSERT OR REPLACE INTO "ent_results" ("id", "student_id", "subject_id", "score", "month", "created_at") VALUES (111, 404, 1, 7, '2026-01', '2026-04-06 07:37:45');
INSERT OR REPLACE INTO "ent_results" ("id", "student_id", "subject_id", "score", "month", "created_at") VALUES (112, 404, 8, 10, '2026-01', '2026-04-06 07:37:45');
INSERT OR REPLACE INTO "ent_results" ("id", "student_id", "subject_id", "score", "month", "created_at") VALUES (113, 404, 3, 10, '2026-01', '2026-04-06 07:37:45');
INSERT OR REPLACE INTO "ent_results" ("id", "student_id", "subject_id", "score", "month", "created_at") VALUES (114, 404, 2, 29, '2026-01', '2026-04-06 07:37:45');
INSERT OR REPLACE INTO "ent_results" ("id", "student_id", "subject_id", "score", "month", "created_at") VALUES (115, 404, 4, 23, '2026-01', '2026-04-06 07:37:45');
INSERT OR REPLACE INTO "ent_results" ("id", "student_id", "subject_id", "score", "month", "created_at") VALUES (116, 404, 1, 7, '2026-02', '2026-04-06 07:37:45');
INSERT OR REPLACE INTO "ent_results" ("id", "student_id", "subject_id", "score", "month", "created_at") VALUES (117, 404, 8, 9, '2026-02', '2026-04-06 07:37:45');
INSERT OR REPLACE INTO "ent_results" ("id", "student_id", "subject_id", "score", "month", "created_at") VALUES (118, 404, 3, 4, '2026-02', '2026-04-06 07:37:45');
INSERT OR REPLACE INTO "ent_results" ("id", "student_id", "subject_id", "score", "month", "created_at") VALUES (119, 404, 2, 31, '2026-02', '2026-04-06 07:37:45');
INSERT OR REPLACE INTO "ent_results" ("id", "student_id", "subject_id", "score", "month", "created_at") VALUES (120, 404, 4, 38, '2026-02', '2026-04-06 07:37:45');
INSERT OR REPLACE INTO "ent_results" ("id", "student_id", "subject_id", "score", "month", "created_at") VALUES (121, 405, 1, 7, '2025-09', '2026-04-06 07:37:45');
INSERT OR REPLACE INTO "ent_results" ("id", "student_id", "subject_id", "score", "month", "created_at") VALUES (122, 405, 8, 9, '2025-09', '2026-04-06 07:37:45');
INSERT OR REPLACE INTO "ent_results" ("id", "student_id", "subject_id", "score", "month", "created_at") VALUES (123, 405, 3, 6, '2025-09', '2026-04-06 07:37:45');
INSERT OR REPLACE INTO "ent_results" ("id", "student_id", "subject_id", "score", "month", "created_at") VALUES (124, 405, 2, 23, '2025-09', '2026-04-06 07:37:45');
INSERT OR REPLACE INTO "ent_results" ("id", "student_id", "subject_id", "score", "month", "created_at") VALUES (125, 405, 4, 30, '2025-09', '2026-04-06 07:37:45');
INSERT OR REPLACE INTO "ent_results" ("id", "student_id", "subject_id", "score", "month", "created_at") VALUES (126, 405, 1, 11, '2025-10', '2026-04-06 07:37:45');
INSERT OR REPLACE INTO "ent_results" ("id", "student_id", "subject_id", "score", "month", "created_at") VALUES (127, 405, 8, 10, '2025-10', '2026-04-06 07:37:45');
INSERT OR REPLACE INTO "ent_results" ("id", "student_id", "subject_id", "score", "month", "created_at") VALUES (128, 405, 3, 8, '2025-10', '2026-04-06 07:37:45');
INSERT OR REPLACE INTO "ent_results" ("id", "student_id", "subject_id", "score", "month", "created_at") VALUES (129, 405, 2, 27, '2025-10', '2026-04-06 07:37:45');
INSERT OR REPLACE INTO "ent_results" ("id", "student_id", "subject_id", "score", "month", "created_at") VALUES (130, 405, 4, 25, '2025-10', '2026-04-06 07:37:45');
INSERT OR REPLACE INTO "ent_results" ("id", "student_id", "subject_id", "score", "month", "created_at") VALUES (131, 405, 1, 11, '2025-11', '2026-04-06 07:37:45');
INSERT OR REPLACE INTO "ent_results" ("id", "student_id", "subject_id", "score", "month", "created_at") VALUES (132, 405, 8, 9, '2025-11', '2026-04-06 07:37:45');
INSERT OR REPLACE INTO "ent_results" ("id", "student_id", "subject_id", "score", "month", "created_at") VALUES (133, 405, 3, 6, '2025-11', '2026-04-06 07:37:45');
INSERT OR REPLACE INTO "ent_results" ("id", "student_id", "subject_id", "score", "month", "created_at") VALUES (134, 405, 2, 22, '2025-11', '2026-04-06 07:37:45');
INSERT OR REPLACE INTO "ent_results" ("id", "student_id", "subject_id", "score", "month", "created_at") VALUES (135, 405, 4, 26, '2025-11', '2026-04-06 07:37:45');
INSERT OR REPLACE INTO "ent_results" ("id", "student_id", "subject_id", "score", "month", "created_at") VALUES (136, 405, 1, 14, '2025-12', '2026-04-06 07:37:45');
INSERT OR REPLACE INTO "ent_results" ("id", "student_id", "subject_id", "score", "month", "created_at") VALUES (137, 405, 8, 8, '2025-12', '2026-04-06 07:37:45');
INSERT OR REPLACE INTO "ent_results" ("id", "student_id", "subject_id", "score", "month", "created_at") VALUES (138, 405, 3, 8, '2025-12', '2026-04-06 07:37:45');
INSERT OR REPLACE INTO "ent_results" ("id", "student_id", "subject_id", "score", "month", "created_at") VALUES (139, 405, 2, 21, '2025-12', '2026-04-06 07:37:45');
INSERT OR REPLACE INTO "ent_results" ("id", "student_id", "subject_id", "score", "month", "created_at") VALUES (140, 405, 4, 35, '2025-12', '2026-04-06 07:37:45');
INSERT OR REPLACE INTO "ent_results" ("id", "student_id", "subject_id", "score", "month", "created_at") VALUES (141, 405, 1, 11, '2026-01', '2026-04-06 07:37:45');
INSERT OR REPLACE INTO "ent_results" ("id", "student_id", "subject_id", "score", "month", "created_at") VALUES (142, 405, 8, 8, '2026-01', '2026-04-06 07:37:45');
INSERT OR REPLACE INTO "ent_results" ("id", "student_id", "subject_id", "score", "month", "created_at") VALUES (143, 405, 3, 8, '2026-01', '2026-04-06 07:37:45');
INSERT OR REPLACE INTO "ent_results" ("id", "student_id", "subject_id", "score", "month", "created_at") VALUES (144, 405, 2, 26, '2026-01', '2026-04-06 07:37:45');
INSERT OR REPLACE INTO "ent_results" ("id", "student_id", "subject_id", "score", "month", "created_at") VALUES (145, 405, 4, 27, '2026-01', '2026-04-06 07:37:45');
INSERT OR REPLACE INTO "ent_results" ("id", "student_id", "subject_id", "score", "month", "created_at") VALUES (146, 405, 1, 5, '2026-02', '2026-04-06 07:37:45');
INSERT OR REPLACE INTO "ent_results" ("id", "student_id", "subject_id", "score", "month", "created_at") VALUES (147, 405, 8, 7, '2026-02', '2026-04-06 07:37:45');
INSERT OR REPLACE INTO "ent_results" ("id", "student_id", "subject_id", "score", "month", "created_at") VALUES (148, 405, 3, 6, '2026-02', '2026-04-06 07:37:45');
INSERT OR REPLACE INTO "ent_results" ("id", "student_id", "subject_id", "score", "month", "created_at") VALUES (149, 405, 2, 24, '2026-02', '2026-04-06 07:37:45');
INSERT OR REPLACE INTO "ent_results" ("id", "student_id", "subject_id", "score", "month", "created_at") VALUES (150, 405, 4, 39, '2026-02', '2026-04-06 07:37:45');
INSERT OR REPLACE INTO "ent_results" ("id", "student_id", "subject_id", "score", "month", "created_at") VALUES (151, 406, 1, 11, '2025-09', '2026-04-06 07:37:45');
INSERT OR REPLACE INTO "ent_results" ("id", "student_id", "subject_id", "score", "month", "created_at") VALUES (152, 406, 8, 8, '2025-09', '2026-04-06 07:37:45');
INSERT OR REPLACE INTO "ent_results" ("id", "student_id", "subject_id", "score", "month", "created_at") VALUES (153, 406, 3, 6, '2025-09', '2026-04-06 07:37:45');
INSERT OR REPLACE INTO "ent_results" ("id", "student_id", "subject_id", "score", "month", "created_at") VALUES (154, 406, 2, 16, '2025-09', '2026-04-06 07:37:45');
INSERT OR REPLACE INTO "ent_results" ("id", "student_id", "subject_id", "score", "month", "created_at") VALUES (155, 406, 4, 36, '2025-09', '2026-04-06 07:37:45');
INSERT OR REPLACE INTO "ent_results" ("id", "student_id", "subject_id", "score", "month", "created_at") VALUES (156, 406, 1, 12, '2025-10', '2026-04-06 07:37:45');
INSERT OR REPLACE INTO "ent_results" ("id", "student_id", "subject_id", "score", "month", "created_at") VALUES (157, 406, 8, 7, '2025-10', '2026-04-06 07:37:45');
INSERT OR REPLACE INTO "ent_results" ("id", "student_id", "subject_id", "score", "month", "created_at") VALUES (158, 406, 3, 8, '2025-10', '2026-04-06 07:37:45');
INSERT OR REPLACE INTO "ent_results" ("id", "student_id", "subject_id", "score", "month", "created_at") VALUES (159, 406, 2, 28, '2025-10', '2026-04-06 07:37:45');
INSERT OR REPLACE INTO "ent_results" ("id", "student_id", "subject_id", "score", "month", "created_at") VALUES (160, 406, 4, 31, '2025-10', '2026-04-06 07:37:45');
INSERT OR REPLACE INTO "ent_results" ("id", "student_id", "subject_id", "score", "month", "created_at") VALUES (161, 406, 1, 15, '2025-11', '2026-04-06 07:37:45');
INSERT OR REPLACE INTO "ent_results" ("id", "student_id", "subject_id", "score", "month", "created_at") VALUES (162, 406, 8, 5, '2025-11', '2026-04-06 07:37:45');
INSERT OR REPLACE INTO "ent_results" ("id", "student_id", "subject_id", "score", "month", "created_at") VALUES (163, 406, 3, 7, '2025-11', '2026-04-06 07:37:45');
INSERT OR REPLACE INTO "ent_results" ("id", "student_id", "subject_id", "score", "month", "created_at") VALUES (164, 406, 2, 21, '2025-11', '2026-04-06 07:37:45');
INSERT OR REPLACE INTO "ent_results" ("id", "student_id", "subject_id", "score", "month", "created_at") VALUES (165, 406, 4, 40, '2025-11', '2026-04-06 07:37:45');
INSERT OR REPLACE INTO "ent_results" ("id", "student_id", "subject_id", "score", "month", "created_at") VALUES (166, 406, 1, 14, '2025-12', '2026-04-06 07:37:45');
INSERT OR REPLACE INTO "ent_results" ("id", "student_id", "subject_id", "score", "month", "created_at") VALUES (167, 406, 8, 9, '2025-12', '2026-04-06 07:37:45');
INSERT OR REPLACE INTO "ent_results" ("id", "student_id", "subject_id", "score", "month", "created_at") VALUES (168, 406, 3, 7, '2025-12', '2026-04-06 07:37:45');
INSERT OR REPLACE INTO "ent_results" ("id", "student_id", "subject_id", "score", "month", "created_at") VALUES (169, 406, 2, 20, '2025-12', '2026-04-06 07:37:45');
INSERT OR REPLACE INTO "ent_results" ("id", "student_id", "subject_id", "score", "month", "created_at") VALUES (170, 406, 4, 30, '2025-12', '2026-04-06 07:37:45');
INSERT OR REPLACE INTO "ent_results" ("id", "student_id", "subject_id", "score", "month", "created_at") VALUES (171, 406, 1, 18, '2026-01', '2026-04-06 07:37:45');
INSERT OR REPLACE INTO "ent_results" ("id", "student_id", "subject_id", "score", "month", "created_at") VALUES (172, 406, 8, 7, '2026-01', '2026-04-06 07:37:45');
INSERT OR REPLACE INTO "ent_results" ("id", "student_id", "subject_id", "score", "month", "created_at") VALUES (173, 406, 3, 5, '2026-01', '2026-04-06 07:37:45');
INSERT OR REPLACE INTO "ent_results" ("id", "student_id", "subject_id", "score", "month", "created_at") VALUES (174, 406, 2, 16, '2026-01', '2026-04-06 07:37:45');
INSERT OR REPLACE INTO "ent_results" ("id", "student_id", "subject_id", "score", "month", "created_at") VALUES (175, 406, 4, 30, '2026-01', '2026-04-06 07:37:45');
INSERT OR REPLACE INTO "ent_results" ("id", "student_id", "subject_id", "score", "month", "created_at") VALUES (176, 406, 1, 9, '2026-02', '2026-04-06 07:37:45');
INSERT OR REPLACE INTO "ent_results" ("id", "student_id", "subject_id", "score", "month", "created_at") VALUES (177, 406, 8, 9, '2026-02', '2026-04-06 07:37:45');
INSERT OR REPLACE INTO "ent_results" ("id", "student_id", "subject_id", "score", "month", "created_at") VALUES (178, 406, 3, 4, '2026-02', '2026-04-06 07:37:45');
INSERT OR REPLACE INTO "ent_results" ("id", "student_id", "subject_id", "score", "month", "created_at") VALUES (179, 406, 2, 17, '2026-02', '2026-04-06 07:37:45');
INSERT OR REPLACE INTO "ent_results" ("id", "student_id", "subject_id", "score", "month", "created_at") VALUES (180, 406, 4, 37, '2026-02', '2026-04-06 07:37:45');
INSERT OR REPLACE INTO "ent_results" ("id", "student_id", "subject_id", "score", "month", "created_at") VALUES (181, 407, 1, 9, '2025-09', '2026-04-06 07:37:45');
INSERT OR REPLACE INTO "ent_results" ("id", "student_id", "subject_id", "score", "month", "created_at") VALUES (182, 407, 8, 8, '2025-09', '2026-04-06 07:37:45');
INSERT OR REPLACE INTO "ent_results" ("id", "student_id", "subject_id", "score", "month", "created_at") VALUES (183, 407, 3, 5, '2025-09', '2026-04-06 07:37:45');
INSERT OR REPLACE INTO "ent_results" ("id", "student_id", "subject_id", "score", "month", "created_at") VALUES (184, 407, 2, 15, '2025-09', '2026-04-06 07:37:45');
INSERT OR REPLACE INTO "ent_results" ("id", "student_id", "subject_id", "score", "month", "created_at") VALUES (185, 407, 4, 22, '2025-09', '2026-04-06 07:37:45');
INSERT OR REPLACE INTO "ent_results" ("id", "student_id", "subject_id", "score", "month", "created_at") VALUES (186, 407, 1, 9, '2025-10', '2026-04-06 07:37:45');
INSERT OR REPLACE INTO "ent_results" ("id", "student_id", "subject_id", "score", "month", "created_at") VALUES (187, 407, 8, 7, '2025-10', '2026-04-06 07:37:45');
INSERT OR REPLACE INTO "ent_results" ("id", "student_id", "subject_id", "score", "month", "created_at") VALUES (188, 407, 3, 7, '2025-10', '2026-04-06 07:37:45');
INSERT OR REPLACE INTO "ent_results" ("id", "student_id", "subject_id", "score", "month", "created_at") VALUES (189, 407, 2, 16, '2025-10', '2026-04-06 07:37:45');
INSERT OR REPLACE INTO "ent_results" ("id", "student_id", "subject_id", "score", "month", "created_at") VALUES (190, 407, 4, 21, '2025-10', '2026-04-06 07:37:45');
INSERT OR REPLACE INTO "ent_results" ("id", "student_id", "subject_id", "score", "month", "created_at") VALUES (191, 407, 1, 12, '2025-11', '2026-04-06 07:37:45');
INSERT OR REPLACE INTO "ent_results" ("id", "student_id", "subject_id", "score", "month", "created_at") VALUES (192, 407, 8, 5, '2025-11', '2026-04-06 07:37:45');
INSERT OR REPLACE INTO "ent_results" ("id", "student_id", "subject_id", "score", "month", "created_at") VALUES (193, 407, 3, 8, '2025-11', '2026-04-06 07:37:45');
INSERT OR REPLACE INTO "ent_results" ("id", "student_id", "subject_id", "score", "month", "created_at") VALUES (194, 407, 2, 17, '2025-11', '2026-04-06 07:37:45');
INSERT OR REPLACE INTO "ent_results" ("id", "student_id", "subject_id", "score", "month", "created_at") VALUES (195, 407, 4, 14, '2025-11', '2026-04-06 07:37:45');
INSERT OR REPLACE INTO "ent_results" ("id", "student_id", "subject_id", "score", "month", "created_at") VALUES (196, 407, 1, 13, '2025-12', '2026-04-06 07:37:45');
INSERT OR REPLACE INTO "ent_results" ("id", "student_id", "subject_id", "score", "month", "created_at") VALUES (197, 407, 8, 6, '2025-12', '2026-04-06 07:37:45');
INSERT OR REPLACE INTO "ent_results" ("id", "student_id", "subject_id", "score", "month", "created_at") VALUES (198, 407, 3, 3, '2025-12', '2026-04-06 07:37:45');
INSERT OR REPLACE INTO "ent_results" ("id", "student_id", "subject_id", "score", "month", "created_at") VALUES (199, 407, 2, 21, '2025-12', '2026-04-06 07:37:45');
INSERT OR REPLACE INTO "ent_results" ("id", "student_id", "subject_id", "score", "month", "created_at") VALUES (200, 407, 4, 16, '2025-12', '2026-04-06 07:37:45');
INSERT OR REPLACE INTO "ent_results" ("id", "student_id", "subject_id", "score", "month", "created_at") VALUES (201, 407, 1, 14, '2026-01', '2026-04-06 07:37:45');
INSERT OR REPLACE INTO "ent_results" ("id", "student_id", "subject_id", "score", "month", "created_at") VALUES (202, 407, 8, 9, '2026-01', '2026-04-06 07:37:45');
INSERT OR REPLACE INTO "ent_results" ("id", "student_id", "subject_id", "score", "month", "created_at") VALUES (203, 407, 3, 7, '2026-01', '2026-04-06 07:37:45');
INSERT OR REPLACE INTO "ent_results" ("id", "student_id", "subject_id", "score", "month", "created_at") VALUES (204, 407, 2, 15, '2026-01', '2026-04-06 07:37:45');
INSERT OR REPLACE INTO "ent_results" ("id", "student_id", "subject_id", "score", "month", "created_at") VALUES (205, 407, 4, 22, '2026-01', '2026-04-06 07:37:45');
INSERT OR REPLACE INTO "ent_results" ("id", "student_id", "subject_id", "score", "month", "created_at") VALUES (206, 407, 1, 10, '2026-02', '2026-04-06 07:37:45');
INSERT OR REPLACE INTO "ent_results" ("id", "student_id", "subject_id", "score", "month", "created_at") VALUES (207, 407, 8, 10, '2026-02', '2026-04-06 07:37:45');
INSERT OR REPLACE INTO "ent_results" ("id", "student_id", "subject_id", "score", "month", "created_at") VALUES (208, 407, 3, 5, '2026-02', '2026-04-06 07:37:45');
INSERT OR REPLACE INTO "ent_results" ("id", "student_id", "subject_id", "score", "month", "created_at") VALUES (209, 407, 2, 13, '2026-02', '2026-04-06 07:37:45');
INSERT OR REPLACE INTO "ent_results" ("id", "student_id", "subject_id", "score", "month", "created_at") VALUES (210, 407, 4, 23, '2026-02', '2026-04-06 07:37:45');
INSERT OR REPLACE INTO "ent_results" ("id", "student_id", "subject_id", "score", "month", "created_at") VALUES (211, 408, 1, 9, '2025-09', '2026-04-06 07:37:45');
INSERT OR REPLACE INTO "ent_results" ("id", "student_id", "subject_id", "score", "month", "created_at") VALUES (212, 408, 8, 8, '2025-09', '2026-04-06 07:37:45');
INSERT OR REPLACE INTO "ent_results" ("id", "student_id", "subject_id", "score", "month", "created_at") VALUES (213, 408, 3, 6, '2025-09', '2026-04-06 07:37:45');
INSERT OR REPLACE INTO "ent_results" ("id", "student_id", "subject_id", "score", "month", "created_at") VALUES (214, 408, 2, 30, '2025-09', '2026-04-06 07:37:45');
INSERT OR REPLACE INTO "ent_results" ("id", "student_id", "subject_id", "score", "month", "created_at") VALUES (215, 408, 4, 37, '2025-09', '2026-04-06 07:37:45');
INSERT OR REPLACE INTO "ent_results" ("id", "student_id", "subject_id", "score", "month", "created_at") VALUES (216, 408, 1, 6, '2025-10', '2026-04-06 07:37:45');
INSERT OR REPLACE INTO "ent_results" ("id", "student_id", "subject_id", "score", "month", "created_at") VALUES (217, 408, 8, 7, '2025-10', '2026-04-06 07:37:45');
INSERT OR REPLACE INTO "ent_results" ("id", "student_id", "subject_id", "score", "month", "created_at") VALUES (218, 408, 3, 4, '2025-10', '2026-04-06 07:37:45');
INSERT OR REPLACE INTO "ent_results" ("id", "student_id", "subject_id", "score", "month", "created_at") VALUES (219, 408, 2, 26, '2025-10', '2026-04-06 07:37:45');
INSERT OR REPLACE INTO "ent_results" ("id", "student_id", "subject_id", "score", "month", "created_at") VALUES (220, 408, 4, 25, '2025-10', '2026-04-06 07:37:45');
INSERT OR REPLACE INTO "ent_results" ("id", "student_id", "subject_id", "score", "month", "created_at") VALUES (221, 408, 1, 13, '2025-11', '2026-04-06 07:37:45');
INSERT OR REPLACE INTO "ent_results" ("id", "student_id", "subject_id", "score", "month", "created_at") VALUES (222, 408, 8, 8, '2025-11', '2026-04-06 07:37:45');
INSERT OR REPLACE INTO "ent_results" ("id", "student_id", "subject_id", "score", "month", "created_at") VALUES (223, 408, 3, 9, '2025-11', '2026-04-06 07:37:45');
INSERT OR REPLACE INTO "ent_results" ("id", "student_id", "subject_id", "score", "month", "created_at") VALUES (224, 408, 2, 23, '2025-11', '2026-04-06 07:37:45');
INSERT OR REPLACE INTO "ent_results" ("id", "student_id", "subject_id", "score", "month", "created_at") VALUES (225, 408, 4, 23, '2025-11', '2026-04-06 07:37:45');
INSERT OR REPLACE INTO "ent_results" ("id", "student_id", "subject_id", "score", "month", "created_at") VALUES (226, 408, 1, 15, '2025-12', '2026-04-06 07:37:45');
INSERT OR REPLACE INTO "ent_results" ("id", "student_id", "subject_id", "score", "month", "created_at") VALUES (227, 408, 8, 8, '2025-12', '2026-04-06 07:37:45');
INSERT OR REPLACE INTO "ent_results" ("id", "student_id", "subject_id", "score", "month", "created_at") VALUES (228, 408, 3, 10, '2025-12', '2026-04-06 07:37:45');
INSERT OR REPLACE INTO "ent_results" ("id", "student_id", "subject_id", "score", "month", "created_at") VALUES (229, 408, 2, 34, '2025-12', '2026-04-06 07:37:45');
INSERT OR REPLACE INTO "ent_results" ("id", "student_id", "subject_id", "score", "month", "created_at") VALUES (230, 408, 4, 33, '2025-12', '2026-04-06 07:37:45');
INSERT OR REPLACE INTO "ent_results" ("id", "student_id", "subject_id", "score", "month", "created_at") VALUES (231, 408, 1, 12, '2026-01', '2026-04-06 07:37:45');
INSERT OR REPLACE INTO "ent_results" ("id", "student_id", "subject_id", "score", "month", "created_at") VALUES (232, 408, 8, 9, '2026-01', '2026-04-06 07:37:45');
INSERT OR REPLACE INTO "ent_results" ("id", "student_id", "subject_id", "score", "month", "created_at") VALUES (233, 408, 3, 8, '2026-01', '2026-04-06 07:37:45');
INSERT OR REPLACE INTO "ent_results" ("id", "student_id", "subject_id", "score", "month", "created_at") VALUES (234, 408, 2, 24, '2026-01', '2026-04-06 07:37:45');
INSERT OR REPLACE INTO "ent_results" ("id", "student_id", "subject_id", "score", "month", "created_at") VALUES (235, 408, 4, 27, '2026-01', '2026-04-06 07:37:45');
INSERT OR REPLACE INTO "ent_results" ("id", "student_id", "subject_id", "score", "month", "created_at") VALUES (236, 408, 1, 13, '2026-02', '2026-04-06 07:37:45');
INSERT OR REPLACE INTO "ent_results" ("id", "student_id", "subject_id", "score", "month", "created_at") VALUES (237, 408, 8, 10, '2026-02', '2026-04-06 07:37:45');
INSERT OR REPLACE INTO "ent_results" ("id", "student_id", "subject_id", "score", "month", "created_at") VALUES (238, 408, 3, 8, '2026-02', '2026-04-06 07:37:45');
INSERT OR REPLACE INTO "ent_results" ("id", "student_id", "subject_id", "score", "month", "created_at") VALUES (239, 408, 2, 27, '2026-02', '2026-04-06 07:37:45');
INSERT OR REPLACE INTO "ent_results" ("id", "student_id", "subject_id", "score", "month", "created_at") VALUES (240, 408, 4, 36, '2026-02', '2026-04-06 07:37:45');
INSERT OR REPLACE INTO "ent_results" ("id", "student_id", "subject_id", "score", "month", "created_at") VALUES (241, 409, 1, 13, '2025-09', '2026-04-06 07:37:45');
INSERT OR REPLACE INTO "ent_results" ("id", "student_id", "subject_id", "score", "month", "created_at") VALUES (242, 409, 8, 7, '2025-09', '2026-04-06 07:37:45');
INSERT OR REPLACE INTO "ent_results" ("id", "student_id", "subject_id", "score", "month", "created_at") VALUES (243, 409, 3, 8, '2025-09', '2026-04-06 07:37:45');
INSERT OR REPLACE INTO "ent_results" ("id", "student_id", "subject_id", "score", "month", "created_at") VALUES (244, 409, 2, 24, '2025-09', '2026-04-06 07:37:45');
INSERT OR REPLACE INTO "ent_results" ("id", "student_id", "subject_id", "score", "month", "created_at") VALUES (245, 409, 4, 27, '2025-09', '2026-04-06 07:37:45');
INSERT OR REPLACE INTO "ent_results" ("id", "student_id", "subject_id", "score", "month", "created_at") VALUES (246, 409, 1, 10, '2025-10', '2026-04-06 07:37:45');
INSERT OR REPLACE INTO "ent_results" ("id", "student_id", "subject_id", "score", "month", "created_at") VALUES (247, 409, 8, 9, '2025-10', '2026-04-06 07:37:45');
INSERT OR REPLACE INTO "ent_results" ("id", "student_id", "subject_id", "score", "month", "created_at") VALUES (248, 409, 3, 8, '2025-10', '2026-04-06 07:37:45');
INSERT OR REPLACE INTO "ent_results" ("id", "student_id", "subject_id", "score", "month", "created_at") VALUES (249, 409, 2, 25, '2025-10', '2026-04-06 07:37:45');
INSERT OR REPLACE INTO "ent_results" ("id", "student_id", "subject_id", "score", "month", "created_at") VALUES (250, 409, 4, 23, '2025-10', '2026-04-06 07:37:45');
INSERT OR REPLACE INTO "ent_results" ("id", "student_id", "subject_id", "score", "month", "created_at") VALUES (251, 409, 1, 10, '2025-11', '2026-04-06 07:37:45');
INSERT OR REPLACE INTO "ent_results" ("id", "student_id", "subject_id", "score", "month", "created_at") VALUES (252, 409, 8, 8, '2025-11', '2026-04-06 07:37:45');
INSERT OR REPLACE INTO "ent_results" ("id", "student_id", "subject_id", "score", "month", "created_at") VALUES (253, 409, 3, 4, '2025-11', '2026-04-06 07:37:45');
INSERT OR REPLACE INTO "ent_results" ("id", "student_id", "subject_id", "score", "month", "created_at") VALUES (254, 409, 2, 22, '2025-11', '2026-04-06 07:37:45');
INSERT OR REPLACE INTO "ent_results" ("id", "student_id", "subject_id", "score", "month", "created_at") VALUES (255, 409, 4, 22, '2025-11', '2026-04-06 07:37:45');
INSERT OR REPLACE INTO "ent_results" ("id", "student_id", "subject_id", "score", "month", "created_at") VALUES (256, 409, 1, 10, '2025-12', '2026-04-06 07:37:45');
INSERT OR REPLACE INTO "ent_results" ("id", "student_id", "subject_id", "score", "month", "created_at") VALUES (257, 409, 8, 8, '2025-12', '2026-04-06 07:37:45');
INSERT OR REPLACE INTO "ent_results" ("id", "student_id", "subject_id", "score", "month", "created_at") VALUES (258, 409, 3, 7, '2025-12', '2026-04-06 07:37:45');
INSERT OR REPLACE INTO "ent_results" ("id", "student_id", "subject_id", "score", "month", "created_at") VALUES (259, 409, 2, 33, '2025-12', '2026-04-06 07:37:45');
INSERT OR REPLACE INTO "ent_results" ("id", "student_id", "subject_id", "score", "month", "created_at") VALUES (260, 409, 4, 34, '2025-12', '2026-04-06 07:37:45');
INSERT OR REPLACE INTO "ent_results" ("id", "student_id", "subject_id", "score", "month", "created_at") VALUES (261, 409, 1, 13, '2026-01', '2026-04-06 07:37:45');
INSERT OR REPLACE INTO "ent_results" ("id", "student_id", "subject_id", "score", "month", "created_at") VALUES (262, 409, 8, 10, '2026-01', '2026-04-06 07:37:45');
INSERT OR REPLACE INTO "ent_results" ("id", "student_id", "subject_id", "score", "month", "created_at") VALUES (263, 409, 3, 10, '2026-01', '2026-04-06 07:37:45');
INSERT OR REPLACE INTO "ent_results" ("id", "student_id", "subject_id", "score", "month", "created_at") VALUES (264, 409, 2, 33, '2026-01', '2026-04-06 07:37:45');
INSERT OR REPLACE INTO "ent_results" ("id", "student_id", "subject_id", "score", "month", "created_at") VALUES (265, 409, 4, 24, '2026-01', '2026-04-06 07:37:45');
INSERT OR REPLACE INTO "ent_results" ("id", "student_id", "subject_id", "score", "month", "created_at") VALUES (266, 409, 1, 7, '2026-02', '2026-04-06 07:37:45');
INSERT OR REPLACE INTO "ent_results" ("id", "student_id", "subject_id", "score", "month", "created_at") VALUES (267, 409, 8, 9, '2026-02', '2026-04-06 07:37:45');
INSERT OR REPLACE INTO "ent_results" ("id", "student_id", "subject_id", "score", "month", "created_at") VALUES (268, 409, 3, 7, '2026-02', '2026-04-06 07:37:45');
INSERT OR REPLACE INTO "ent_results" ("id", "student_id", "subject_id", "score", "month", "created_at") VALUES (269, 409, 2, 30, '2026-02', '2026-04-06 07:37:45');
INSERT OR REPLACE INTO "ent_results" ("id", "student_id", "subject_id", "score", "month", "created_at") VALUES (270, 409, 4, 39, '2026-02', '2026-04-06 07:37:45');
INSERT OR REPLACE INTO "ent_results" ("id", "student_id", "subject_id", "score", "month", "created_at") VALUES (271, 410, 1, 8, '2025-09', '2026-04-06 07:37:45');
INSERT OR REPLACE INTO "ent_results" ("id", "student_id", "subject_id", "score", "month", "created_at") VALUES (272, 410, 8, 7, '2025-09', '2026-04-06 07:37:45');
INSERT OR REPLACE INTO "ent_results" ("id", "student_id", "subject_id", "score", "month", "created_at") VALUES (273, 410, 3, 7, '2025-09', '2026-04-06 07:37:45');
INSERT OR REPLACE INTO "ent_results" ("id", "student_id", "subject_id", "score", "month", "created_at") VALUES (274, 410, 2, 18, '2025-09', '2026-04-06 07:37:45');
INSERT OR REPLACE INTO "ent_results" ("id", "student_id", "subject_id", "score", "month", "created_at") VALUES (275, 410, 4, 29, '2025-09', '2026-04-06 07:37:45');
INSERT OR REPLACE INTO "ent_results" ("id", "student_id", "subject_id", "score", "month", "created_at") VALUES (276, 410, 1, 11, '2025-10', '2026-04-06 07:37:45');
INSERT OR REPLACE INTO "ent_results" ("id", "student_id", "subject_id", "score", "month", "created_at") VALUES (277, 410, 8, 10, '2025-10', '2026-04-06 07:37:45');
INSERT OR REPLACE INTO "ent_results" ("id", "student_id", "subject_id", "score", "month", "created_at") VALUES (278, 410, 3, 6, '2025-10', '2026-04-06 07:37:45');
INSERT OR REPLACE INTO "ent_results" ("id", "student_id", "subject_id", "score", "month", "created_at") VALUES (279, 410, 2, 30, '2025-10', '2026-04-06 07:37:45');
INSERT OR REPLACE INTO "ent_results" ("id", "student_id", "subject_id", "score", "month", "created_at") VALUES (280, 410, 4, 30, '2025-10', '2026-04-06 07:37:45');
INSERT OR REPLACE INTO "ent_results" ("id", "student_id", "subject_id", "score", "month", "created_at") VALUES (281, 410, 1, 15, '2025-11', '2026-04-06 07:37:45');
INSERT OR REPLACE INTO "ent_results" ("id", "student_id", "subject_id", "score", "month", "created_at") VALUES (282, 410, 8, 7, '2025-11', '2026-04-06 07:37:45');
INSERT OR REPLACE INTO "ent_results" ("id", "student_id", "subject_id", "score", "month", "created_at") VALUES (283, 410, 3, 7, '2025-11', '2026-04-06 07:37:45');
INSERT OR REPLACE INTO "ent_results" ("id", "student_id", "subject_id", "score", "month", "created_at") VALUES (284, 410, 2, 31, '2025-11', '2026-04-06 07:37:45');
INSERT OR REPLACE INTO "ent_results" ("id", "student_id", "subject_id", "score", "month", "created_at") VALUES (285, 410, 4, 27, '2025-11', '2026-04-06 07:37:45');
INSERT OR REPLACE INTO "ent_results" ("id", "student_id", "subject_id", "score", "month", "created_at") VALUES (286, 410, 1, 17, '2025-12', '2026-04-06 07:37:45');
INSERT OR REPLACE INTO "ent_results" ("id", "student_id", "subject_id", "score", "month", "created_at") VALUES (287, 410, 8, 10, '2025-12', '2026-04-06 07:37:45');
INSERT OR REPLACE INTO "ent_results" ("id", "student_id", "subject_id", "score", "month", "created_at") VALUES (288, 410, 3, 7, '2025-12', '2026-04-06 07:37:45');
INSERT OR REPLACE INTO "ent_results" ("id", "student_id", "subject_id", "score", "month", "created_at") VALUES (289, 410, 2, 34, '2025-12', '2026-04-06 07:37:45');
INSERT OR REPLACE INTO "ent_results" ("id", "student_id", "subject_id", "score", "month", "created_at") VALUES (290, 410, 4, 30, '2025-12', '2026-04-06 07:37:45');
INSERT OR REPLACE INTO "ent_results" ("id", "student_id", "subject_id", "score", "month", "created_at") VALUES (291, 410, 1, 13, '2026-01', '2026-04-06 07:37:45');
INSERT OR REPLACE INTO "ent_results" ("id", "student_id", "subject_id", "score", "month", "created_at") VALUES (292, 410, 8, 10, '2026-01', '2026-04-06 07:37:45');
INSERT OR REPLACE INTO "ent_results" ("id", "student_id", "subject_id", "score", "month", "created_at") VALUES (293, 410, 3, 10, '2026-01', '2026-04-06 07:37:45');
INSERT OR REPLACE INTO "ent_results" ("id", "student_id", "subject_id", "score", "month", "created_at") VALUES (294, 410, 2, 36, '2026-01', '2026-04-06 07:37:45');
INSERT OR REPLACE INTO "ent_results" ("id", "student_id", "subject_id", "score", "month", "created_at") VALUES (295, 410, 4, 30, '2026-01', '2026-04-06 07:37:45');
INSERT OR REPLACE INTO "ent_results" ("id", "student_id", "subject_id", "score", "month", "created_at") VALUES (296, 410, 1, 12, '2026-02', '2026-04-06 07:37:45');
INSERT OR REPLACE INTO "ent_results" ("id", "student_id", "subject_id", "score", "month", "created_at") VALUES (297, 410, 8, 10, '2026-02', '2026-04-06 07:37:45');
INSERT OR REPLACE INTO "ent_results" ("id", "student_id", "subject_id", "score", "month", "created_at") VALUES (298, 410, 3, 7, '2026-02', '2026-04-06 07:37:45');
INSERT OR REPLACE INTO "ent_results" ("id", "student_id", "subject_id", "score", "month", "created_at") VALUES (299, 410, 2, 32, '2026-02', '2026-04-06 07:37:45');
INSERT OR REPLACE INTO "ent_results" ("id", "student_id", "subject_id", "score", "month", "created_at") VALUES (300, 410, 4, 41, '2026-02', '2026-04-06 07:37:45');
INSERT OR REPLACE INTO "ent_results" ("id", "student_id", "subject_id", "score", "month", "created_at") VALUES (301, 411, 1, 11, '2025-09', '2026-04-06 07:37:45');
INSERT OR REPLACE INTO "ent_results" ("id", "student_id", "subject_id", "score", "month", "created_at") VALUES (302, 411, 8, 9, '2025-09', '2026-04-06 07:37:45');
INSERT OR REPLACE INTO "ent_results" ("id", "student_id", "subject_id", "score", "month", "created_at") VALUES (303, 411, 3, 7, '2025-09', '2026-04-06 07:37:45');
INSERT OR REPLACE INTO "ent_results" ("id", "student_id", "subject_id", "score", "month", "created_at") VALUES (304, 411, 2, 15, '2025-09', '2026-04-06 07:37:45');
INSERT OR REPLACE INTO "ent_results" ("id", "student_id", "subject_id", "score", "month", "created_at") VALUES (305, 411, 4, 38, '2025-09', '2026-04-06 07:37:45');
INSERT OR REPLACE INTO "ent_results" ("id", "student_id", "subject_id", "score", "month", "created_at") VALUES (306, 411, 1, 12, '2025-10', '2026-04-06 07:37:45');
INSERT OR REPLACE INTO "ent_results" ("id", "student_id", "subject_id", "score", "month", "created_at") VALUES (307, 411, 8, 10, '2025-10', '2026-04-06 07:37:45');
INSERT OR REPLACE INTO "ent_results" ("id", "student_id", "subject_id", "score", "month", "created_at") VALUES (308, 411, 3, 5, '2025-10', '2026-04-06 07:37:45');
INSERT OR REPLACE INTO "ent_results" ("id", "student_id", "subject_id", "score", "month", "created_at") VALUES (309, 411, 2, 33, '2025-10', '2026-04-06 07:37:45');
INSERT OR REPLACE INTO "ent_results" ("id", "student_id", "subject_id", "score", "month", "created_at") VALUES (310, 411, 4, 29, '2025-10', '2026-04-06 07:37:45');
INSERT OR REPLACE INTO "ent_results" ("id", "student_id", "subject_id", "score", "month", "created_at") VALUES (311, 411, 1, 18, '2025-11', '2026-04-06 07:37:45');
INSERT OR REPLACE INTO "ent_results" ("id", "student_id", "subject_id", "score", "month", "created_at") VALUES (312, 411, 8, 8, '2025-11', '2026-04-06 07:37:45');
INSERT OR REPLACE INTO "ent_results" ("id", "student_id", "subject_id", "score", "month", "created_at") VALUES (313, 411, 3, 6, '2025-11', '2026-04-06 07:37:45');
INSERT OR REPLACE INTO "ent_results" ("id", "student_id", "subject_id", "score", "month", "created_at") VALUES (314, 411, 2, 24, '2025-11', '2026-04-06 07:37:45');
INSERT OR REPLACE INTO "ent_results" ("id", "student_id", "subject_id", "score", "month", "created_at") VALUES (315, 411, 4, 30, '2025-11', '2026-04-06 07:37:45');
INSERT OR REPLACE INTO "ent_results" ("id", "student_id", "subject_id", "score", "month", "created_at") VALUES (316, 411, 1, 17, '2025-12', '2026-04-06 07:37:45');
INSERT OR REPLACE INTO "ent_results" ("id", "student_id", "subject_id", "score", "month", "created_at") VALUES (317, 411, 8, 10, '2025-12', '2026-04-06 07:37:45');
INSERT OR REPLACE INTO "ent_results" ("id", "student_id", "subject_id", "score", "month", "created_at") VALUES (318, 411, 3, 5, '2025-12', '2026-04-06 07:37:45');
INSERT OR REPLACE INTO "ent_results" ("id", "student_id", "subject_id", "score", "month", "created_at") VALUES (319, 411, 2, 30, '2025-12', '2026-04-06 07:37:45');
INSERT OR REPLACE INTO "ent_results" ("id", "student_id", "subject_id", "score", "month", "created_at") VALUES (320, 411, 4, 36, '2025-12', '2026-04-06 07:37:45');
INSERT OR REPLACE INTO "ent_results" ("id", "student_id", "subject_id", "score", "month", "created_at") VALUES (321, 411, 1, 13, '2026-01', '2026-04-06 07:37:45');
INSERT OR REPLACE INTO "ent_results" ("id", "student_id", "subject_id", "score", "month", "created_at") VALUES (322, 411, 8, 9, '2026-01', '2026-04-06 07:37:45');
INSERT OR REPLACE INTO "ent_results" ("id", "student_id", "subject_id", "score", "month", "created_at") VALUES (323, 411, 3, 9, '2026-01', '2026-04-06 07:37:45');
INSERT OR REPLACE INTO "ent_results" ("id", "student_id", "subject_id", "score", "month", "created_at") VALUES (324, 411, 2, 29, '2026-01', '2026-04-06 07:37:45');
INSERT OR REPLACE INTO "ent_results" ("id", "student_id", "subject_id", "score", "month", "created_at") VALUES (325, 411, 4, 27, '2026-01', '2026-04-06 07:37:45');
INSERT OR REPLACE INTO "ent_results" ("id", "student_id", "subject_id", "score", "month", "created_at") VALUES (326, 411, 1, 16, '2026-02', '2026-04-06 07:37:45');
INSERT OR REPLACE INTO "ent_results" ("id", "student_id", "subject_id", "score", "month", "created_at") VALUES (327, 411, 8, 9, '2026-02', '2026-04-06 07:37:45');
INSERT OR REPLACE INTO "ent_results" ("id", "student_id", "subject_id", "score", "month", "created_at") VALUES (328, 411, 3, 8, '2026-02', '2026-04-06 07:37:45');
INSERT OR REPLACE INTO "ent_results" ("id", "student_id", "subject_id", "score", "month", "created_at") VALUES (329, 411, 2, 30, '2026-02', '2026-04-06 07:37:45');
INSERT OR REPLACE INTO "ent_results" ("id", "student_id", "subject_id", "score", "month", "created_at") VALUES (330, 411, 4, 39, '2026-02', '2026-04-06 07:37:45');
INSERT OR REPLACE INTO "ent_results" ("id", "student_id", "subject_id", "score", "month", "created_at") VALUES (331, 412, 1, 10, '2025-09', '2026-04-06 07:37:45');
INSERT OR REPLACE INTO "ent_results" ("id", "student_id", "subject_id", "score", "month", "created_at") VALUES (332, 412, 8, 6, '2025-09', '2026-04-06 07:37:45');
INSERT OR REPLACE INTO "ent_results" ("id", "student_id", "subject_id", "score", "month", "created_at") VALUES (333, 412, 3, 5, '2025-09', '2026-04-06 07:37:45');
INSERT OR REPLACE INTO "ent_results" ("id", "student_id", "subject_id", "score", "month", "created_at") VALUES (334, 412, 2, 14, '2025-09', '2026-04-06 07:37:45');
INSERT OR REPLACE INTO "ent_results" ("id", "student_id", "subject_id", "score", "month", "created_at") VALUES (335, 412, 4, 21, '2025-09', '2026-04-06 07:37:45');
INSERT OR REPLACE INTO "ent_results" ("id", "student_id", "subject_id", "score", "month", "created_at") VALUES (336, 412, 1, 10, '2025-10', '2026-04-06 07:37:45');
INSERT OR REPLACE INTO "ent_results" ("id", "student_id", "subject_id", "score", "month", "created_at") VALUES (337, 412, 8, 8, '2025-10', '2026-04-06 07:37:45');
INSERT OR REPLACE INTO "ent_results" ("id", "student_id", "subject_id", "score", "month", "created_at") VALUES (338, 412, 3, 6, '2025-10', '2026-04-06 07:37:45');
INSERT OR REPLACE INTO "ent_results" ("id", "student_id", "subject_id", "score", "month", "created_at") VALUES (339, 412, 2, 17, '2025-10', '2026-04-06 07:37:45');
INSERT OR REPLACE INTO "ent_results" ("id", "student_id", "subject_id", "score", "month", "created_at") VALUES (340, 412, 4, 19, '2025-10', '2026-04-06 07:37:45');
INSERT OR REPLACE INTO "ent_results" ("id", "student_id", "subject_id", "score", "month", "created_at") VALUES (341, 412, 1, 3, '2026-02', '2026-04-06 07:37:45');
INSERT OR REPLACE INTO "ent_results" ("id", "student_id", "subject_id", "score", "month", "created_at") VALUES (342, 412, 8, 7, '2026-02', '2026-04-06 07:37:45');
INSERT OR REPLACE INTO "ent_results" ("id", "student_id", "subject_id", "score", "month", "created_at") VALUES (343, 412, 3, 2, '2026-02', '2026-04-06 07:37:45');
INSERT OR REPLACE INTO "ent_results" ("id", "student_id", "subject_id", "score", "month", "created_at") VALUES (344, 412, 2, 12, '2026-02', '2026-04-06 07:37:45');
INSERT OR REPLACE INTO "ent_results" ("id", "student_id", "subject_id", "score", "month", "created_at") VALUES (345, 412, 4, 10, '2026-02', '2026-04-06 07:37:45');
INSERT OR REPLACE INTO "ent_results" ("id", "student_id", "subject_id", "score", "month", "created_at") VALUES (346, 413, 1, 10, '2025-09', '2026-04-06 07:37:45');
INSERT OR REPLACE INTO "ent_results" ("id", "student_id", "subject_id", "score", "month", "created_at") VALUES (347, 413, 8, 9, '2025-09', '2026-04-06 07:37:45');
INSERT OR REPLACE INTO "ent_results" ("id", "student_id", "subject_id", "score", "month", "created_at") VALUES (348, 413, 3, 8, '2025-09', '2026-04-06 07:37:45');
INSERT OR REPLACE INTO "ent_results" ("id", "student_id", "subject_id", "score", "month", "created_at") VALUES (349, 413, 2, 23, '2025-09', '2026-04-06 07:37:45');
INSERT OR REPLACE INTO "ent_results" ("id", "student_id", "subject_id", "score", "month", "created_at") VALUES (350, 413, 4, 26, '2025-09', '2026-04-06 07:37:45');
INSERT OR REPLACE INTO "ent_results" ("id", "student_id", "subject_id", "score", "month", "created_at") VALUES (351, 413, 1, 12, '2025-10', '2026-04-06 07:37:45');
INSERT OR REPLACE INTO "ent_results" ("id", "student_id", "subject_id", "score", "month", "created_at") VALUES (352, 413, 8, 5, '2025-10', '2026-04-06 07:37:45');
INSERT OR REPLACE INTO "ent_results" ("id", "student_id", "subject_id", "score", "month", "created_at") VALUES (353, 413, 3, 6, '2025-10', '2026-04-06 07:37:45');
INSERT OR REPLACE INTO "ent_results" ("id", "student_id", "subject_id", "score", "month", "created_at") VALUES (354, 413, 2, 26, '2025-10', '2026-04-06 07:37:45');
INSERT OR REPLACE INTO "ent_results" ("id", "student_id", "subject_id", "score", "month", "created_at") VALUES (355, 413, 4, 26, '2025-10', '2026-04-06 07:37:45');
INSERT OR REPLACE INTO "ent_results" ("id", "student_id", "subject_id", "score", "month", "created_at") VALUES (356, 413, 1, 12, '2025-11', '2026-04-06 07:37:45');
INSERT OR REPLACE INTO "ent_results" ("id", "student_id", "subject_id", "score", "month", "created_at") VALUES (357, 413, 8, 9, '2025-11', '2026-04-06 07:37:45');
INSERT OR REPLACE INTO "ent_results" ("id", "student_id", "subject_id", "score", "month", "created_at") VALUES (358, 413, 3, 6, '2025-11', '2026-04-06 07:37:45');
INSERT OR REPLACE INTO "ent_results" ("id", "student_id", "subject_id", "score", "month", "created_at") VALUES (359, 413, 2, 28, '2025-11', '2026-04-06 07:37:45');
INSERT OR REPLACE INTO "ent_results" ("id", "student_id", "subject_id", "score", "month", "created_at") VALUES (360, 413, 4, 26, '2025-11', '2026-04-06 07:37:45');
INSERT OR REPLACE INTO "ent_results" ("id", "student_id", "subject_id", "score", "month", "created_at") VALUES (361, 413, 1, 12, '2025-12', '2026-04-06 07:37:45');
INSERT OR REPLACE INTO "ent_results" ("id", "student_id", "subject_id", "score", "month", "created_at") VALUES (362, 413, 8, 10, '2025-12', '2026-04-06 07:37:45');
INSERT OR REPLACE INTO "ent_results" ("id", "student_id", "subject_id", "score", "month", "created_at") VALUES (363, 413, 3, 6, '2025-12', '2026-04-06 07:37:45');
INSERT OR REPLACE INTO "ent_results" ("id", "student_id", "subject_id", "score", "month", "created_at") VALUES (364, 413, 2, 34, '2025-12', '2026-04-06 07:37:45');
INSERT OR REPLACE INTO "ent_results" ("id", "student_id", "subject_id", "score", "month", "created_at") VALUES (365, 413, 4, 28, '2025-12', '2026-04-06 07:37:45');
INSERT OR REPLACE INTO "ent_results" ("id", "student_id", "subject_id", "score", "month", "created_at") VALUES (366, 413, 1, 10, '2026-01', '2026-04-06 07:37:45');
INSERT OR REPLACE INTO "ent_results" ("id", "student_id", "subject_id", "score", "month", "created_at") VALUES (367, 413, 8, 9, '2026-01', '2026-04-06 07:37:45');
INSERT OR REPLACE INTO "ent_results" ("id", "student_id", "subject_id", "score", "month", "created_at") VALUES (368, 413, 3, 9, '2026-01', '2026-04-06 07:37:45');
INSERT OR REPLACE INTO "ent_results" ("id", "student_id", "subject_id", "score", "month", "created_at") VALUES (369, 413, 2, 32, '2026-01', '2026-04-06 07:37:45');
INSERT OR REPLACE INTO "ent_results" ("id", "student_id", "subject_id", "score", "month", "created_at") VALUES (370, 413, 4, 28, '2026-01', '2026-04-06 07:37:45');
INSERT OR REPLACE INTO "ent_results" ("id", "student_id", "subject_id", "score", "month", "created_at") VALUES (371, 413, 1, 8, '2026-02', '2026-04-06 07:37:45');
INSERT OR REPLACE INTO "ent_results" ("id", "student_id", "subject_id", "score", "month", "created_at") VALUES (372, 413, 8, 10, '2026-02', '2026-04-06 07:37:45');
INSERT OR REPLACE INTO "ent_results" ("id", "student_id", "subject_id", "score", "month", "created_at") VALUES (373, 413, 3, 7, '2026-02', '2026-04-06 07:37:45');
INSERT OR REPLACE INTO "ent_results" ("id", "student_id", "subject_id", "score", "month", "created_at") VALUES (374, 413, 2, 35, '2026-02', '2026-04-06 07:37:45');
INSERT OR REPLACE INTO "ent_results" ("id", "student_id", "subject_id", "score", "month", "created_at") VALUES (375, 413, 4, 42, '2026-02', '2026-04-06 07:37:45');
INSERT OR REPLACE INTO "ent_results" ("id", "student_id", "subject_id", "score", "month", "created_at") VALUES (376, 414, 1, 11, '2025-09', '2026-04-06 07:37:45');
INSERT OR REPLACE INTO "ent_results" ("id", "student_id", "subject_id", "score", "month", "created_at") VALUES (377, 414, 8, 5, '2025-09', '2026-04-06 07:37:45');
INSERT OR REPLACE INTO "ent_results" ("id", "student_id", "subject_id", "score", "month", "created_at") VALUES (378, 414, 3, 3, '2025-09', '2026-04-06 07:37:45');
INSERT OR REPLACE INTO "ent_results" ("id", "student_id", "subject_id", "score", "month", "created_at") VALUES (379, 414, 2, 10, '2025-09', '2026-04-06 07:37:45');
INSERT OR REPLACE INTO "ent_results" ("id", "student_id", "subject_id", "score", "month", "created_at") VALUES (380, 414, 4, 21, '2025-09', '2026-04-06 07:37:45');
INSERT OR REPLACE INTO "ent_results" ("id", "student_id", "subject_id", "score", "month", "created_at") VALUES (381, 414, 1, 9, '2025-10', '2026-04-06 07:37:45');
INSERT OR REPLACE INTO "ent_results" ("id", "student_id", "subject_id", "score", "month", "created_at") VALUES (382, 414, 8, 5, '2025-10', '2026-04-06 07:37:45');
INSERT OR REPLACE INTO "ent_results" ("id", "student_id", "subject_id", "score", "month", "created_at") VALUES (383, 414, 3, 6, '2025-10', '2026-04-06 07:37:45');
INSERT OR REPLACE INTO "ent_results" ("id", "student_id", "subject_id", "score", "month", "created_at") VALUES (384, 414, 2, 14, '2025-10', '2026-04-06 07:37:45');
INSERT OR REPLACE INTO "ent_results" ("id", "student_id", "subject_id", "score", "month", "created_at") VALUES (385, 414, 4, 15, '2025-10', '2026-04-06 07:37:45');
INSERT OR REPLACE INTO "ent_results" ("id", "student_id", "subject_id", "score", "month", "created_at") VALUES (386, 414, 1, 10, '2025-11', '2026-04-06 07:37:45');
INSERT OR REPLACE INTO "ent_results" ("id", "student_id", "subject_id", "score", "month", "created_at") VALUES (387, 414, 8, 7, '2025-11', '2026-04-06 07:37:45');
INSERT OR REPLACE INTO "ent_results" ("id", "student_id", "subject_id", "score", "month", "created_at") VALUES (388, 414, 3, 6, '2025-11', '2026-04-06 07:37:45');
INSERT OR REPLACE INTO "ent_results" ("id", "student_id", "subject_id", "score", "month", "created_at") VALUES (389, 414, 2, 12, '2025-11', '2026-04-06 07:37:45');
INSERT OR REPLACE INTO "ent_results" ("id", "student_id", "subject_id", "score", "month", "created_at") VALUES (390, 414, 4, 22, '2025-11', '2026-04-06 07:37:45');
INSERT OR REPLACE INTO "ent_results" ("id", "student_id", "subject_id", "score", "month", "created_at") VALUES (391, 414, 1, 10, '2025-12', '2026-04-06 07:37:45');
INSERT OR REPLACE INTO "ent_results" ("id", "student_id", "subject_id", "score", "month", "created_at") VALUES (392, 414, 8, 6, '2025-12', '2026-04-06 07:37:45');
INSERT OR REPLACE INTO "ent_results" ("id", "student_id", "subject_id", "score", "month", "created_at") VALUES (393, 414, 3, 6, '2025-12', '2026-04-06 07:37:45');
INSERT OR REPLACE INTO "ent_results" ("id", "student_id", "subject_id", "score", "month", "created_at") VALUES (394, 414, 2, 20, '2025-12', '2026-04-06 07:37:45');
INSERT OR REPLACE INTO "ent_results" ("id", "student_id", "subject_id", "score", "month", "created_at") VALUES (395, 414, 4, 25, '2025-12', '2026-04-06 07:37:45');
INSERT OR REPLACE INTO "ent_results" ("id", "student_id", "subject_id", "score", "month", "created_at") VALUES (396, 414, 1, 10, '2026-01', '2026-04-06 07:37:45');
INSERT OR REPLACE INTO "ent_results" ("id", "student_id", "subject_id", "score", "month", "created_at") VALUES (397, 414, 8, 8, '2026-01', '2026-04-06 07:37:45');
INSERT OR REPLACE INTO "ent_results" ("id", "student_id", "subject_id", "score", "month", "created_at") VALUES (398, 414, 3, 8, '2026-01', '2026-04-06 07:37:45');
INSERT OR REPLACE INTO "ent_results" ("id", "student_id", "subject_id", "score", "month", "created_at") VALUES (399, 414, 2, 24, '2026-01', '2026-04-06 07:37:45');
INSERT OR REPLACE INTO "ent_results" ("id", "student_id", "subject_id", "score", "month", "created_at") VALUES (400, 414, 4, 21, '2026-01', '2026-04-06 07:37:45');
INSERT OR REPLACE INTO "ent_results" ("id", "student_id", "subject_id", "score", "month", "created_at") VALUES (401, 414, 1, 7, '2026-02', '2026-04-06 07:37:45');
INSERT OR REPLACE INTO "ent_results" ("id", "student_id", "subject_id", "score", "month", "created_at") VALUES (402, 414, 8, 7, '2026-02', '2026-04-06 07:37:45');
INSERT OR REPLACE INTO "ent_results" ("id", "student_id", "subject_id", "score", "month", "created_at") VALUES (403, 414, 3, 5, '2026-02', '2026-04-06 07:37:45');
INSERT OR REPLACE INTO "ent_results" ("id", "student_id", "subject_id", "score", "month", "created_at") VALUES (404, 414, 2, 18, '2026-02', '2026-04-06 07:37:45');
INSERT OR REPLACE INTO "ent_results" ("id", "student_id", "subject_id", "score", "month", "created_at") VALUES (405, 414, 4, 27, '2026-02', '2026-04-06 07:37:45');
INSERT OR REPLACE INTO "ent_results" ("id", "student_id", "subject_id", "score", "month", "created_at") VALUES (406, 415, 1, 9, '2025-10', '2026-04-06 07:37:45');
INSERT OR REPLACE INTO "ent_results" ("id", "student_id", "subject_id", "score", "month", "created_at") VALUES (407, 415, 8, 5, '2025-10', '2026-04-06 07:37:45');
INSERT OR REPLACE INTO "ent_results" ("id", "student_id", "subject_id", "score", "month", "created_at") VALUES (408, 415, 3, 4, '2025-10', '2026-04-06 07:37:45');
INSERT OR REPLACE INTO "ent_results" ("id", "student_id", "subject_id", "score", "month", "created_at") VALUES (409, 415, 2, 16, '2025-10', '2026-04-06 07:37:45');
INSERT OR REPLACE INTO "ent_results" ("id", "student_id", "subject_id", "score", "month", "created_at") VALUES (410, 415, 4, 10, '2025-10', '2026-04-06 07:37:45');
INSERT OR REPLACE INTO "ent_results" ("id", "student_id", "subject_id", "score", "month", "created_at") VALUES (411, 415, 1, 12, '2025-11', '2026-04-06 07:37:45');
INSERT OR REPLACE INTO "ent_results" ("id", "student_id", "subject_id", "score", "month", "created_at") VALUES (412, 415, 8, 5, '2025-11', '2026-04-06 07:37:45');
INSERT OR REPLACE INTO "ent_results" ("id", "student_id", "subject_id", "score", "month", "created_at") VALUES (413, 415, 3, 4, '2025-11', '2026-04-06 07:37:45');
INSERT OR REPLACE INTO "ent_results" ("id", "student_id", "subject_id", "score", "month", "created_at") VALUES (414, 415, 2, 19, '2025-11', '2026-04-06 07:37:45');
INSERT OR REPLACE INTO "ent_results" ("id", "student_id", "subject_id", "score", "month", "created_at") VALUES (415, 415, 4, 12, '2025-11', '2026-04-06 07:37:45');
INSERT OR REPLACE INTO "ent_results" ("id", "student_id", "subject_id", "score", "month", "created_at") VALUES (416, 415, 1, 12, '2025-12', '2026-04-06 07:37:45');
INSERT OR REPLACE INTO "ent_results" ("id", "student_id", "subject_id", "score", "month", "created_at") VALUES (417, 415, 8, 6, '2025-12', '2026-04-06 07:37:45');
INSERT OR REPLACE INTO "ent_results" ("id", "student_id", "subject_id", "score", "month", "created_at") VALUES (418, 415, 3, 5, '2025-12', '2026-04-06 07:37:45');
INSERT OR REPLACE INTO "ent_results" ("id", "student_id", "subject_id", "score", "month", "created_at") VALUES (419, 415, 2, 23, '2025-12', '2026-04-06 07:37:45');
INSERT OR REPLACE INTO "ent_results" ("id", "student_id", "subject_id", "score", "month", "created_at") VALUES (420, 415, 4, 25, '2025-12', '2026-04-06 07:37:45');
INSERT OR REPLACE INTO "ent_results" ("id", "student_id", "subject_id", "score", "month", "created_at") VALUES (421, 415, 1, 13, '2026-01', '2026-04-06 07:37:45');
INSERT OR REPLACE INTO "ent_results" ("id", "student_id", "subject_id", "score", "month", "created_at") VALUES (422, 415, 8, 10, '2026-01', '2026-04-06 07:37:45');
INSERT OR REPLACE INTO "ent_results" ("id", "student_id", "subject_id", "score", "month", "created_at") VALUES (423, 415, 3, 7, '2026-01', '2026-04-06 07:37:45');
INSERT OR REPLACE INTO "ent_results" ("id", "student_id", "subject_id", "score", "month", "created_at") VALUES (424, 415, 2, 19, '2026-01', '2026-04-06 07:37:45');
INSERT OR REPLACE INTO "ent_results" ("id", "student_id", "subject_id", "score", "month", "created_at") VALUES (425, 415, 4, 21, '2026-01', '2026-04-06 07:37:45');
INSERT OR REPLACE INTO "ent_results" ("id", "student_id", "subject_id", "score", "month", "created_at") VALUES (426, 415, 1, 8, '2026-02', '2026-04-06 07:37:45');
INSERT OR REPLACE INTO "ent_results" ("id", "student_id", "subject_id", "score", "month", "created_at") VALUES (427, 415, 8, 8, '2026-02', '2026-04-06 07:37:45');
INSERT OR REPLACE INTO "ent_results" ("id", "student_id", "subject_id", "score", "month", "created_at") VALUES (428, 415, 3, 4, '2026-02', '2026-04-06 07:37:45');
INSERT OR REPLACE INTO "ent_results" ("id", "student_id", "subject_id", "score", "month", "created_at") VALUES (429, 415, 2, 18, '2026-02', '2026-04-06 07:37:45');
INSERT OR REPLACE INTO "ent_results" ("id", "student_id", "subject_id", "score", "month", "created_at") VALUES (430, 415, 4, 21, '2026-02', '2026-04-06 07:37:45');
INSERT OR REPLACE INTO "ent_results" ("id", "student_id", "subject_id", "score", "month", "created_at") VALUES (431, 416, 1, 6, '2025-10', '2026-04-06 07:37:45');
INSERT OR REPLACE INTO "ent_results" ("id", "student_id", "subject_id", "score", "month", "created_at") VALUES (432, 416, 8, 5, '2025-10', '2026-04-06 07:37:45');
INSERT OR REPLACE INTO "ent_results" ("id", "student_id", "subject_id", "score", "month", "created_at") VALUES (433, 416, 3, 2, '2025-10', '2026-04-06 07:37:45');
INSERT OR REPLACE INTO "ent_results" ("id", "student_id", "subject_id", "score", "month", "created_at") VALUES (434, 416, 2, 6, '2025-10', '2026-04-06 07:37:45');
INSERT OR REPLACE INTO "ent_results" ("id", "student_id", "subject_id", "score", "month", "created_at") VALUES (435, 416, 4, 18, '2025-10', '2026-04-06 07:37:45');
INSERT OR REPLACE INTO "ent_results" ("id", "student_id", "subject_id", "score", "month", "created_at") VALUES (436, 416, 1, 9, '2025-11', '2026-04-06 07:37:45');
INSERT OR REPLACE INTO "ent_results" ("id", "student_id", "subject_id", "score", "month", "created_at") VALUES (437, 416, 8, 6, '2025-11', '2026-04-06 07:37:45');
INSERT OR REPLACE INTO "ent_results" ("id", "student_id", "subject_id", "score", "month", "created_at") VALUES (438, 416, 3, 7, '2025-11', '2026-04-06 07:37:45');
INSERT OR REPLACE INTO "ent_results" ("id", "student_id", "subject_id", "score", "month", "created_at") VALUES (439, 416, 2, 22, '2025-11', '2026-04-06 07:37:45');
INSERT OR REPLACE INTO "ent_results" ("id", "student_id", "subject_id", "score", "month", "created_at") VALUES (440, 416, 4, 18, '2025-11', '2026-04-06 07:37:45');
INSERT OR REPLACE INTO "ent_results" ("id", "student_id", "subject_id", "score", "month", "created_at") VALUES (441, 416, 1, 6, '2025-12', '2026-04-06 07:37:45');
INSERT OR REPLACE INTO "ent_results" ("id", "student_id", "subject_id", "score", "month", "created_at") VALUES (442, 416, 8, 4, '2025-12', '2026-04-06 07:37:45');
INSERT OR REPLACE INTO "ent_results" ("id", "student_id", "subject_id", "score", "month", "created_at") VALUES (443, 416, 3, 5, '2025-12', '2026-04-06 07:37:45');
INSERT OR REPLACE INTO "ent_results" ("id", "student_id", "subject_id", "score", "month", "created_at") VALUES (444, 416, 2, 13, '2025-12', '2026-04-06 07:37:45');
INSERT OR REPLACE INTO "ent_results" ("id", "student_id", "subject_id", "score", "month", "created_at") VALUES (445, 416, 4, 14, '2025-12', '2026-04-06 07:37:45');
INSERT OR REPLACE INTO "ent_results" ("id", "student_id", "subject_id", "score", "month", "created_at") VALUES (446, 416, 1, 11, '2026-01', '2026-04-06 07:37:45');
INSERT OR REPLACE INTO "ent_results" ("id", "student_id", "subject_id", "score", "month", "created_at") VALUES (447, 416, 8, 4, '2026-01', '2026-04-06 07:37:45');
INSERT OR REPLACE INTO "ent_results" ("id", "student_id", "subject_id", "score", "month", "created_at") VALUES (448, 416, 3, 7, '2026-01', '2026-04-06 07:37:45');
INSERT OR REPLACE INTO "ent_results" ("id", "student_id", "subject_id", "score", "month", "created_at") VALUES (449, 416, 2, 16, '2026-01', '2026-04-06 07:37:45');
INSERT OR REPLACE INTO "ent_results" ("id", "student_id", "subject_id", "score", "month", "created_at") VALUES (450, 416, 4, 18, '2026-01', '2026-04-06 07:37:45');
INSERT OR REPLACE INTO "ent_results" ("id", "student_id", "subject_id", "score", "month", "created_at") VALUES (451, 417, 1, 11, '2025-11', '2026-04-06 07:37:45');
INSERT OR REPLACE INTO "ent_results" ("id", "student_id", "subject_id", "score", "month", "created_at") VALUES (452, 417, 8, 8, '2025-11', '2026-04-06 07:37:45');
INSERT OR REPLACE INTO "ent_results" ("id", "student_id", "subject_id", "score", "month", "created_at") VALUES (453, 417, 3, 5, '2025-11', '2026-04-06 07:37:45');
INSERT OR REPLACE INTO "ent_results" ("id", "student_id", "subject_id", "score", "month", "created_at") VALUES (454, 417, 2, 17, '2025-11', '2026-04-06 07:37:45');
INSERT OR REPLACE INTO "ent_results" ("id", "student_id", "subject_id", "score", "month", "created_at") VALUES (455, 417, 4, 14, '2025-11', '2026-04-06 07:37:45');
INSERT OR REPLACE INTO "ent_results" ("id", "student_id", "subject_id", "score", "month", "created_at") VALUES (456, 417, 1, 9, '2025-12', '2026-04-06 07:37:45');
INSERT OR REPLACE INTO "ent_results" ("id", "student_id", "subject_id", "score", "month", "created_at") VALUES (457, 417, 8, 7, '2025-12', '2026-04-06 07:37:45');
INSERT OR REPLACE INTO "ent_results" ("id", "student_id", "subject_id", "score", "month", "created_at") VALUES (458, 417, 3, 4, '2025-12', '2026-04-06 07:37:45');
INSERT OR REPLACE INTO "ent_results" ("id", "student_id", "subject_id", "score", "month", "created_at") VALUES (459, 417, 2, 26, '2025-12', '2026-04-06 07:37:45');
INSERT OR REPLACE INTO "ent_results" ("id", "student_id", "subject_id", "score", "month", "created_at") VALUES (460, 417, 4, 21, '2025-12', '2026-04-06 07:37:45');
INSERT OR REPLACE INTO "ent_results" ("id", "student_id", "subject_id", "score", "month", "created_at") VALUES (461, 417, 1, 11, '2026-01', '2026-04-06 07:37:45');
INSERT OR REPLACE INTO "ent_results" ("id", "student_id", "subject_id", "score", "month", "created_at") VALUES (462, 417, 8, 10, '2026-01', '2026-04-06 07:37:45');
INSERT OR REPLACE INTO "ent_results" ("id", "student_id", "subject_id", "score", "month", "created_at") VALUES (463, 417, 3, 8, '2026-01', '2026-04-06 07:37:45');
INSERT OR REPLACE INTO "ent_results" ("id", "student_id", "subject_id", "score", "month", "created_at") VALUES (464, 417, 2, 23, '2026-01', '2026-04-06 07:37:45');
INSERT OR REPLACE INTO "ent_results" ("id", "student_id", "subject_id", "score", "month", "created_at") VALUES (465, 417, 4, 13, '2026-01', '2026-04-06 07:37:45');
INSERT OR REPLACE INTO "ent_results" ("id", "student_id", "subject_id", "score", "month", "created_at") VALUES (466, 417, 1, 6, '2026-02', '2026-04-06 07:37:45');
INSERT OR REPLACE INTO "ent_results" ("id", "student_id", "subject_id", "score", "month", "created_at") VALUES (467, 417, 8, 7, '2026-02', '2026-04-06 07:37:45');
INSERT OR REPLACE INTO "ent_results" ("id", "student_id", "subject_id", "score", "month", "created_at") VALUES (468, 417, 3, 6, '2026-02', '2026-04-06 07:37:45');
INSERT OR REPLACE INTO "ent_results" ("id", "student_id", "subject_id", "score", "month", "created_at") VALUES (469, 417, 2, 27, '2026-02', '2026-04-06 07:37:45');
INSERT OR REPLACE INTO "ent_results" ("id", "student_id", "subject_id", "score", "month", "created_at") VALUES (470, 417, 4, 27, '2026-02', '2026-04-06 07:37:45');
INSERT OR REPLACE INTO "ent_results" ("id", "student_id", "subject_id", "score", "month", "created_at") VALUES (471, 418, 1, 11, '2025-11', '2026-04-06 07:37:45');
INSERT OR REPLACE INTO "ent_results" ("id", "student_id", "subject_id", "score", "month", "created_at") VALUES (472, 418, 8, 6, '2025-11', '2026-04-06 07:37:45');
INSERT OR REPLACE INTO "ent_results" ("id", "student_id", "subject_id", "score", "month", "created_at") VALUES (473, 418, 3, 7, '2025-11', '2026-04-06 07:37:45');
INSERT OR REPLACE INTO "ent_results" ("id", "student_id", "subject_id", "score", "month", "created_at") VALUES (474, 418, 2, 14, '2025-11', '2026-04-06 07:37:45');
INSERT OR REPLACE INTO "ent_results" ("id", "student_id", "subject_id", "score", "month", "created_at") VALUES (475, 418, 4, 12, '2025-11', '2026-04-06 07:37:45');
INSERT OR REPLACE INTO "ent_results" ("id", "student_id", "subject_id", "score", "month", "created_at") VALUES (476, 418, 1, 13, '2025-12', '2026-04-06 07:37:45');
INSERT OR REPLACE INTO "ent_results" ("id", "student_id", "subject_id", "score", "month", "created_at") VALUES (477, 418, 8, 8, '2025-12', '2026-04-06 07:37:45');
INSERT OR REPLACE INTO "ent_results" ("id", "student_id", "subject_id", "score", "month", "created_at") VALUES (478, 418, 3, 6, '2025-12', '2026-04-06 07:37:45');
INSERT OR REPLACE INTO "ent_results" ("id", "student_id", "subject_id", "score", "month", "created_at") VALUES (479, 418, 2, 16, '2025-12', '2026-04-06 07:37:45');
INSERT OR REPLACE INTO "ent_results" ("id", "student_id", "subject_id", "score", "month", "created_at") VALUES (480, 418, 4, 20, '2025-12', '2026-04-06 07:37:45');
INSERT OR REPLACE INTO "ent_results" ("id", "student_id", "subject_id", "score", "month", "created_at") VALUES (481, 418, 1, 10, '2026-01', '2026-04-06 07:37:45');
INSERT OR REPLACE INTO "ent_results" ("id", "student_id", "subject_id", "score", "month", "created_at") VALUES (482, 418, 8, 9, '2026-01', '2026-04-06 07:37:45');
INSERT OR REPLACE INTO "ent_results" ("id", "student_id", "subject_id", "score", "month", "created_at") VALUES (483, 418, 3, 6, '2026-01', '2026-04-06 07:37:45');
INSERT OR REPLACE INTO "ent_results" ("id", "student_id", "subject_id", "score", "month", "created_at") VALUES (484, 418, 2, 14, '2026-01', '2026-04-06 07:37:45');
INSERT OR REPLACE INTO "ent_results" ("id", "student_id", "subject_id", "score", "month", "created_at") VALUES (485, 418, 4, 18, '2026-01', '2026-04-06 07:37:45');
INSERT OR REPLACE INTO "ent_results" ("id", "student_id", "subject_id", "score", "month", "created_at") VALUES (486, 418, 1, 8, '2026-02', '2026-04-06 07:37:45');
INSERT OR REPLACE INTO "ent_results" ("id", "student_id", "subject_id", "score", "month", "created_at") VALUES (487, 418, 8, 6, '2026-02', '2026-04-06 07:37:45');
INSERT OR REPLACE INTO "ent_results" ("id", "student_id", "subject_id", "score", "month", "created_at") VALUES (488, 418, 3, 1, '2026-02', '2026-04-06 07:37:45');
INSERT OR REPLACE INTO "ent_results" ("id", "student_id", "subject_id", "score", "month", "created_at") VALUES (489, 418, 2, 17, '2026-02', '2026-04-06 07:37:45');
INSERT OR REPLACE INTO "ent_results" ("id", "student_id", "subject_id", "score", "month", "created_at") VALUES (490, 418, 4, 16, '2026-02', '2026-04-06 07:37:45');
INSERT OR REPLACE INTO "ent_results" ("id", "student_id", "subject_id", "score", "month", "created_at") VALUES (491, 420, 1, 12, '2025-09', '2026-04-06 07:37:45');
INSERT OR REPLACE INTO "ent_results" ("id", "student_id", "subject_id", "score", "month", "created_at") VALUES (492, 420, 8, 9, '2025-09', '2026-04-06 07:37:45');
INSERT OR REPLACE INTO "ent_results" ("id", "student_id", "subject_id", "score", "month", "created_at") VALUES (493, 420, 3, 4, '2025-09', '2026-04-06 07:37:45');
INSERT OR REPLACE INTO "ent_results" ("id", "student_id", "subject_id", "score", "month", "created_at") VALUES (494, 420, 2, 17, '2025-09', '2026-04-06 07:37:45');
INSERT OR REPLACE INTO "ent_results" ("id", "student_id", "subject_id", "score", "month", "created_at") VALUES (495, 420, 4, 16, '2025-09', '2026-04-06 07:37:45');
INSERT OR REPLACE INTO "ent_results" ("id", "student_id", "subject_id", "score", "month", "created_at") VALUES (496, 420, 1, 10, '2025-10', '2026-04-06 07:37:45');
INSERT OR REPLACE INTO "ent_results" ("id", "student_id", "subject_id", "score", "month", "created_at") VALUES (497, 420, 8, 9, '2025-10', '2026-04-06 07:37:45');
INSERT OR REPLACE INTO "ent_results" ("id", "student_id", "subject_id", "score", "month", "created_at") VALUES (498, 420, 3, 4, '2025-10', '2026-04-06 07:37:45');
INSERT OR REPLACE INTO "ent_results" ("id", "student_id", "subject_id", "score", "month", "created_at") VALUES (499, 420, 2, 19, '2025-10', '2026-04-06 07:37:45');
INSERT OR REPLACE INTO "ent_results" ("id", "student_id", "subject_id", "score", "month", "created_at") VALUES (500, 420, 4, 19, '2025-10', '2026-04-06 07:37:45');
INSERT OR REPLACE INTO "ent_results" ("id", "student_id", "subject_id", "score", "month", "created_at") VALUES (501, 420, 1, 9, '2025-11', '2026-04-06 07:37:45');
INSERT OR REPLACE INTO "ent_results" ("id", "student_id", "subject_id", "score", "month", "created_at") VALUES (502, 420, 8, 8, '2025-11', '2026-04-06 07:37:45');
INSERT OR REPLACE INTO "ent_results" ("id", "student_id", "subject_id", "score", "month", "created_at") VALUES (503, 420, 3, 3, '2025-11', '2026-04-06 07:37:45');
INSERT OR REPLACE INTO "ent_results" ("id", "student_id", "subject_id", "score", "month", "created_at") VALUES (504, 420, 2, 10, '2025-11', '2026-04-06 07:37:45');
INSERT OR REPLACE INTO "ent_results" ("id", "student_id", "subject_id", "score", "month", "created_at") VALUES (505, 420, 4, 23, '2025-11', '2026-04-06 07:37:45');
INSERT OR REPLACE INTO "ent_results" ("id", "student_id", "subject_id", "score", "month", "created_at") VALUES (506, 420, 1, 11, '2025-12', '2026-04-06 07:37:45');
INSERT OR REPLACE INTO "ent_results" ("id", "student_id", "subject_id", "score", "month", "created_at") VALUES (507, 420, 8, 8, '2025-12', '2026-04-06 07:37:45');
INSERT OR REPLACE INTO "ent_results" ("id", "student_id", "subject_id", "score", "month", "created_at") VALUES (508, 420, 3, 2, '2025-12', '2026-04-06 07:37:45');
INSERT OR REPLACE INTO "ent_results" ("id", "student_id", "subject_id", "score", "month", "created_at") VALUES (509, 420, 2, 17, '2025-12', '2026-04-06 07:37:45');
INSERT OR REPLACE INTO "ent_results" ("id", "student_id", "subject_id", "score", "month", "created_at") VALUES (510, 420, 4, 30, '2025-12', '2026-04-06 07:37:45');
INSERT OR REPLACE INTO "ent_results" ("id", "student_id", "subject_id", "score", "month", "created_at") VALUES (511, 420, 1, 8, '2026-01', '2026-04-06 07:37:45');
INSERT OR REPLACE INTO "ent_results" ("id", "student_id", "subject_id", "score", "month", "created_at") VALUES (512, 420, 8, 9, '2026-01', '2026-04-06 07:37:45');
INSERT OR REPLACE INTO "ent_results" ("id", "student_id", "subject_id", "score", "month", "created_at") VALUES (513, 420, 3, 6, '2026-01', '2026-04-06 07:37:45');
INSERT OR REPLACE INTO "ent_results" ("id", "student_id", "subject_id", "score", "month", "created_at") VALUES (514, 420, 2, 24, '2026-01', '2026-04-06 07:37:45');
INSERT OR REPLACE INTO "ent_results" ("id", "student_id", "subject_id", "score", "month", "created_at") VALUES (515, 420, 4, 22, '2026-01', '2026-04-06 07:37:45');
INSERT OR REPLACE INTO "ent_results" ("id", "student_id", "subject_id", "score", "month", "created_at") VALUES (516, 420, 1, 5, '2026-02', '2026-04-06 07:37:45');
INSERT OR REPLACE INTO "ent_results" ("id", "student_id", "subject_id", "score", "month", "created_at") VALUES (517, 420, 8, 4, '2026-02', '2026-04-06 07:37:45');
INSERT OR REPLACE INTO "ent_results" ("id", "student_id", "subject_id", "score", "month", "created_at") VALUES (518, 420, 3, 4, '2026-02', '2026-04-06 07:37:45');
INSERT OR REPLACE INTO "ent_results" ("id", "student_id", "subject_id", "score", "month", "created_at") VALUES (519, 420, 2, 19, '2026-02', '2026-04-06 07:37:45');
INSERT OR REPLACE INTO "ent_results" ("id", "student_id", "subject_id", "score", "month", "created_at") VALUES (520, 420, 4, 34, '2026-02', '2026-04-06 07:37:45');
INSERT OR REPLACE INTO "ent_results" ("id", "student_id", "subject_id", "score", "month", "created_at") VALUES (521, 421, 1, 7, '2025-09', '2026-04-06 07:37:45');
INSERT OR REPLACE INTO "ent_results" ("id", "student_id", "subject_id", "score", "month", "created_at") VALUES (522, 421, 8, 5, '2025-09', '2026-04-06 07:37:45');
INSERT OR REPLACE INTO "ent_results" ("id", "student_id", "subject_id", "score", "month", "created_at") VALUES (523, 421, 3, 6, '2025-09', '2026-04-06 07:37:45');
INSERT OR REPLACE INTO "ent_results" ("id", "student_id", "subject_id", "score", "month", "created_at") VALUES (524, 421, 2, 27, '2025-09', '2026-04-06 07:37:45');
INSERT OR REPLACE INTO "ent_results" ("id", "student_id", "subject_id", "score", "month", "created_at") VALUES (525, 421, 4, 32, '2025-09', '2026-04-06 07:37:45');
INSERT OR REPLACE INTO "ent_results" ("id", "student_id", "subject_id", "score", "month", "created_at") VALUES (526, 421, 1, 8, '2025-10', '2026-04-06 07:37:45');
INSERT OR REPLACE INTO "ent_results" ("id", "student_id", "subject_id", "score", "month", "created_at") VALUES (527, 421, 8, 8, '2025-10', '2026-04-06 07:37:45');
INSERT OR REPLACE INTO "ent_results" ("id", "student_id", "subject_id", "score", "month", "created_at") VALUES (528, 421, 3, 9, '2025-10', '2026-04-06 07:37:45');
INSERT OR REPLACE INTO "ent_results" ("id", "student_id", "subject_id", "score", "month", "created_at") VALUES (529, 421, 2, 36, '2025-10', '2026-04-06 07:37:45');
INSERT OR REPLACE INTO "ent_results" ("id", "student_id", "subject_id", "score", "month", "created_at") VALUES (530, 421, 4, 16, '2025-10', '2026-04-06 07:37:45');
INSERT OR REPLACE INTO "ent_results" ("id", "student_id", "subject_id", "score", "month", "created_at") VALUES (531, 421, 1, 12, '2025-11', '2026-04-06 07:37:45');
INSERT OR REPLACE INTO "ent_results" ("id", "student_id", "subject_id", "score", "month", "created_at") VALUES (532, 421, 8, 9, '2025-11', '2026-04-06 07:37:45');
INSERT OR REPLACE INTO "ent_results" ("id", "student_id", "subject_id", "score", "month", "created_at") VALUES (533, 421, 3, 9, '2025-11', '2026-04-06 07:37:45');
INSERT OR REPLACE INTO "ent_results" ("id", "student_id", "subject_id", "score", "month", "created_at") VALUES (534, 421, 2, 26, '2025-11', '2026-04-06 07:37:45');
INSERT OR REPLACE INTO "ent_results" ("id", "student_id", "subject_id", "score", "month", "created_at") VALUES (535, 421, 4, 24, '2025-11', '2026-04-06 07:37:45');
INSERT OR REPLACE INTO "ent_results" ("id", "student_id", "subject_id", "score", "month", "created_at") VALUES (536, 421, 1, 3, '2025-12', '2026-04-06 07:37:45');
INSERT OR REPLACE INTO "ent_results" ("id", "student_id", "subject_id", "score", "month", "created_at") VALUES (537, 421, 8, 8, '2025-12', '2026-04-06 07:37:45');
INSERT OR REPLACE INTO "ent_results" ("id", "student_id", "subject_id", "score", "month", "created_at") VALUES (538, 421, 3, 9, '2025-12', '2026-04-06 07:37:45');
INSERT OR REPLACE INTO "ent_results" ("id", "student_id", "subject_id", "score", "month", "created_at") VALUES (539, 421, 2, 24, '2025-12', '2026-04-06 07:37:45');
INSERT OR REPLACE INTO "ent_results" ("id", "student_id", "subject_id", "score", "month", "created_at") VALUES (540, 421, 4, 28, '2025-12', '2026-04-06 07:37:45');
INSERT OR REPLACE INTO "ent_results" ("id", "student_id", "subject_id", "score", "month", "created_at") VALUES (541, 421, 1, 5, '2026-01', '2026-04-06 07:37:45');
INSERT OR REPLACE INTO "ent_results" ("id", "student_id", "subject_id", "score", "month", "created_at") VALUES (542, 421, 8, 4, '2026-01', '2026-04-06 07:37:45');
INSERT OR REPLACE INTO "ent_results" ("id", "student_id", "subject_id", "score", "month", "created_at") VALUES (543, 421, 3, 8, '2026-01', '2026-04-06 07:37:45');
INSERT OR REPLACE INTO "ent_results" ("id", "student_id", "subject_id", "score", "month", "created_at") VALUES (544, 421, 2, 25, '2026-01', '2026-04-06 07:37:45');
INSERT OR REPLACE INTO "ent_results" ("id", "student_id", "subject_id", "score", "month", "created_at") VALUES (545, 421, 4, 13, '2026-01', '2026-04-06 07:37:45');
INSERT OR REPLACE INTO "ent_results" ("id", "student_id", "subject_id", "score", "month", "created_at") VALUES (546, 421, 1, 8, '2026-02', '2026-04-06 07:37:45');
INSERT OR REPLACE INTO "ent_results" ("id", "student_id", "subject_id", "score", "month", "created_at") VALUES (547, 421, 8, 10, '2026-02', '2026-04-06 07:37:45');
INSERT OR REPLACE INTO "ent_results" ("id", "student_id", "subject_id", "score", "month", "created_at") VALUES (548, 421, 3, 8, '2026-02', '2026-04-06 07:37:45');
INSERT OR REPLACE INTO "ent_results" ("id", "student_id", "subject_id", "score", "month", "created_at") VALUES (549, 421, 2, 29, '2026-02', '2026-04-06 07:37:45');
INSERT OR REPLACE INTO "ent_results" ("id", "student_id", "subject_id", "score", "month", "created_at") VALUES (550, 421, 4, 32, '2026-02', '2026-04-06 07:37:45');
INSERT OR REPLACE INTO "ent_results" ("id", "student_id", "subject_id", "score", "month", "created_at") VALUES (551, 422, 1, 11, '2025-09', '2026-04-06 07:37:45');
INSERT OR REPLACE INTO "ent_results" ("id", "student_id", "subject_id", "score", "month", "created_at") VALUES (552, 422, 8, 6, '2025-09', '2026-04-06 07:37:45');
INSERT OR REPLACE INTO "ent_results" ("id", "student_id", "subject_id", "score", "month", "created_at") VALUES (553, 422, 3, 3, '2025-09', '2026-04-06 07:37:45');
INSERT OR REPLACE INTO "ent_results" ("id", "student_id", "subject_id", "score", "month", "created_at") VALUES (554, 422, 2, 13, '2025-09', '2026-04-06 07:37:45');
INSERT OR REPLACE INTO "ent_results" ("id", "student_id", "subject_id", "score", "month", "created_at") VALUES (555, 422, 4, 23, '2025-09', '2026-04-06 07:37:45');
INSERT OR REPLACE INTO "ent_results" ("id", "student_id", "subject_id", "score", "month", "created_at") VALUES (556, 422, 1, 9, '2025-10', '2026-04-06 07:37:45');
INSERT OR REPLACE INTO "ent_results" ("id", "student_id", "subject_id", "score", "month", "created_at") VALUES (557, 422, 8, 7, '2025-10', '2026-04-06 07:37:45');
INSERT OR REPLACE INTO "ent_results" ("id", "student_id", "subject_id", "score", "month", "created_at") VALUES (558, 422, 3, 2, '2025-10', '2026-04-06 07:37:45');
INSERT OR REPLACE INTO "ent_results" ("id", "student_id", "subject_id", "score", "month", "created_at") VALUES (559, 422, 2, 21, '2025-10', '2026-04-06 07:37:45');
INSERT OR REPLACE INTO "ent_results" ("id", "student_id", "subject_id", "score", "month", "created_at") VALUES (560, 422, 4, 20, '2025-10', '2026-04-06 07:37:45');
INSERT OR REPLACE INTO "ent_results" ("id", "student_id", "subject_id", "score", "month", "created_at") VALUES (561, 422, 1, 11, '2025-11', '2026-04-06 07:37:45');
INSERT OR REPLACE INTO "ent_results" ("id", "student_id", "subject_id", "score", "month", "created_at") VALUES (562, 422, 8, 6, '2025-11', '2026-04-06 07:37:45');
INSERT OR REPLACE INTO "ent_results" ("id", "student_id", "subject_id", "score", "month", "created_at") VALUES (563, 422, 3, 3, '2025-11', '2026-04-06 07:37:45');
INSERT OR REPLACE INTO "ent_results" ("id", "student_id", "subject_id", "score", "month", "created_at") VALUES (564, 422, 2, 17, '2025-11', '2026-04-06 07:37:45');
INSERT OR REPLACE INTO "ent_results" ("id", "student_id", "subject_id", "score", "month", "created_at") VALUES (565, 422, 4, 13, '2025-11', '2026-04-06 07:37:45');
INSERT OR REPLACE INTO "ent_results" ("id", "student_id", "subject_id", "score", "month", "created_at") VALUES (566, 422, 1, 11, '2026-01', '2026-04-06 07:37:45');
INSERT OR REPLACE INTO "ent_results" ("id", "student_id", "subject_id", "score", "month", "created_at") VALUES (567, 422, 8, 9, '2026-01', '2026-04-06 07:37:45');
INSERT OR REPLACE INTO "ent_results" ("id", "student_id", "subject_id", "score", "month", "created_at") VALUES (568, 422, 3, 7, '2026-01', '2026-04-06 07:37:45');
INSERT OR REPLACE INTO "ent_results" ("id", "student_id", "subject_id", "score", "month", "created_at") VALUES (569, 422, 2, 19, '2026-01', '2026-04-06 07:37:45');
INSERT OR REPLACE INTO "ent_results" ("id", "student_id", "subject_id", "score", "month", "created_at") VALUES (570, 422, 4, 15, '2026-01', '2026-04-06 07:37:45');
INSERT OR REPLACE INTO "ent_results" ("id", "student_id", "subject_id", "score", "month", "created_at") VALUES (571, 422, 1, 7, '2026-02', '2026-04-06 07:37:45');
INSERT OR REPLACE INTO "ent_results" ("id", "student_id", "subject_id", "score", "month", "created_at") VALUES (572, 422, 8, 9, '2026-02', '2026-04-06 07:37:45');
INSERT OR REPLACE INTO "ent_results" ("id", "student_id", "subject_id", "score", "month", "created_at") VALUES (573, 422, 3, 7, '2026-02', '2026-04-06 07:37:45');
INSERT OR REPLACE INTO "ent_results" ("id", "student_id", "subject_id", "score", "month", "created_at") VALUES (574, 422, 2, 19, '2026-02', '2026-04-06 07:37:45');
INSERT OR REPLACE INTO "ent_results" ("id", "student_id", "subject_id", "score", "month", "created_at") VALUES (575, 422, 4, 20, '2026-02', '2026-04-06 07:37:45');
INSERT OR REPLACE INTO "ent_results" ("id", "student_id", "subject_id", "score", "month", "created_at") VALUES (576, 423, 1, 5, '2025-09', '2026-04-06 07:37:45');
INSERT OR REPLACE INTO "ent_results" ("id", "student_id", "subject_id", "score", "month", "created_at") VALUES (577, 423, 8, 6, '2025-09', '2026-04-06 07:37:45');
INSERT OR REPLACE INTO "ent_results" ("id", "student_id", "subject_id", "score", "month", "created_at") VALUES (578, 423, 3, 4, '2025-09', '2026-04-06 07:37:45');
INSERT OR REPLACE INTO "ent_results" ("id", "student_id", "subject_id", "score", "month", "created_at") VALUES (579, 423, 2, 18, '2025-09', '2026-04-06 07:37:45');
INSERT OR REPLACE INTO "ent_results" ("id", "student_id", "subject_id", "score", "month", "created_at") VALUES (580, 423, 4, 18, '2025-09', '2026-04-06 07:37:45');
INSERT OR REPLACE INTO "ent_results" ("id", "student_id", "subject_id", "score", "month", "created_at") VALUES (581, 423, 1, 11, '2025-10', '2026-04-06 07:37:45');
INSERT OR REPLACE INTO "ent_results" ("id", "student_id", "subject_id", "score", "month", "created_at") VALUES (582, 423, 8, 7, '2025-10', '2026-04-06 07:37:45');
INSERT OR REPLACE INTO "ent_results" ("id", "student_id", "subject_id", "score", "month", "created_at") VALUES (583, 423, 3, 6, '2025-10', '2026-04-06 07:37:45');
INSERT OR REPLACE INTO "ent_results" ("id", "student_id", "subject_id", "score", "month", "created_at") VALUES (584, 423, 2, 20, '2025-10', '2026-04-06 07:37:45');
INSERT OR REPLACE INTO "ent_results" ("id", "student_id", "subject_id", "score", "month", "created_at") VALUES (585, 423, 4, 18, '2025-10', '2026-04-06 07:37:45');
INSERT OR REPLACE INTO "ent_results" ("id", "student_id", "subject_id", "score", "month", "created_at") VALUES (586, 423, 1, 11, '2025-11', '2026-04-06 07:37:45');
INSERT OR REPLACE INTO "ent_results" ("id", "student_id", "subject_id", "score", "month", "created_at") VALUES (587, 423, 8, 4, '2025-11', '2026-04-06 07:37:45');
INSERT OR REPLACE INTO "ent_results" ("id", "student_id", "subject_id", "score", "month", "created_at") VALUES (588, 423, 3, 2, '2025-11', '2026-04-06 07:37:45');
INSERT OR REPLACE INTO "ent_results" ("id", "student_id", "subject_id", "score", "month", "created_at") VALUES (589, 423, 2, 20, '2025-11', '2026-04-06 07:37:45');
INSERT OR REPLACE INTO "ent_results" ("id", "student_id", "subject_id", "score", "month", "created_at") VALUES (590, 423, 4, 17, '2025-11', '2026-04-06 07:37:45');
INSERT OR REPLACE INTO "ent_results" ("id", "student_id", "subject_id", "score", "month", "created_at") VALUES (591, 423, 1, 20, '2025-12', '2026-04-06 07:37:45');
INSERT OR REPLACE INTO "ent_results" ("id", "student_id", "subject_id", "score", "month", "created_at") VALUES (592, 423, 8, 5, '2025-12', '2026-04-06 07:37:45');
INSERT OR REPLACE INTO "ent_results" ("id", "student_id", "subject_id", "score", "month", "created_at") VALUES (593, 423, 3, 7, '2025-12', '2026-04-06 07:37:45');
INSERT OR REPLACE INTO "ent_results" ("id", "student_id", "subject_id", "score", "month", "created_at") VALUES (594, 423, 2, 22, '2025-12', '2026-04-06 07:37:45');
INSERT OR REPLACE INTO "ent_results" ("id", "student_id", "subject_id", "score", "month", "created_at") VALUES (595, 423, 4, 20, '2025-12', '2026-04-06 07:37:45');
INSERT OR REPLACE INTO "ent_results" ("id", "student_id", "subject_id", "score", "month", "created_at") VALUES (596, 423, 1, 12, '2026-01', '2026-04-06 07:37:45');
INSERT OR REPLACE INTO "ent_results" ("id", "student_id", "subject_id", "score", "month", "created_at") VALUES (597, 423, 8, 4, '2026-01', '2026-04-06 07:37:45');
INSERT OR REPLACE INTO "ent_results" ("id", "student_id", "subject_id", "score", "month", "created_at") VALUES (598, 423, 3, 6, '2026-01', '2026-04-06 07:37:45');
INSERT OR REPLACE INTO "ent_results" ("id", "student_id", "subject_id", "score", "month", "created_at") VALUES (599, 423, 2, 17, '2026-01', '2026-04-06 07:37:45');
INSERT OR REPLACE INTO "ent_results" ("id", "student_id", "subject_id", "score", "month", "created_at") VALUES (600, 423, 4, 22, '2026-01', '2026-04-06 07:37:45');
INSERT OR REPLACE INTO "ent_results" ("id", "student_id", "subject_id", "score", "month", "created_at") VALUES (601, 423, 1, 11, '2026-02', '2026-04-06 07:37:45');
INSERT OR REPLACE INTO "ent_results" ("id", "student_id", "subject_id", "score", "month", "created_at") VALUES (602, 423, 8, 8, '2026-02', '2026-04-06 07:37:45');
INSERT OR REPLACE INTO "ent_results" ("id", "student_id", "subject_id", "score", "month", "created_at") VALUES (603, 423, 3, 2, '2026-02', '2026-04-06 07:37:45');
INSERT OR REPLACE INTO "ent_results" ("id", "student_id", "subject_id", "score", "month", "created_at") VALUES (604, 423, 2, 18, '2026-02', '2026-04-06 07:37:45');
INSERT OR REPLACE INTO "ent_results" ("id", "student_id", "subject_id", "score", "month", "created_at") VALUES (605, 423, 4, 18, '2026-02', '2026-04-06 07:37:45');
INSERT OR REPLACE INTO "ent_results" ("id", "student_id", "subject_id", "score", "month", "created_at") VALUES (606, 424, 1, 12, '2025-09', '2026-04-06 07:37:45');
INSERT OR REPLACE INTO "ent_results" ("id", "student_id", "subject_id", "score", "month", "created_at") VALUES (607, 424, 8, 9, '2025-09', '2026-04-06 07:37:45');
INSERT OR REPLACE INTO "ent_results" ("id", "student_id", "subject_id", "score", "month", "created_at") VALUES (608, 424, 3, 7, '2025-09', '2026-04-06 07:37:45');
INSERT OR REPLACE INTO "ent_results" ("id", "student_id", "subject_id", "score", "month", "created_at") VALUES (609, 424, 2, 18, '2025-09', '2026-04-06 07:37:45');
INSERT OR REPLACE INTO "ent_results" ("id", "student_id", "subject_id", "score", "month", "created_at") VALUES (610, 424, 4, 36, '2025-09', '2026-04-06 07:37:45');
INSERT OR REPLACE INTO "ent_results" ("id", "student_id", "subject_id", "score", "month", "created_at") VALUES (611, 424, 1, 12, '2025-10', '2026-04-06 07:37:45');
INSERT OR REPLACE INTO "ent_results" ("id", "student_id", "subject_id", "score", "month", "created_at") VALUES (612, 424, 8, 9, '2025-10', '2026-04-06 07:37:45');
INSERT OR REPLACE INTO "ent_results" ("id", "student_id", "subject_id", "score", "month", "created_at") VALUES (613, 424, 3, 9, '2025-10', '2026-04-06 07:37:45');
INSERT OR REPLACE INTO "ent_results" ("id", "student_id", "subject_id", "score", "month", "created_at") VALUES (614, 424, 2, 35, '2025-10', '2026-04-06 07:37:45');
INSERT OR REPLACE INTO "ent_results" ("id", "student_id", "subject_id", "score", "month", "created_at") VALUES (615, 424, 4, 29, '2025-10', '2026-04-06 07:37:45');
INSERT OR REPLACE INTO "ent_results" ("id", "student_id", "subject_id", "score", "month", "created_at") VALUES (616, 424, 1, 12, '2025-11', '2026-04-06 07:37:45');
INSERT OR REPLACE INTO "ent_results" ("id", "student_id", "subject_id", "score", "month", "created_at") VALUES (617, 424, 8, 8, '2025-11', '2026-04-06 07:37:45');
INSERT OR REPLACE INTO "ent_results" ("id", "student_id", "subject_id", "score", "month", "created_at") VALUES (618, 424, 3, 8, '2025-11', '2026-04-06 07:37:45');
INSERT OR REPLACE INTO "ent_results" ("id", "student_id", "subject_id", "score", "month", "created_at") VALUES (619, 424, 2, 31, '2025-11', '2026-04-06 07:37:45');
INSERT OR REPLACE INTO "ent_results" ("id", "student_id", "subject_id", "score", "month", "created_at") VALUES (620, 424, 4, 35, '2025-11', '2026-04-06 07:37:45');
INSERT OR REPLACE INTO "ent_results" ("id", "student_id", "subject_id", "score", "month", "created_at") VALUES (621, 424, 1, 14, '2025-12', '2026-04-06 07:37:45');
INSERT OR REPLACE INTO "ent_results" ("id", "student_id", "subject_id", "score", "month", "created_at") VALUES (622, 424, 8, 9, '2025-12', '2026-04-06 07:37:45');
INSERT OR REPLACE INTO "ent_results" ("id", "student_id", "subject_id", "score", "month", "created_at") VALUES (623, 424, 3, 9, '2025-12', '2026-04-06 07:37:45');
INSERT OR REPLACE INTO "ent_results" ("id", "student_id", "subject_id", "score", "month", "created_at") VALUES (624, 424, 2, 30, '2025-12', '2026-04-06 07:37:45');
INSERT OR REPLACE INTO "ent_results" ("id", "student_id", "subject_id", "score", "month", "created_at") VALUES (625, 424, 4, 33, '2025-12', '2026-04-06 07:37:45');
INSERT OR REPLACE INTO "ent_results" ("id", "student_id", "subject_id", "score", "month", "created_at") VALUES (626, 424, 1, 14, '2026-01', '2026-04-06 07:37:45');
INSERT OR REPLACE INTO "ent_results" ("id", "student_id", "subject_id", "score", "month", "created_at") VALUES (627, 424, 8, 8, '2026-01', '2026-04-06 07:37:45');
INSERT OR REPLACE INTO "ent_results" ("id", "student_id", "subject_id", "score", "month", "created_at") VALUES (628, 424, 3, 9, '2026-01', '2026-04-06 07:37:45');
INSERT OR REPLACE INTO "ent_results" ("id", "student_id", "subject_id", "score", "month", "created_at") VALUES (629, 424, 2, 34, '2026-01', '2026-04-06 07:37:45');
INSERT OR REPLACE INTO "ent_results" ("id", "student_id", "subject_id", "score", "month", "created_at") VALUES (630, 424, 4, 29, '2026-01', '2026-04-06 07:37:45');
INSERT OR REPLACE INTO "ent_results" ("id", "student_id", "subject_id", "score", "month", "created_at") VALUES (631, 425, 1, 7, '2025-09', '2026-04-06 07:37:45');
INSERT OR REPLACE INTO "ent_results" ("id", "student_id", "subject_id", "score", "month", "created_at") VALUES (632, 425, 8, 7, '2025-09', '2026-04-06 07:37:45');
INSERT OR REPLACE INTO "ent_results" ("id", "student_id", "subject_id", "score", "month", "created_at") VALUES (633, 425, 3, 5, '2025-09', '2026-04-06 07:37:45');
INSERT OR REPLACE INTO "ent_results" ("id", "student_id", "subject_id", "score", "month", "created_at") VALUES (634, 425, 2, 18, '2025-09', '2026-04-06 07:37:45');
INSERT OR REPLACE INTO "ent_results" ("id", "student_id", "subject_id", "score", "month", "created_at") VALUES (635, 425, 4, 21, '2025-09', '2026-04-06 07:37:45');
INSERT OR REPLACE INTO "ent_results" ("id", "student_id", "subject_id", "score", "month", "created_at") VALUES (636, 425, 1, 7, '2025-10', '2026-04-06 07:37:45');
INSERT OR REPLACE INTO "ent_results" ("id", "student_id", "subject_id", "score", "month", "created_at") VALUES (637, 425, 8, 8, '2025-10', '2026-04-06 07:37:45');
INSERT OR REPLACE INTO "ent_results" ("id", "student_id", "subject_id", "score", "month", "created_at") VALUES (638, 425, 3, 6, '2025-10', '2026-04-06 07:37:45');
INSERT OR REPLACE INTO "ent_results" ("id", "student_id", "subject_id", "score", "month", "created_at") VALUES (639, 425, 2, 18, '2025-10', '2026-04-06 07:37:45');
INSERT OR REPLACE INTO "ent_results" ("id", "student_id", "subject_id", "score", "month", "created_at") VALUES (640, 425, 4, 15, '2025-10', '2026-04-06 07:37:45');
INSERT OR REPLACE INTO "ent_results" ("id", "student_id", "subject_id", "score", "month", "created_at") VALUES (641, 425, 1, 16, '2025-11', '2026-04-06 07:37:45');
INSERT OR REPLACE INTO "ent_results" ("id", "student_id", "subject_id", "score", "month", "created_at") VALUES (642, 425, 8, 7, '2025-11', '2026-04-06 07:37:45');
INSERT OR REPLACE INTO "ent_results" ("id", "student_id", "subject_id", "score", "month", "created_at") VALUES (643, 425, 3, 6, '2025-11', '2026-04-06 07:37:45');
INSERT OR REPLACE INTO "ent_results" ("id", "student_id", "subject_id", "score", "month", "created_at") VALUES (644, 425, 2, 21, '2025-11', '2026-04-06 07:37:45');
INSERT OR REPLACE INTO "ent_results" ("id", "student_id", "subject_id", "score", "month", "created_at") VALUES (645, 425, 4, 28, '2025-11', '2026-04-06 07:37:45');
INSERT OR REPLACE INTO "ent_results" ("id", "student_id", "subject_id", "score", "month", "created_at") VALUES (646, 425, 1, 13, '2025-12', '2026-04-06 07:37:45');
INSERT OR REPLACE INTO "ent_results" ("id", "student_id", "subject_id", "score", "month", "created_at") VALUES (647, 425, 8, 10, '2025-12', '2026-04-06 07:37:45');
INSERT OR REPLACE INTO "ent_results" ("id", "student_id", "subject_id", "score", "month", "created_at") VALUES (648, 425, 3, 6, '2025-12', '2026-04-06 07:37:45');
INSERT OR REPLACE INTO "ent_results" ("id", "student_id", "subject_id", "score", "month", "created_at") VALUES (649, 425, 2, 30, '2025-12', '2026-04-06 07:37:45');
INSERT OR REPLACE INTO "ent_results" ("id", "student_id", "subject_id", "score", "month", "created_at") VALUES (650, 425, 4, 37, '2025-12', '2026-04-06 07:37:45');
INSERT OR REPLACE INTO "ent_results" ("id", "student_id", "subject_id", "score", "month", "created_at") VALUES (651, 425, 1, 10, '2026-01', '2026-04-06 07:37:45');
INSERT OR REPLACE INTO "ent_results" ("id", "student_id", "subject_id", "score", "month", "created_at") VALUES (652, 425, 8, 10, '2026-01', '2026-04-06 07:37:45');
INSERT OR REPLACE INTO "ent_results" ("id", "student_id", "subject_id", "score", "month", "created_at") VALUES (653, 425, 3, 9, '2026-01', '2026-04-06 07:37:45');
INSERT OR REPLACE INTO "ent_results" ("id", "student_id", "subject_id", "score", "month", "created_at") VALUES (654, 425, 2, 31, '2026-01', '2026-04-06 07:37:45');
INSERT OR REPLACE INTO "ent_results" ("id", "student_id", "subject_id", "score", "month", "created_at") VALUES (655, 425, 4, 33, '2026-01', '2026-04-06 07:37:45');
INSERT OR REPLACE INTO "ent_results" ("id", "student_id", "subject_id", "score", "month", "created_at") VALUES (656, 426, 1, 8, '2025-09', '2026-04-06 07:37:45');
INSERT OR REPLACE INTO "ent_results" ("id", "student_id", "subject_id", "score", "month", "created_at") VALUES (657, 426, 8, 9, '2025-09', '2026-04-06 07:37:45');
INSERT OR REPLACE INTO "ent_results" ("id", "student_id", "subject_id", "score", "month", "created_at") VALUES (658, 426, 3, 5, '2025-09', '2026-04-06 07:37:45');
INSERT OR REPLACE INTO "ent_results" ("id", "student_id", "subject_id", "score", "month", "created_at") VALUES (659, 426, 2, 18, '2025-09', '2026-04-06 07:37:45');
INSERT OR REPLACE INTO "ent_results" ("id", "student_id", "subject_id", "score", "month", "created_at") VALUES (660, 426, 4, 34, '2025-09', '2026-04-06 07:37:45');
INSERT OR REPLACE INTO "ent_results" ("id", "student_id", "subject_id", "score", "month", "created_at") VALUES (661, 426, 1, 9, '2025-10', '2026-04-06 07:37:45');
INSERT OR REPLACE INTO "ent_results" ("id", "student_id", "subject_id", "score", "month", "created_at") VALUES (662, 426, 8, 8, '2025-10', '2026-04-06 07:37:45');
INSERT OR REPLACE INTO "ent_results" ("id", "student_id", "subject_id", "score", "month", "created_at") VALUES (663, 426, 3, 6, '2025-10', '2026-04-06 07:37:45');
INSERT OR REPLACE INTO "ent_results" ("id", "student_id", "subject_id", "score", "month", "created_at") VALUES (664, 426, 2, 27, '2025-10', '2026-04-06 07:37:45');
INSERT OR REPLACE INTO "ent_results" ("id", "student_id", "subject_id", "score", "month", "created_at") VALUES (665, 426, 4, 37, '2025-10', '2026-04-06 07:37:45');
INSERT OR REPLACE INTO "ent_results" ("id", "student_id", "subject_id", "score", "month", "created_at") VALUES (666, 426, 1, 13, '2025-12', '2026-04-06 07:37:45');
INSERT OR REPLACE INTO "ent_results" ("id", "student_id", "subject_id", "score", "month", "created_at") VALUES (667, 426, 8, 8, '2025-12', '2026-04-06 07:37:45');
INSERT OR REPLACE INTO "ent_results" ("id", "student_id", "subject_id", "score", "month", "created_at") VALUES (668, 426, 3, 9, '2025-12', '2026-04-06 07:37:45');
INSERT OR REPLACE INTO "ent_results" ("id", "student_id", "subject_id", "score", "month", "created_at") VALUES (669, 426, 2, 25, '2025-12', '2026-04-06 07:37:45');
INSERT OR REPLACE INTO "ent_results" ("id", "student_id", "subject_id", "score", "month", "created_at") VALUES (670, 426, 4, 28, '2025-12', '2026-04-06 07:37:45');
INSERT OR REPLACE INTO "ent_results" ("id", "student_id", "subject_id", "score", "month", "created_at") VALUES (671, 426, 1, 9, '2026-01', '2026-04-06 07:37:45');
INSERT OR REPLACE INTO "ent_results" ("id", "student_id", "subject_id", "score", "month", "created_at") VALUES (672, 426, 8, 6, '2026-01', '2026-04-06 07:37:45');
INSERT OR REPLACE INTO "ent_results" ("id", "student_id", "subject_id", "score", "month", "created_at") VALUES (673, 426, 3, 9, '2026-01', '2026-04-06 07:37:45');
INSERT OR REPLACE INTO "ent_results" ("id", "student_id", "subject_id", "score", "month", "created_at") VALUES (674, 426, 2, 29, '2026-01', '2026-04-06 07:37:45');
INSERT OR REPLACE INTO "ent_results" ("id", "student_id", "subject_id", "score", "month", "created_at") VALUES (675, 426, 4, 29, '2026-01', '2026-04-06 07:37:45');
INSERT OR REPLACE INTO "ent_results" ("id", "student_id", "subject_id", "score", "month", "created_at") VALUES (676, 426, 1, 10, '2026-02', '2026-04-06 07:37:45');
INSERT OR REPLACE INTO "ent_results" ("id", "student_id", "subject_id", "score", "month", "created_at") VALUES (677, 426, 8, 10, '2026-02', '2026-04-06 07:37:45');
INSERT OR REPLACE INTO "ent_results" ("id", "student_id", "subject_id", "score", "month", "created_at") VALUES (678, 426, 3, 5, '2026-02', '2026-04-06 07:37:45');
INSERT OR REPLACE INTO "ent_results" ("id", "student_id", "subject_id", "score", "month", "created_at") VALUES (679, 426, 2, 23, '2026-02', '2026-04-06 07:37:45');
INSERT OR REPLACE INTO "ent_results" ("id", "student_id", "subject_id", "score", "month", "created_at") VALUES (680, 426, 4, 36, '2026-02', '2026-04-06 07:37:45');
INSERT OR REPLACE INTO "ent_results" ("id", "student_id", "subject_id", "score", "month", "created_at") VALUES (681, 427, 1, 9, '2025-09', '2026-04-06 07:37:45');
INSERT OR REPLACE INTO "ent_results" ("id", "student_id", "subject_id", "score", "month", "created_at") VALUES (682, 427, 8, 6, '2025-09', '2026-04-06 07:37:45');
INSERT OR REPLACE INTO "ent_results" ("id", "student_id", "subject_id", "score", "month", "created_at") VALUES (683, 427, 3, 7, '2025-09', '2026-04-06 07:37:45');
INSERT OR REPLACE INTO "ent_results" ("id", "student_id", "subject_id", "score", "month", "created_at") VALUES (684, 427, 2, 22, '2025-09', '2026-04-06 07:37:45');
INSERT OR REPLACE INTO "ent_results" ("id", "student_id", "subject_id", "score", "month", "created_at") VALUES (685, 427, 4, 35, '2025-09', '2026-04-06 07:37:45');
INSERT OR REPLACE INTO "ent_results" ("id", "student_id", "subject_id", "score", "month", "created_at") VALUES (686, 427, 1, 9, '2025-10', '2026-04-06 07:37:45');
INSERT OR REPLACE INTO "ent_results" ("id", "student_id", "subject_id", "score", "month", "created_at") VALUES (687, 427, 8, 6, '2025-10', '2026-04-06 07:37:45');
INSERT OR REPLACE INTO "ent_results" ("id", "student_id", "subject_id", "score", "month", "created_at") VALUES (688, 427, 3, 7, '2025-10', '2026-04-06 07:37:45');
INSERT OR REPLACE INTO "ent_results" ("id", "student_id", "subject_id", "score", "month", "created_at") VALUES (689, 427, 2, 22, '2025-10', '2026-04-06 07:37:45');
INSERT OR REPLACE INTO "ent_results" ("id", "student_id", "subject_id", "score", "month", "created_at") VALUES (690, 427, 4, 35, '2025-10', '2026-04-06 07:37:45');
INSERT OR REPLACE INTO "ent_results" ("id", "student_id", "subject_id", "score", "month", "created_at") VALUES (691, 427, 1, 12, '2025-11', '2026-04-06 07:37:45');
INSERT OR REPLACE INTO "ent_results" ("id", "student_id", "subject_id", "score", "month", "created_at") VALUES (692, 427, 8, 7, '2025-11', '2026-04-06 07:37:45');
INSERT OR REPLACE INTO "ent_results" ("id", "student_id", "subject_id", "score", "month", "created_at") VALUES (693, 427, 3, 3, '2025-11', '2026-04-06 07:37:45');
INSERT OR REPLACE INTO "ent_results" ("id", "student_id", "subject_id", "score", "month", "created_at") VALUES (694, 427, 2, 26, '2025-11', '2026-04-06 07:37:45');
INSERT OR REPLACE INTO "ent_results" ("id", "student_id", "subject_id", "score", "month", "created_at") VALUES (695, 427, 4, 18, '2025-11', '2026-04-06 07:37:45');
INSERT OR REPLACE INTO "ent_results" ("id", "student_id", "subject_id", "score", "month", "created_at") VALUES (696, 427, 1, 11, '2025-12', '2026-04-06 07:37:45');
INSERT OR REPLACE INTO "ent_results" ("id", "student_id", "subject_id", "score", "month", "created_at") VALUES (697, 427, 8, 9, '2025-12', '2026-04-06 07:37:45');
INSERT OR REPLACE INTO "ent_results" ("id", "student_id", "subject_id", "score", "month", "created_at") VALUES (698, 427, 3, 5, '2025-12', '2026-04-06 07:37:45');
INSERT OR REPLACE INTO "ent_results" ("id", "student_id", "subject_id", "score", "month", "created_at") VALUES (699, 427, 2, 19, '2025-12', '2026-04-06 07:37:45');
INSERT OR REPLACE INTO "ent_results" ("id", "student_id", "subject_id", "score", "month", "created_at") VALUES (700, 427, 4, 22, '2025-12', '2026-04-06 07:37:45');
INSERT OR REPLACE INTO "ent_results" ("id", "student_id", "subject_id", "score", "month", "created_at") VALUES (701, 427, 1, 7, '2026-01', '2026-04-06 07:37:45');
INSERT OR REPLACE INTO "ent_results" ("id", "student_id", "subject_id", "score", "month", "created_at") VALUES (702, 427, 8, 9, '2026-01', '2026-04-06 07:37:45');
INSERT OR REPLACE INTO "ent_results" ("id", "student_id", "subject_id", "score", "month", "created_at") VALUES (703, 427, 3, 7, '2026-01', '2026-04-06 07:37:45');
INSERT OR REPLACE INTO "ent_results" ("id", "student_id", "subject_id", "score", "month", "created_at") VALUES (704, 427, 2, 19, '2026-01', '2026-04-06 07:37:45');
INSERT OR REPLACE INTO "ent_results" ("id", "student_id", "subject_id", "score", "month", "created_at") VALUES (705, 427, 4, 25, '2026-01', '2026-04-06 07:37:45');
INSERT OR REPLACE INTO "ent_results" ("id", "student_id", "subject_id", "score", "month", "created_at") VALUES (706, 427, 1, 8, '2026-02', '2026-04-06 07:37:45');
INSERT OR REPLACE INTO "ent_results" ("id", "student_id", "subject_id", "score", "month", "created_at") VALUES (707, 427, 8, 8, '2026-02', '2026-04-06 07:37:45');
INSERT OR REPLACE INTO "ent_results" ("id", "student_id", "subject_id", "score", "month", "created_at") VALUES (708, 427, 3, 3, '2026-02', '2026-04-06 07:37:45');
INSERT OR REPLACE INTO "ent_results" ("id", "student_id", "subject_id", "score", "month", "created_at") VALUES (709, 427, 2, 30, '2026-02', '2026-04-06 07:37:45');
INSERT OR REPLACE INTO "ent_results" ("id", "student_id", "subject_id", "score", "month", "created_at") VALUES (710, 427, 4, 27, '2026-02', '2026-04-06 07:37:45');
INSERT OR REPLACE INTO "ent_results" ("id", "student_id", "subject_id", "score", "month", "created_at") VALUES (711, 428, 1, 10, '2025-10', '2026-04-06 07:37:45');
INSERT OR REPLACE INTO "ent_results" ("id", "student_id", "subject_id", "score", "month", "created_at") VALUES (712, 428, 8, 10, '2025-10', '2026-04-06 07:37:45');
INSERT OR REPLACE INTO "ent_results" ("id", "student_id", "subject_id", "score", "month", "created_at") VALUES (713, 428, 3, 7, '2025-10', '2026-04-06 07:37:45');
INSERT OR REPLACE INTO "ent_results" ("id", "student_id", "subject_id", "score", "month", "created_at") VALUES (714, 428, 2, 27, '2025-10', '2026-04-06 07:37:45');
INSERT OR REPLACE INTO "ent_results" ("id", "student_id", "subject_id", "score", "month", "created_at") VALUES (715, 428, 4, 0, '2025-10', '2026-04-06 07:37:45');
INSERT OR REPLACE INTO "ent_results" ("id", "student_id", "subject_id", "score", "month", "created_at") VALUES (716, 428, 1, 16, '2025-11', '2026-04-06 07:37:45');
INSERT OR REPLACE INTO "ent_results" ("id", "student_id", "subject_id", "score", "month", "created_at") VALUES (717, 428, 8, 9, '2025-11', '2026-04-06 07:37:45');
INSERT OR REPLACE INTO "ent_results" ("id", "student_id", "subject_id", "score", "month", "created_at") VALUES (718, 428, 3, 7, '2025-11', '2026-04-06 07:37:45');
INSERT OR REPLACE INTO "ent_results" ("id", "student_id", "subject_id", "score", "month", "created_at") VALUES (719, 428, 2, 23, '2025-11', '2026-04-06 07:37:45');
INSERT OR REPLACE INTO "ent_results" ("id", "student_id", "subject_id", "score", "month", "created_at") VALUES (720, 428, 4, 29, '2025-11', '2026-04-06 07:37:45');
INSERT OR REPLACE INTO "ent_results" ("id", "student_id", "subject_id", "score", "month", "created_at") VALUES (721, 428, 1, 9, '2025-12', '2026-04-06 07:37:45');
INSERT OR REPLACE INTO "ent_results" ("id", "student_id", "subject_id", "score", "month", "created_at") VALUES (722, 428, 8, 8, '2025-12', '2026-04-06 07:37:45');
INSERT OR REPLACE INTO "ent_results" ("id", "student_id", "subject_id", "score", "month", "created_at") VALUES (723, 428, 3, 7, '2025-12', '2026-04-06 07:37:45');
INSERT OR REPLACE INTO "ent_results" ("id", "student_id", "subject_id", "score", "month", "created_at") VALUES (724, 428, 2, 32, '2025-12', '2026-04-06 07:37:45');
INSERT OR REPLACE INTO "ent_results" ("id", "student_id", "subject_id", "score", "month", "created_at") VALUES (725, 428, 4, 30, '2025-12', '2026-04-06 07:37:45');
INSERT OR REPLACE INTO "ent_results" ("id", "student_id", "subject_id", "score", "month", "created_at") VALUES (726, 428, 1, 11, '2026-01', '2026-04-06 07:37:45');
INSERT OR REPLACE INTO "ent_results" ("id", "student_id", "subject_id", "score", "month", "created_at") VALUES (727, 428, 8, 9, '2026-01', '2026-04-06 07:37:45');
INSERT OR REPLACE INTO "ent_results" ("id", "student_id", "subject_id", "score", "month", "created_at") VALUES (728, 428, 3, 9, '2026-01', '2026-04-06 07:37:45');
INSERT OR REPLACE INTO "ent_results" ("id", "student_id", "subject_id", "score", "month", "created_at") VALUES (729, 428, 2, 21, '2026-01', '2026-04-06 07:37:45');
INSERT OR REPLACE INTO "ent_results" ("id", "student_id", "subject_id", "score", "month", "created_at") VALUES (730, 428, 4, 30, '2026-01', '2026-04-06 07:37:45');
INSERT OR REPLACE INTO "ent_results" ("id", "student_id", "subject_id", "score", "month", "created_at") VALUES (731, 428, 1, 12, '2026-02', '2026-04-06 07:37:45');
INSERT OR REPLACE INTO "ent_results" ("id", "student_id", "subject_id", "score", "month", "created_at") VALUES (732, 428, 8, 10, '2026-02', '2026-04-06 07:37:45');
INSERT OR REPLACE INTO "ent_results" ("id", "student_id", "subject_id", "score", "month", "created_at") VALUES (733, 428, 3, 3, '2026-02', '2026-04-06 07:37:45');
INSERT OR REPLACE INTO "ent_results" ("id", "student_id", "subject_id", "score", "month", "created_at") VALUES (734, 428, 2, 22, '2026-02', '2026-04-06 07:37:45');
INSERT OR REPLACE INTO "ent_results" ("id", "student_id", "subject_id", "score", "month", "created_at") VALUES (735, 428, 4, 37, '2026-02', '2026-04-06 07:37:45');
INSERT OR REPLACE INTO "ent_results" ("id", "student_id", "subject_id", "score", "month", "created_at") VALUES (736, 429, 1, 5, '2025-09', '2026-04-06 07:37:45');
INSERT OR REPLACE INTO "ent_results" ("id", "student_id", "subject_id", "score", "month", "created_at") VALUES (737, 429, 8, 8, '2025-09', '2026-04-06 07:37:45');
INSERT OR REPLACE INTO "ent_results" ("id", "student_id", "subject_id", "score", "month", "created_at") VALUES (738, 429, 3, 4, '2025-09', '2026-04-06 07:37:45');
INSERT OR REPLACE INTO "ent_results" ("id", "student_id", "subject_id", "score", "month", "created_at") VALUES (739, 429, 2, 19, '2025-09', '2026-04-06 07:37:45');
INSERT OR REPLACE INTO "ent_results" ("id", "student_id", "subject_id", "score", "month", "created_at") VALUES (740, 429, 4, 24, '2025-09', '2026-04-06 07:37:45');
INSERT OR REPLACE INTO "ent_results" ("id", "student_id", "subject_id", "score", "month", "created_at") VALUES (741, 429, 1, 7, '2025-10', '2026-04-06 07:37:45');
INSERT OR REPLACE INTO "ent_results" ("id", "student_id", "subject_id", "score", "month", "created_at") VALUES (742, 429, 8, 8, '2025-10', '2026-04-06 07:37:45');
INSERT OR REPLACE INTO "ent_results" ("id", "student_id", "subject_id", "score", "month", "created_at") VALUES (743, 429, 3, 7, '2025-10', '2026-04-06 07:37:45');
INSERT OR REPLACE INTO "ent_results" ("id", "student_id", "subject_id", "score", "month", "created_at") VALUES (744, 429, 2, 24, '2025-10', '2026-04-06 07:37:45');
INSERT OR REPLACE INTO "ent_results" ("id", "student_id", "subject_id", "score", "month", "created_at") VALUES (745, 429, 4, 23, '2025-10', '2026-04-06 07:37:45');
INSERT OR REPLACE INTO "ent_results" ("id", "student_id", "subject_id", "score", "month", "created_at") VALUES (746, 429, 1, 11, '2025-11', '2026-04-06 07:37:45');
INSERT OR REPLACE INTO "ent_results" ("id", "student_id", "subject_id", "score", "month", "created_at") VALUES (747, 429, 8, 8, '2025-11', '2026-04-06 07:37:45');
INSERT OR REPLACE INTO "ent_results" ("id", "student_id", "subject_id", "score", "month", "created_at") VALUES (748, 429, 3, 9, '2025-11', '2026-04-06 07:37:45');
INSERT OR REPLACE INTO "ent_results" ("id", "student_id", "subject_id", "score", "month", "created_at") VALUES (749, 429, 2, 25, '2025-11', '2026-04-06 07:37:45');
INSERT OR REPLACE INTO "ent_results" ("id", "student_id", "subject_id", "score", "month", "created_at") VALUES (750, 429, 4, 19, '2025-11', '2026-04-06 07:37:45');
INSERT OR REPLACE INTO "ent_results" ("id", "student_id", "subject_id", "score", "month", "created_at") VALUES (751, 429, 1, 11, '2025-12', '2026-04-06 07:37:45');
INSERT OR REPLACE INTO "ent_results" ("id", "student_id", "subject_id", "score", "month", "created_at") VALUES (752, 429, 8, 10, '2025-12', '2026-04-06 07:37:45');
INSERT OR REPLACE INTO "ent_results" ("id", "student_id", "subject_id", "score", "month", "created_at") VALUES (753, 429, 3, 7, '2025-12', '2026-04-06 07:37:45');
INSERT OR REPLACE INTO "ent_results" ("id", "student_id", "subject_id", "score", "month", "created_at") VALUES (754, 429, 2, 27, '2025-12', '2026-04-06 07:37:45');
INSERT OR REPLACE INTO "ent_results" ("id", "student_id", "subject_id", "score", "month", "created_at") VALUES (755, 429, 4, 35, '2025-12', '2026-04-06 07:37:45');
INSERT OR REPLACE INTO "ent_results" ("id", "student_id", "subject_id", "score", "month", "created_at") VALUES (756, 429, 1, 13, '2026-01', '2026-04-06 07:37:45');
INSERT OR REPLACE INTO "ent_results" ("id", "student_id", "subject_id", "score", "month", "created_at") VALUES (757, 429, 8, 9, '2026-01', '2026-04-06 07:37:45');
INSERT OR REPLACE INTO "ent_results" ("id", "student_id", "subject_id", "score", "month", "created_at") VALUES (758, 429, 3, 10, '2026-01', '2026-04-06 07:37:45');
INSERT OR REPLACE INTO "ent_results" ("id", "student_id", "subject_id", "score", "month", "created_at") VALUES (759, 429, 2, 22, '2026-01', '2026-04-06 07:37:45');
INSERT OR REPLACE INTO "ent_results" ("id", "student_id", "subject_id", "score", "month", "created_at") VALUES (760, 429, 4, 26, '2026-01', '2026-04-06 07:37:45');
INSERT OR REPLACE INTO "ent_results" ("id", "student_id", "subject_id", "score", "month", "created_at") VALUES (761, 429, 1, 9, '2026-02', '2026-04-06 07:37:45');
INSERT OR REPLACE INTO "ent_results" ("id", "student_id", "subject_id", "score", "month", "created_at") VALUES (762, 429, 8, 10, '2026-02', '2026-04-06 07:37:45');
INSERT OR REPLACE INTO "ent_results" ("id", "student_id", "subject_id", "score", "month", "created_at") VALUES (763, 429, 3, 6, '2026-02', '2026-04-06 07:37:45');
INSERT OR REPLACE INTO "ent_results" ("id", "student_id", "subject_id", "score", "month", "created_at") VALUES (764, 429, 2, 31, '2026-02', '2026-04-06 07:37:45');
INSERT OR REPLACE INTO "ent_results" ("id", "student_id", "subject_id", "score", "month", "created_at") VALUES (765, 429, 4, 38, '2026-02', '2026-04-06 07:37:45');
INSERT OR REPLACE INTO "ent_results" ("id", "student_id", "subject_id", "score", "month", "created_at") VALUES (766, 430, 1, 6, '2025-09', '2026-04-06 07:37:45');
INSERT OR REPLACE INTO "ent_results" ("id", "student_id", "subject_id", "score", "month", "created_at") VALUES (767, 430, 8, 9, '2025-09', '2026-04-06 07:37:45');
INSERT OR REPLACE INTO "ent_results" ("id", "student_id", "subject_id", "score", "month", "created_at") VALUES (768, 430, 3, 6, '2025-09', '2026-04-06 07:37:45');
INSERT OR REPLACE INTO "ent_results" ("id", "student_id", "subject_id", "score", "month", "created_at") VALUES (769, 430, 2, 20, '2025-09', '2026-04-06 07:37:45');
INSERT OR REPLACE INTO "ent_results" ("id", "student_id", "subject_id", "score", "month", "created_at") VALUES (770, 430, 4, 24, '2025-09', '2026-04-06 07:37:45');
INSERT OR REPLACE INTO "ent_results" ("id", "student_id", "subject_id", "score", "month", "created_at") VALUES (771, 430, 1, 8, '2025-10', '2026-04-06 07:37:45');
INSERT OR REPLACE INTO "ent_results" ("id", "student_id", "subject_id", "score", "month", "created_at") VALUES (772, 430, 8, 7, '2025-10', '2026-04-06 07:37:45');
INSERT OR REPLACE INTO "ent_results" ("id", "student_id", "subject_id", "score", "month", "created_at") VALUES (773, 430, 3, 5, '2025-10', '2026-04-06 07:37:45');
INSERT OR REPLACE INTO "ent_results" ("id", "student_id", "subject_id", "score", "month", "created_at") VALUES (774, 430, 2, 28, '2025-10', '2026-04-06 07:37:45');
INSERT OR REPLACE INTO "ent_results" ("id", "student_id", "subject_id", "score", "month", "created_at") VALUES (775, 430, 4, 22, '2025-10', '2026-04-06 07:37:45');
INSERT OR REPLACE INTO "ent_results" ("id", "student_id", "subject_id", "score", "month", "created_at") VALUES (776, 430, 1, 14, '2025-11', '2026-04-06 07:37:45');
INSERT OR REPLACE INTO "ent_results" ("id", "student_id", "subject_id", "score", "month", "created_at") VALUES (777, 430, 8, 6, '2025-11', '2026-04-06 07:37:45');
INSERT OR REPLACE INTO "ent_results" ("id", "student_id", "subject_id", "score", "month", "created_at") VALUES (778, 430, 3, 6, '2025-11', '2026-04-06 07:37:45');
INSERT OR REPLACE INTO "ent_results" ("id", "student_id", "subject_id", "score", "month", "created_at") VALUES (779, 430, 2, 19, '2025-11', '2026-04-06 07:37:45');
INSERT OR REPLACE INTO "ent_results" ("id", "student_id", "subject_id", "score", "month", "created_at") VALUES (780, 430, 4, 26, '2025-11', '2026-04-06 07:37:45');
INSERT OR REPLACE INTO "ent_results" ("id", "student_id", "subject_id", "score", "month", "created_at") VALUES (781, 430, 1, 13, '2025-12', '2026-04-06 07:37:45');
INSERT OR REPLACE INTO "ent_results" ("id", "student_id", "subject_id", "score", "month", "created_at") VALUES (782, 430, 8, 10, '2025-12', '2026-04-06 07:37:45');
INSERT OR REPLACE INTO "ent_results" ("id", "student_id", "subject_id", "score", "month", "created_at") VALUES (783, 430, 3, 6, '2025-12', '2026-04-06 07:37:45');
INSERT OR REPLACE INTO "ent_results" ("id", "student_id", "subject_id", "score", "month", "created_at") VALUES (784, 430, 2, 25, '2025-12', '2026-04-06 07:37:45');
INSERT OR REPLACE INTO "ent_results" ("id", "student_id", "subject_id", "score", "month", "created_at") VALUES (785, 430, 4, 28, '2025-12', '2026-04-06 07:37:45');
INSERT OR REPLACE INTO "ent_results" ("id", "student_id", "subject_id", "score", "month", "created_at") VALUES (786, 430, 1, 11, '2026-01', '2026-04-06 07:37:45');
INSERT OR REPLACE INTO "ent_results" ("id", "student_id", "subject_id", "score", "month", "created_at") VALUES (787, 430, 8, 10, '2026-01', '2026-04-06 07:37:45');
INSERT OR REPLACE INTO "ent_results" ("id", "student_id", "subject_id", "score", "month", "created_at") VALUES (788, 430, 3, 7, '2026-01', '2026-04-06 07:37:45');
INSERT OR REPLACE INTO "ent_results" ("id", "student_id", "subject_id", "score", "month", "created_at") VALUES (789, 430, 2, 24, '2026-01', '2026-04-06 07:37:45');
INSERT OR REPLACE INTO "ent_results" ("id", "student_id", "subject_id", "score", "month", "created_at") VALUES (790, 430, 4, 27, '2026-01', '2026-04-06 07:37:45');
INSERT OR REPLACE INTO "ent_results" ("id", "student_id", "subject_id", "score", "month", "created_at") VALUES (791, 430, 1, 9, '2026-02', '2026-04-06 07:37:45');
INSERT OR REPLACE INTO "ent_results" ("id", "student_id", "subject_id", "score", "month", "created_at") VALUES (792, 430, 8, 10, '2026-02', '2026-04-06 07:37:45');
INSERT OR REPLACE INTO "ent_results" ("id", "student_id", "subject_id", "score", "month", "created_at") VALUES (793, 430, 3, 5, '2026-02', '2026-04-06 07:37:45');
INSERT OR REPLACE INTO "ent_results" ("id", "student_id", "subject_id", "score", "month", "created_at") VALUES (794, 430, 2, 21, '2026-02', '2026-04-06 07:37:45');
INSERT OR REPLACE INTO "ent_results" ("id", "student_id", "subject_id", "score", "month", "created_at") VALUES (795, 430, 4, 37, '2026-02', '2026-04-06 07:37:45');
INSERT OR REPLACE INTO "ent_results" ("id", "student_id", "subject_id", "score", "month", "created_at") VALUES (796, 431, 1, 11, '2025-10', '2026-04-06 07:37:45');
INSERT OR REPLACE INTO "ent_results" ("id", "student_id", "subject_id", "score", "month", "created_at") VALUES (797, 431, 8, 10, '2025-10', '2026-04-06 07:37:45');
INSERT OR REPLACE INTO "ent_results" ("id", "student_id", "subject_id", "score", "month", "created_at") VALUES (798, 431, 3, 5, '2025-10', '2026-04-06 07:37:45');
INSERT OR REPLACE INTO "ent_results" ("id", "student_id", "subject_id", "score", "month", "created_at") VALUES (799, 431, 2, 14, '2025-10', '2026-04-06 07:37:45');
INSERT OR REPLACE INTO "ent_results" ("id", "student_id", "subject_id", "score", "month", "created_at") VALUES (800, 431, 4, 26, '2025-10', '2026-04-06 07:37:45');
INSERT OR REPLACE INTO "ent_results" ("id", "student_id", "subject_id", "score", "month", "created_at") VALUES (801, 431, 1, 15, '2025-12', '2026-04-06 07:37:45');
INSERT OR REPLACE INTO "ent_results" ("id", "student_id", "subject_id", "score", "month", "created_at") VALUES (802, 431, 8, 8, '2025-12', '2026-04-06 07:37:45');
INSERT OR REPLACE INTO "ent_results" ("id", "student_id", "subject_id", "score", "month", "created_at") VALUES (803, 431, 3, 7, '2025-12', '2026-04-06 07:37:45');
INSERT OR REPLACE INTO "ent_results" ("id", "student_id", "subject_id", "score", "month", "created_at") VALUES (804, 431, 2, 16, '2025-12', '2026-04-06 07:37:45');
INSERT OR REPLACE INTO "ent_results" ("id", "student_id", "subject_id", "score", "month", "created_at") VALUES (805, 431, 4, 33, '2025-12', '2026-04-06 07:37:45');
INSERT OR REPLACE INTO "ent_results" ("id", "student_id", "subject_id", "score", "month", "created_at") VALUES (806, 431, 1, 13, '2026-01', '2026-04-06 07:37:45');
INSERT OR REPLACE INTO "ent_results" ("id", "student_id", "subject_id", "score", "month", "created_at") VALUES (807, 431, 8, 8, '2026-01', '2026-04-06 07:37:45');
INSERT OR REPLACE INTO "ent_results" ("id", "student_id", "subject_id", "score", "month", "created_at") VALUES (808, 431, 3, 7, '2026-01', '2026-04-06 07:37:45');
INSERT OR REPLACE INTO "ent_results" ("id", "student_id", "subject_id", "score", "month", "created_at") VALUES (809, 431, 2, 26, '2026-01', '2026-04-06 07:37:45');
INSERT OR REPLACE INTO "ent_results" ("id", "student_id", "subject_id", "score", "month", "created_at") VALUES (810, 431, 4, 23, '2026-01', '2026-04-06 07:37:45');
INSERT OR REPLACE INTO "ent_results" ("id", "student_id", "subject_id", "score", "month", "created_at") VALUES (811, 431, 1, 9, '2026-02', '2026-04-06 07:37:45');
INSERT OR REPLACE INTO "ent_results" ("id", "student_id", "subject_id", "score", "month", "created_at") VALUES (812, 431, 8, 8, '2026-02', '2026-04-06 07:37:45');
INSERT OR REPLACE INTO "ent_results" ("id", "student_id", "subject_id", "score", "month", "created_at") VALUES (813, 431, 3, 4, '2026-02', '2026-04-06 07:37:45');
INSERT OR REPLACE INTO "ent_results" ("id", "student_id", "subject_id", "score", "month", "created_at") VALUES (814, 431, 2, 27, '2026-02', '2026-04-06 07:37:45');
INSERT OR REPLACE INTO "ent_results" ("id", "student_id", "subject_id", "score", "month", "created_at") VALUES (815, 431, 4, 27, '2026-02', '2026-04-06 07:37:45');
INSERT OR REPLACE INTO "ent_results" ("id", "student_id", "subject_id", "score", "month", "created_at") VALUES (816, 432, 1, 6, '2025-10', '2026-04-06 07:37:45');
INSERT OR REPLACE INTO "ent_results" ("id", "student_id", "subject_id", "score", "month", "created_at") VALUES (817, 432, 8, 10, '2025-10', '2026-04-06 07:37:45');
INSERT OR REPLACE INTO "ent_results" ("id", "student_id", "subject_id", "score", "month", "created_at") VALUES (818, 432, 3, 9, '2025-10', '2026-04-06 07:37:45');
INSERT OR REPLACE INTO "ent_results" ("id", "student_id", "subject_id", "score", "month", "created_at") VALUES (819, 432, 2, 34, '2025-10', '2026-04-06 07:37:45');
INSERT OR REPLACE INTO "ent_results" ("id", "student_id", "subject_id", "score", "month", "created_at") VALUES (820, 432, 4, 30, '2025-10', '2026-04-06 07:37:45');
INSERT OR REPLACE INTO "ent_results" ("id", "student_id", "subject_id", "score", "month", "created_at") VALUES (821, 432, 1, 12, '2025-11', '2026-04-06 07:37:45');
INSERT OR REPLACE INTO "ent_results" ("id", "student_id", "subject_id", "score", "month", "created_at") VALUES (822, 432, 8, 7, '2025-11', '2026-04-06 07:37:45');
INSERT OR REPLACE INTO "ent_results" ("id", "student_id", "subject_id", "score", "month", "created_at") VALUES (823, 432, 3, 8, '2025-11', '2026-04-06 07:37:45');
INSERT OR REPLACE INTO "ent_results" ("id", "student_id", "subject_id", "score", "month", "created_at") VALUES (824, 432, 2, 26, '2025-11', '2026-04-06 07:37:45');
INSERT OR REPLACE INTO "ent_results" ("id", "student_id", "subject_id", "score", "month", "created_at") VALUES (825, 432, 4, 28, '2025-11', '2026-04-06 07:37:45');
INSERT OR REPLACE INTO "ent_results" ("id", "student_id", "subject_id", "score", "month", "created_at") VALUES (826, 432, 1, 12, '2025-12', '2026-04-06 07:37:45');
INSERT OR REPLACE INTO "ent_results" ("id", "student_id", "subject_id", "score", "month", "created_at") VALUES (827, 432, 8, 9, '2025-12', '2026-04-06 07:37:45');
INSERT OR REPLACE INTO "ent_results" ("id", "student_id", "subject_id", "score", "month", "created_at") VALUES (828, 432, 3, 9, '2025-12', '2026-04-06 07:37:45');
INSERT OR REPLACE INTO "ent_results" ("id", "student_id", "subject_id", "score", "month", "created_at") VALUES (829, 432, 2, 30, '2025-12', '2026-04-06 07:37:45');
INSERT OR REPLACE INTO "ent_results" ("id", "student_id", "subject_id", "score", "month", "created_at") VALUES (830, 432, 4, 30, '2025-12', '2026-04-06 07:37:45');
INSERT OR REPLACE INTO "ent_results" ("id", "student_id", "subject_id", "score", "month", "created_at") VALUES (831, 432, 1, 10, '2026-01', '2026-04-06 07:37:45');
INSERT OR REPLACE INTO "ent_results" ("id", "student_id", "subject_id", "score", "month", "created_at") VALUES (832, 432, 8, 10, '2026-01', '2026-04-06 07:37:45');
INSERT OR REPLACE INTO "ent_results" ("id", "student_id", "subject_id", "score", "month", "created_at") VALUES (833, 432, 3, 10, '2026-01', '2026-04-06 07:37:45');
INSERT OR REPLACE INTO "ent_results" ("id", "student_id", "subject_id", "score", "month", "created_at") VALUES (834, 432, 2, 32, '2026-01', '2026-04-06 07:37:45');
INSERT OR REPLACE INTO "ent_results" ("id", "student_id", "subject_id", "score", "month", "created_at") VALUES (835, 432, 4, 31, '2026-01', '2026-04-06 07:37:45');
INSERT OR REPLACE INTO "ent_results" ("id", "student_id", "subject_id", "score", "month", "created_at") VALUES (836, 432, 1, 15, '2026-02', '2026-04-06 07:37:45');
INSERT OR REPLACE INTO "ent_results" ("id", "student_id", "subject_id", "score", "month", "created_at") VALUES (837, 432, 8, 10, '2026-02', '2026-04-06 07:37:45');
INSERT OR REPLACE INTO "ent_results" ("id", "student_id", "subject_id", "score", "month", "created_at") VALUES (838, 432, 3, 7, '2026-02', '2026-04-06 07:37:45');
INSERT OR REPLACE INTO "ent_results" ("id", "student_id", "subject_id", "score", "month", "created_at") VALUES (839, 432, 2, 30, '2026-02', '2026-04-06 07:37:45');
INSERT OR REPLACE INTO "ent_results" ("id", "student_id", "subject_id", "score", "month", "created_at") VALUES (840, 432, 4, 38, '2026-02', '2026-04-06 07:37:45');
INSERT OR REPLACE INTO "ent_results" ("id", "student_id", "subject_id", "score", "month", "created_at") VALUES (841, 433, 1, 8, '2025-10', '2026-04-06 07:37:45');
INSERT OR REPLACE INTO "ent_results" ("id", "student_id", "subject_id", "score", "month", "created_at") VALUES (842, 433, 8, 10, '2025-10', '2026-04-06 07:37:45');
INSERT OR REPLACE INTO "ent_results" ("id", "student_id", "subject_id", "score", "month", "created_at") VALUES (843, 433, 3, 4, '2025-10', '2026-04-06 07:37:45');
INSERT OR REPLACE INTO "ent_results" ("id", "student_id", "subject_id", "score", "month", "created_at") VALUES (844, 433, 2, 12, '2025-10', '2026-04-06 07:37:45');
INSERT OR REPLACE INTO "ent_results" ("id", "student_id", "subject_id", "score", "month", "created_at") VALUES (845, 433, 4, 16, '2025-10', '2026-04-06 07:37:45');
INSERT OR REPLACE INTO "ent_results" ("id", "student_id", "subject_id", "score", "month", "created_at") VALUES (846, 433, 1, 9, '2025-11', '2026-04-06 07:37:45');
INSERT OR REPLACE INTO "ent_results" ("id", "student_id", "subject_id", "score", "month", "created_at") VALUES (847, 433, 8, 5, '2025-11', '2026-04-06 07:37:45');
INSERT OR REPLACE INTO "ent_results" ("id", "student_id", "subject_id", "score", "month", "created_at") VALUES (848, 433, 3, 4, '2025-11', '2026-04-06 07:37:45');
INSERT OR REPLACE INTO "ent_results" ("id", "student_id", "subject_id", "score", "month", "created_at") VALUES (849, 433, 2, 20, '2025-11', '2026-04-06 07:37:45');
INSERT OR REPLACE INTO "ent_results" ("id", "student_id", "subject_id", "score", "month", "created_at") VALUES (850, 433, 4, 19, '2025-11', '2026-04-06 07:37:45');
INSERT OR REPLACE INTO "ent_results" ("id", "student_id", "subject_id", "score", "month", "created_at") VALUES (851, 433, 1, 11, '2025-12', '2026-04-06 07:37:45');
INSERT OR REPLACE INTO "ent_results" ("id", "student_id", "subject_id", "score", "month", "created_at") VALUES (852, 433, 8, 9, '2025-12', '2026-04-06 07:37:45');
INSERT OR REPLACE INTO "ent_results" ("id", "student_id", "subject_id", "score", "month", "created_at") VALUES (853, 433, 3, 8, '2025-12', '2026-04-06 07:37:45');
INSERT OR REPLACE INTO "ent_results" ("id", "student_id", "subject_id", "score", "month", "created_at") VALUES (854, 433, 2, 22, '2025-12', '2026-04-06 07:37:45');
INSERT OR REPLACE INTO "ent_results" ("id", "student_id", "subject_id", "score", "month", "created_at") VALUES (855, 433, 4, 25, '2025-12', '2026-04-06 07:37:45');
INSERT OR REPLACE INTO "ent_results" ("id", "student_id", "subject_id", "score", "month", "created_at") VALUES (856, 433, 1, 12, '2026-01', '2026-04-06 07:37:45');
INSERT OR REPLACE INTO "ent_results" ("id", "student_id", "subject_id", "score", "month", "created_at") VALUES (857, 433, 8, 9, '2026-01', '2026-04-06 07:37:45');
INSERT OR REPLACE INTO "ent_results" ("id", "student_id", "subject_id", "score", "month", "created_at") VALUES (858, 433, 3, 8, '2026-01', '2026-04-06 07:37:45');
INSERT OR REPLACE INTO "ent_results" ("id", "student_id", "subject_id", "score", "month", "created_at") VALUES (859, 433, 2, 24, '2026-01', '2026-04-06 07:37:45');
INSERT OR REPLACE INTO "ent_results" ("id", "student_id", "subject_id", "score", "month", "created_at") VALUES (860, 433, 4, 25, '2026-01', '2026-04-06 07:37:45');
INSERT OR REPLACE INTO "ent_results" ("id", "student_id", "subject_id", "score", "month", "created_at") VALUES (861, 433, 1, 9, '2026-02', '2026-04-06 07:37:45');
INSERT OR REPLACE INTO "ent_results" ("id", "student_id", "subject_id", "score", "month", "created_at") VALUES (862, 433, 8, 9, '2026-02', '2026-04-06 07:37:45');
INSERT OR REPLACE INTO "ent_results" ("id", "student_id", "subject_id", "score", "month", "created_at") VALUES (863, 433, 3, 3, '2026-02', '2026-04-06 07:37:45');
INSERT OR REPLACE INTO "ent_results" ("id", "student_id", "subject_id", "score", "month", "created_at") VALUES (864, 433, 2, 26, '2026-02', '2026-04-06 07:37:45');
INSERT OR REPLACE INTO "ent_results" ("id", "student_id", "subject_id", "score", "month", "created_at") VALUES (865, 433, 4, 35, '2026-02', '2026-04-06 07:37:45');
INSERT OR REPLACE INTO "ent_results" ("id", "student_id", "subject_id", "score", "month", "created_at") VALUES (866, 434, 1, 7, '2025-10', '2026-04-06 07:37:45');
INSERT OR REPLACE INTO "ent_results" ("id", "student_id", "subject_id", "score", "month", "created_at") VALUES (867, 434, 8, 7, '2025-10', '2026-04-06 07:37:45');
INSERT OR REPLACE INTO "ent_results" ("id", "student_id", "subject_id", "score", "month", "created_at") VALUES (868, 434, 3, 8, '2025-10', '2026-04-06 07:37:45');
INSERT OR REPLACE INTO "ent_results" ("id", "student_id", "subject_id", "score", "month", "created_at") VALUES (869, 434, 2, 21, '2025-10', '2026-04-06 07:37:45');
INSERT OR REPLACE INTO "ent_results" ("id", "student_id", "subject_id", "score", "month", "created_at") VALUES (870, 434, 4, 13, '2025-10', '2026-04-06 07:37:45');
INSERT OR REPLACE INTO "ent_results" ("id", "student_id", "subject_id", "score", "month", "created_at") VALUES (871, 434, 1, 13, '2025-11', '2026-04-06 07:37:45');
INSERT OR REPLACE INTO "ent_results" ("id", "student_id", "subject_id", "score", "month", "created_at") VALUES (872, 434, 8, 5, '2025-11', '2026-04-06 07:37:45');
INSERT OR REPLACE INTO "ent_results" ("id", "student_id", "subject_id", "score", "month", "created_at") VALUES (873, 434, 3, 6, '2025-11', '2026-04-06 07:37:45');
INSERT OR REPLACE INTO "ent_results" ("id", "student_id", "subject_id", "score", "month", "created_at") VALUES (874, 434, 2, 24, '2025-11', '2026-04-06 07:37:45');
INSERT OR REPLACE INTO "ent_results" ("id", "student_id", "subject_id", "score", "month", "created_at") VALUES (875, 434, 4, 28, '2025-11', '2026-04-06 07:37:45');
INSERT OR REPLACE INTO "ent_results" ("id", "student_id", "subject_id", "score", "month", "created_at") VALUES (876, 434, 1, 14, '2025-12', '2026-04-06 07:37:45');
INSERT OR REPLACE INTO "ent_results" ("id", "student_id", "subject_id", "score", "month", "created_at") VALUES (877, 434, 8, 8, '2025-12', '2026-04-06 07:37:45');
INSERT OR REPLACE INTO "ent_results" ("id", "student_id", "subject_id", "score", "month", "created_at") VALUES (878, 434, 3, 8, '2025-12', '2026-04-06 07:37:45');
INSERT OR REPLACE INTO "ent_results" ("id", "student_id", "subject_id", "score", "month", "created_at") VALUES (879, 434, 2, 34, '2025-12', '2026-04-06 07:37:45');
INSERT OR REPLACE INTO "ent_results" ("id", "student_id", "subject_id", "score", "month", "created_at") VALUES (880, 434, 4, 33, '2025-12', '2026-04-06 07:37:45');
INSERT OR REPLACE INTO "ent_results" ("id", "student_id", "subject_id", "score", "month", "created_at") VALUES (881, 434, 1, 10, '2026-01', '2026-04-06 07:37:45');
INSERT OR REPLACE INTO "ent_results" ("id", "student_id", "subject_id", "score", "month", "created_at") VALUES (882, 434, 8, 10, '2026-01', '2026-04-06 07:37:45');
INSERT OR REPLACE INTO "ent_results" ("id", "student_id", "subject_id", "score", "month", "created_at") VALUES (883, 434, 3, 10, '2026-01', '2026-04-06 07:37:45');
INSERT OR REPLACE INTO "ent_results" ("id", "student_id", "subject_id", "score", "month", "created_at") VALUES (884, 434, 2, 32, '2026-01', '2026-04-06 07:37:45');
INSERT OR REPLACE INTO "ent_results" ("id", "student_id", "subject_id", "score", "month", "created_at") VALUES (885, 434, 4, 28, '2026-01', '2026-04-06 07:37:45');
INSERT OR REPLACE INTO "ent_results" ("id", "student_id", "subject_id", "score", "month", "created_at") VALUES (886, 434, 1, 8, '2026-02', '2026-04-06 07:37:45');
INSERT OR REPLACE INTO "ent_results" ("id", "student_id", "subject_id", "score", "month", "created_at") VALUES (887, 434, 8, 9, '2026-02', '2026-04-06 07:37:45');
INSERT OR REPLACE INTO "ent_results" ("id", "student_id", "subject_id", "score", "month", "created_at") VALUES (888, 434, 3, 9, '2026-02', '2026-04-06 07:37:45');
INSERT OR REPLACE INTO "ent_results" ("id", "student_id", "subject_id", "score", "month", "created_at") VALUES (889, 434, 2, 32, '2026-02', '2026-04-06 07:37:45');
INSERT OR REPLACE INTO "ent_results" ("id", "student_id", "subject_id", "score", "month", "created_at") VALUES (890, 434, 4, 41, '2026-02', '2026-04-06 07:37:45');
INSERT OR REPLACE INTO "ent_results" ("id", "student_id", "subject_id", "score", "month", "created_at") VALUES (891, 435, 1, 7, '2025-10', '2026-04-06 07:37:45');
INSERT OR REPLACE INTO "ent_results" ("id", "student_id", "subject_id", "score", "month", "created_at") VALUES (892, 435, 8, 9, '2025-10', '2026-04-06 07:37:45');
INSERT OR REPLACE INTO "ent_results" ("id", "student_id", "subject_id", "score", "month", "created_at") VALUES (893, 435, 3, 6, '2025-10', '2026-04-06 07:37:45');
INSERT OR REPLACE INTO "ent_results" ("id", "student_id", "subject_id", "score", "month", "created_at") VALUES (894, 435, 2, 19, '2025-10', '2026-04-06 07:37:45');
INSERT OR REPLACE INTO "ent_results" ("id", "student_id", "subject_id", "score", "month", "created_at") VALUES (895, 435, 4, 16, '2025-10', '2026-04-06 07:37:45');
INSERT OR REPLACE INTO "ent_results" ("id", "student_id", "subject_id", "score", "month", "created_at") VALUES (896, 435, 1, 6, '2025-11', '2026-04-06 07:37:45');
INSERT OR REPLACE INTO "ent_results" ("id", "student_id", "subject_id", "score", "month", "created_at") VALUES (897, 435, 8, 6, '2025-11', '2026-04-06 07:37:45');
INSERT OR REPLACE INTO "ent_results" ("id", "student_id", "subject_id", "score", "month", "created_at") VALUES (898, 435, 3, 2, '2025-11', '2026-04-06 07:37:45');
INSERT OR REPLACE INTO "ent_results" ("id", "student_id", "subject_id", "score", "month", "created_at") VALUES (899, 435, 2, 14, '2025-11', '2026-04-06 07:37:45');
INSERT OR REPLACE INTO "ent_results" ("id", "student_id", "subject_id", "score", "month", "created_at") VALUES (900, 435, 4, 10, '2025-11', '2026-04-06 07:37:45');
INSERT OR REPLACE INTO "ent_results" ("id", "student_id", "subject_id", "score", "month", "created_at") VALUES (901, 435, 1, 17, '2025-12', '2026-04-06 07:37:45');
INSERT OR REPLACE INTO "ent_results" ("id", "student_id", "subject_id", "score", "month", "created_at") VALUES (902, 435, 8, 9, '2025-12', '2026-04-06 07:37:45');
INSERT OR REPLACE INTO "ent_results" ("id", "student_id", "subject_id", "score", "month", "created_at") VALUES (903, 435, 3, 5, '2025-12', '2026-04-06 07:37:45');
INSERT OR REPLACE INTO "ent_results" ("id", "student_id", "subject_id", "score", "month", "created_at") VALUES (904, 435, 2, 25, '2025-12', '2026-04-06 07:37:45');
INSERT OR REPLACE INTO "ent_results" ("id", "student_id", "subject_id", "score", "month", "created_at") VALUES (905, 435, 4, 33, '2025-12', '2026-04-06 07:37:45');
INSERT OR REPLACE INTO "ent_results" ("id", "student_id", "subject_id", "score", "month", "created_at") VALUES (906, 435, 1, 11, '2026-01', '2026-04-06 07:37:45');
INSERT OR REPLACE INTO "ent_results" ("id", "student_id", "subject_id", "score", "month", "created_at") VALUES (907, 435, 8, 9, '2026-01', '2026-04-06 07:37:45');
INSERT OR REPLACE INTO "ent_results" ("id", "student_id", "subject_id", "score", "month", "created_at") VALUES (908, 435, 3, 5, '2026-01', '2026-04-06 07:37:45');
INSERT OR REPLACE INTO "ent_results" ("id", "student_id", "subject_id", "score", "month", "created_at") VALUES (909, 435, 2, 21, '2026-01', '2026-04-06 07:37:45');
INSERT OR REPLACE INTO "ent_results" ("id", "student_id", "subject_id", "score", "month", "created_at") VALUES (910, 435, 4, 15, '2026-01', '2026-04-06 07:37:45');
INSERT OR REPLACE INTO "ent_results" ("id", "student_id", "subject_id", "score", "month", "created_at") VALUES (911, 435, 1, 7, '2026-02', '2026-04-06 07:37:45');
INSERT OR REPLACE INTO "ent_results" ("id", "student_id", "subject_id", "score", "month", "created_at") VALUES (912, 435, 8, 7, '2026-02', '2026-04-06 07:37:45');
INSERT OR REPLACE INTO "ent_results" ("id", "student_id", "subject_id", "score", "month", "created_at") VALUES (913, 435, 3, 2, '2026-02', '2026-04-06 07:37:45');
INSERT OR REPLACE INTO "ent_results" ("id", "student_id", "subject_id", "score", "month", "created_at") VALUES (914, 435, 2, 24, '2026-02', '2026-04-06 07:37:45');
INSERT OR REPLACE INTO "ent_results" ("id", "student_id", "subject_id", "score", "month", "created_at") VALUES (915, 435, 4, 20, '2026-02', '2026-04-06 07:37:45');
INSERT OR REPLACE INTO "ent_results" ("id", "student_id", "subject_id", "score", "month", "created_at") VALUES (916, 436, 1, 10, '2025-10', '2026-04-06 07:37:45');
INSERT OR REPLACE INTO "ent_results" ("id", "student_id", "subject_id", "score", "month", "created_at") VALUES (917, 436, 8, 10, '2025-10', '2026-04-06 07:37:45');
INSERT OR REPLACE INTO "ent_results" ("id", "student_id", "subject_id", "score", "month", "created_at") VALUES (918, 436, 3, 5, '2025-10', '2026-04-06 07:37:45');
INSERT OR REPLACE INTO "ent_results" ("id", "student_id", "subject_id", "score", "month", "created_at") VALUES (919, 436, 2, 9, '2025-10', '2026-04-06 07:37:45');
INSERT OR REPLACE INTO "ent_results" ("id", "student_id", "subject_id", "score", "month", "created_at") VALUES (920, 436, 5, 13, '2025-10', '2026-04-06 07:37:45');
INSERT OR REPLACE INTO "ent_results" ("id", "student_id", "subject_id", "score", "month", "created_at") VALUES (921, 437, 1, 8, '2025-09', '2026-04-06 07:37:45');
INSERT OR REPLACE INTO "ent_results" ("id", "student_id", "subject_id", "score", "month", "created_at") VALUES (922, 437, 8, 9, '2025-09', '2026-04-06 07:37:45');
INSERT OR REPLACE INTO "ent_results" ("id", "student_id", "subject_id", "score", "month", "created_at") VALUES (923, 437, 3, 2, '2025-09', '2026-04-06 07:37:45');
INSERT OR REPLACE INTO "ent_results" ("id", "student_id", "subject_id", "score", "month", "created_at") VALUES (924, 437, 2, 20, '2025-09', '2026-04-06 07:37:45');
INSERT OR REPLACE INTO "ent_results" ("id", "student_id", "subject_id", "score", "month", "created_at") VALUES (925, 437, 5, 14, '2025-09', '2026-04-06 07:37:45');
INSERT OR REPLACE INTO "ent_results" ("id", "student_id", "subject_id", "score", "month", "created_at") VALUES (926, 437, 1, 15, '2025-10', '2026-04-06 07:37:45');
INSERT OR REPLACE INTO "ent_results" ("id", "student_id", "subject_id", "score", "month", "created_at") VALUES (927, 437, 8, 9, '2025-10', '2026-04-06 07:37:45');
INSERT OR REPLACE INTO "ent_results" ("id", "student_id", "subject_id", "score", "month", "created_at") VALUES (928, 437, 3, 4, '2025-10', '2026-04-06 07:37:45');
INSERT OR REPLACE INTO "ent_results" ("id", "student_id", "subject_id", "score", "month", "created_at") VALUES (929, 437, 2, 15, '2025-10', '2026-04-06 07:37:45');
INSERT OR REPLACE INTO "ent_results" ("id", "student_id", "subject_id", "score", "month", "created_at") VALUES (930, 437, 5, 6, '2025-10', '2026-04-06 07:37:45');
INSERT OR REPLACE INTO "ent_results" ("id", "student_id", "subject_id", "score", "month", "created_at") VALUES (931, 437, 1, 10, '2025-11', '2026-04-06 07:37:45');
INSERT OR REPLACE INTO "ent_results" ("id", "student_id", "subject_id", "score", "month", "created_at") VALUES (932, 437, 8, 6, '2025-11', '2026-04-06 07:37:45');
INSERT OR REPLACE INTO "ent_results" ("id", "student_id", "subject_id", "score", "month", "created_at") VALUES (933, 437, 3, 7, '2025-11', '2026-04-06 07:37:45');
INSERT OR REPLACE INTO "ent_results" ("id", "student_id", "subject_id", "score", "month", "created_at") VALUES (934, 437, 2, 10, '2025-11', '2026-04-06 07:37:45');
INSERT OR REPLACE INTO "ent_results" ("id", "student_id", "subject_id", "score", "month", "created_at") VALUES (935, 437, 5, 10, '2025-11', '2026-04-06 07:37:45');
INSERT OR REPLACE INTO "ent_results" ("id", "student_id", "subject_id", "score", "month", "created_at") VALUES (936, 437, 1, 10, '2025-12', '2026-04-06 07:37:45');
INSERT OR REPLACE INTO "ent_results" ("id", "student_id", "subject_id", "score", "month", "created_at") VALUES (937, 437, 8, 7, '2025-12', '2026-04-06 07:37:45');
INSERT OR REPLACE INTO "ent_results" ("id", "student_id", "subject_id", "score", "month", "created_at") VALUES (938, 437, 3, 7, '2025-12', '2026-04-06 07:37:45');
INSERT OR REPLACE INTO "ent_results" ("id", "student_id", "subject_id", "score", "month", "created_at") VALUES (939, 437, 2, 13, '2025-12', '2026-04-06 07:37:45');
INSERT OR REPLACE INTO "ent_results" ("id", "student_id", "subject_id", "score", "month", "created_at") VALUES (940, 437, 5, 19, '2025-12', '2026-04-06 07:37:45');
INSERT OR REPLACE INTO "ent_results" ("id", "student_id", "subject_id", "score", "month", "created_at") VALUES (941, 437, 1, 7, '2026-01', '2026-04-06 07:37:45');
INSERT OR REPLACE INTO "ent_results" ("id", "student_id", "subject_id", "score", "month", "created_at") VALUES (942, 437, 8, 9, '2026-01', '2026-04-06 07:37:45');
INSERT OR REPLACE INTO "ent_results" ("id", "student_id", "subject_id", "score", "month", "created_at") VALUES (943, 437, 3, 5, '2026-01', '2026-04-06 07:37:45');
INSERT OR REPLACE INTO "ent_results" ("id", "student_id", "subject_id", "score", "month", "created_at") VALUES (944, 437, 2, 18, '2026-01', '2026-04-06 07:37:45');
INSERT OR REPLACE INTO "ent_results" ("id", "student_id", "subject_id", "score", "month", "created_at") VALUES (945, 437, 5, 17, '2026-01', '2026-04-06 07:37:45');
INSERT OR REPLACE INTO "ent_results" ("id", "student_id", "subject_id", "score", "month", "created_at") VALUES (946, 438, 1, 7, '2025-10', '2026-04-06 07:37:45');
INSERT OR REPLACE INTO "ent_results" ("id", "student_id", "subject_id", "score", "month", "created_at") VALUES (947, 438, 8, 9, '2025-10', '2026-04-06 07:37:45');
INSERT OR REPLACE INTO "ent_results" ("id", "student_id", "subject_id", "score", "month", "created_at") VALUES (948, 438, 3, 5, '2025-10', '2026-04-06 07:37:45');
INSERT OR REPLACE INTO "ent_results" ("id", "student_id", "subject_id", "score", "month", "created_at") VALUES (949, 438, 2, 22, '2025-10', '2026-04-06 07:37:45');
INSERT OR REPLACE INTO "ent_results" ("id", "student_id", "subject_id", "score", "month", "created_at") VALUES (950, 438, 5, 17, '2025-10', '2026-04-06 07:37:45');
INSERT OR REPLACE INTO "ent_results" ("id", "student_id", "subject_id", "score", "month", "created_at") VALUES (951, 438, 1, 9, '2025-11', '2026-04-06 07:37:45');
INSERT OR REPLACE INTO "ent_results" ("id", "student_id", "subject_id", "score", "month", "created_at") VALUES (952, 438, 8, 6, '2025-11', '2026-04-06 07:37:45');
INSERT OR REPLACE INTO "ent_results" ("id", "student_id", "subject_id", "score", "month", "created_at") VALUES (953, 438, 3, 8, '2025-11', '2026-04-06 07:37:45');
INSERT OR REPLACE INTO "ent_results" ("id", "student_id", "subject_id", "score", "month", "created_at") VALUES (954, 438, 2, 19, '2025-11', '2026-04-06 07:37:45');
INSERT OR REPLACE INTO "ent_results" ("id", "student_id", "subject_id", "score", "month", "created_at") VALUES (955, 438, 5, 12, '2025-11', '2026-04-06 07:37:45');
INSERT OR REPLACE INTO "ent_results" ("id", "student_id", "subject_id", "score", "month", "created_at") VALUES (956, 438, 1, 6, '2025-12', '2026-04-06 07:37:45');
INSERT OR REPLACE INTO "ent_results" ("id", "student_id", "subject_id", "score", "month", "created_at") VALUES (957, 438, 8, 8, '2025-12', '2026-04-06 07:37:45');
INSERT OR REPLACE INTO "ent_results" ("id", "student_id", "subject_id", "score", "month", "created_at") VALUES (958, 438, 3, 8, '2025-12', '2026-04-06 07:37:45');
INSERT OR REPLACE INTO "ent_results" ("id", "student_id", "subject_id", "score", "month", "created_at") VALUES (959, 438, 2, 21, '2025-12', '2026-04-06 07:37:45');
INSERT OR REPLACE INTO "ent_results" ("id", "student_id", "subject_id", "score", "month", "created_at") VALUES (960, 438, 5, 17, '2025-12', '2026-04-06 07:37:45');
INSERT OR REPLACE INTO "ent_results" ("id", "student_id", "subject_id", "score", "month", "created_at") VALUES (961, 438, 1, 8, '2026-01', '2026-04-06 07:37:45');
INSERT OR REPLACE INTO "ent_results" ("id", "student_id", "subject_id", "score", "month", "created_at") VALUES (962, 438, 8, 7, '2026-01', '2026-04-06 07:37:45');
INSERT OR REPLACE INTO "ent_results" ("id", "student_id", "subject_id", "score", "month", "created_at") VALUES (963, 438, 3, 8, '2026-01', '2026-04-06 07:37:45');
INSERT OR REPLACE INTO "ent_results" ("id", "student_id", "subject_id", "score", "month", "created_at") VALUES (964, 438, 2, 26, '2026-01', '2026-04-06 07:37:45');
INSERT OR REPLACE INTO "ent_results" ("id", "student_id", "subject_id", "score", "month", "created_at") VALUES (965, 438, 5, 15, '2026-01', '2026-04-06 07:37:45');
INSERT OR REPLACE INTO "ent_results" ("id", "student_id", "subject_id", "score", "month", "created_at") VALUES (966, 438, 1, 2, '2026-02', '2026-04-06 07:37:45');
INSERT OR REPLACE INTO "ent_results" ("id", "student_id", "subject_id", "score", "month", "created_at") VALUES (967, 438, 8, 9, '2026-02', '2026-04-06 07:37:45');
INSERT OR REPLACE INTO "ent_results" ("id", "student_id", "subject_id", "score", "month", "created_at") VALUES (968, 438, 3, 5, '2026-02', '2026-04-06 07:37:45');
INSERT OR REPLACE INTO "ent_results" ("id", "student_id", "subject_id", "score", "month", "created_at") VALUES (969, 438, 2, 19, '2026-02', '2026-04-06 07:37:45');
INSERT OR REPLACE INTO "ent_results" ("id", "student_id", "subject_id", "score", "month", "created_at") VALUES (970, 438, 5, 20, '2026-02', '2026-04-06 07:37:45');
INSERT OR REPLACE INTO "ent_results" ("id", "student_id", "subject_id", "score", "month", "created_at") VALUES (971, 439, 1, 8, '2026-02', '2026-04-06 07:37:45');
INSERT OR REPLACE INTO "ent_results" ("id", "student_id", "subject_id", "score", "month", "created_at") VALUES (972, 439, 8, 10, '2026-02', '2026-04-06 07:37:45');
INSERT OR REPLACE INTO "ent_results" ("id", "student_id", "subject_id", "score", "month", "created_at") VALUES (973, 439, 3, 7, '2026-02', '2026-04-06 07:37:45');
INSERT OR REPLACE INTO "ent_results" ("id", "student_id", "subject_id", "score", "month", "created_at") VALUES (974, 439, 2, 19, '2026-02', '2026-04-06 07:37:45');
INSERT OR REPLACE INTO "ent_results" ("id", "student_id", "subject_id", "score", "month", "created_at") VALUES (975, 439, 5, 21, '2026-02', '2026-04-06 07:37:45');
INSERT OR REPLACE INTO "ent_results" ("id", "student_id", "subject_id", "score", "month", "created_at") VALUES (976, 440, 1, 12, '2025-11', '2026-04-06 07:37:45');
INSERT OR REPLACE INTO "ent_results" ("id", "student_id", "subject_id", "score", "month", "created_at") VALUES (977, 440, 8, 8, '2025-11', '2026-04-06 07:37:45');
INSERT OR REPLACE INTO "ent_results" ("id", "student_id", "subject_id", "score", "month", "created_at") VALUES (978, 440, 3, 6, '2025-11', '2026-04-06 07:37:45');
INSERT OR REPLACE INTO "ent_results" ("id", "student_id", "subject_id", "score", "month", "created_at") VALUES (979, 440, 2, 18, '2025-11', '2026-04-06 07:37:45');
INSERT OR REPLACE INTO "ent_results" ("id", "student_id", "subject_id", "score", "month", "created_at") VALUES (980, 440, 5, 12, '2025-11', '2026-04-06 07:37:45');
INSERT OR REPLACE INTO "ent_results" ("id", "student_id", "subject_id", "score", "month", "created_at") VALUES (981, 440, 1, 8, '2025-12', '2026-04-06 07:37:45');
INSERT OR REPLACE INTO "ent_results" ("id", "student_id", "subject_id", "score", "month", "created_at") VALUES (982, 440, 8, 8, '2025-12', '2026-04-06 07:37:45');
INSERT OR REPLACE INTO "ent_results" ("id", "student_id", "subject_id", "score", "month", "created_at") VALUES (983, 440, 3, 5, '2025-12', '2026-04-06 07:37:45');
INSERT OR REPLACE INTO "ent_results" ("id", "student_id", "subject_id", "score", "month", "created_at") VALUES (984, 440, 2, 23, '2025-12', '2026-04-06 07:37:45');
INSERT OR REPLACE INTO "ent_results" ("id", "student_id", "subject_id", "score", "month", "created_at") VALUES (985, 440, 5, 19, '2025-12', '2026-04-06 07:37:45');
INSERT OR REPLACE INTO "ent_results" ("id", "student_id", "subject_id", "score", "month", "created_at") VALUES (986, 440, 1, 10, '2026-01', '2026-04-06 07:37:45');
INSERT OR REPLACE INTO "ent_results" ("id", "student_id", "subject_id", "score", "month", "created_at") VALUES (987, 440, 8, 10, '2026-01', '2026-04-06 07:37:45');
INSERT OR REPLACE INTO "ent_results" ("id", "student_id", "subject_id", "score", "month", "created_at") VALUES (988, 440, 3, 7, '2026-01', '2026-04-06 07:37:45');
INSERT OR REPLACE INTO "ent_results" ("id", "student_id", "subject_id", "score", "month", "created_at") VALUES (989, 440, 2, 21, '2026-01', '2026-04-06 07:37:45');
INSERT OR REPLACE INTO "ent_results" ("id", "student_id", "subject_id", "score", "month", "created_at") VALUES (990, 440, 5, 11, '2026-01', '2026-04-06 07:37:45');
INSERT OR REPLACE INTO "ent_results" ("id", "student_id", "subject_id", "score", "month", "created_at") VALUES (991, 441, 1, 13, '2025-12', '2026-04-06 07:37:45');
INSERT OR REPLACE INTO "ent_results" ("id", "student_id", "subject_id", "score", "month", "created_at") VALUES (992, 441, 8, 9, '2025-12', '2026-04-06 07:37:45');
INSERT OR REPLACE INTO "ent_results" ("id", "student_id", "subject_id", "score", "month", "created_at") VALUES (993, 441, 3, 5, '2025-12', '2026-04-06 07:37:45');
INSERT OR REPLACE INTO "ent_results" ("id", "student_id", "subject_id", "score", "month", "created_at") VALUES (994, 441, 2, 20, '2025-12', '2026-04-06 07:37:45');
INSERT OR REPLACE INTO "ent_results" ("id", "student_id", "subject_id", "score", "month", "created_at") VALUES (995, 441, 5, 10, '2025-12', '2026-04-06 07:37:45');
INSERT OR REPLACE INTO "ent_results" ("id", "student_id", "subject_id", "score", "month", "created_at") VALUES (996, 441, 1, 11, '2026-01', '2026-04-06 07:37:45');
INSERT OR REPLACE INTO "ent_results" ("id", "student_id", "subject_id", "score", "month", "created_at") VALUES (997, 441, 8, 10, '2026-01', '2026-04-06 07:37:45');
INSERT OR REPLACE INTO "ent_results" ("id", "student_id", "subject_id", "score", "month", "created_at") VALUES (998, 441, 3, 8, '2026-01', '2026-04-06 07:37:45');
INSERT OR REPLACE INTO "ent_results" ("id", "student_id", "subject_id", "score", "month", "created_at") VALUES (999, 441, 2, 25, '2026-01', '2026-04-06 07:37:45');
INSERT OR REPLACE INTO "ent_results" ("id", "student_id", "subject_id", "score", "month", "created_at") VALUES (1000, 441, 5, 17, '2026-01', '2026-04-06 07:37:45');
INSERT OR REPLACE INTO "ent_results" ("id", "student_id", "subject_id", "score", "month", "created_at") VALUES (1001, 441, 1, 11, '2026-02', '2026-04-06 07:37:45');
INSERT OR REPLACE INTO "ent_results" ("id", "student_id", "subject_id", "score", "month", "created_at") VALUES (1002, 441, 8, 10, '2026-02', '2026-04-06 07:37:45');
INSERT OR REPLACE INTO "ent_results" ("id", "student_id", "subject_id", "score", "month", "created_at") VALUES (1003, 441, 3, 6, '2026-02', '2026-04-06 07:37:45');
INSERT OR REPLACE INTO "ent_results" ("id", "student_id", "subject_id", "score", "month", "created_at") VALUES (1004, 441, 2, 19, '2026-02', '2026-04-06 07:37:45');
INSERT OR REPLACE INTO "ent_results" ("id", "student_id", "subject_id", "score", "month", "created_at") VALUES (1005, 441, 5, 16, '2026-02', '2026-04-06 07:37:45');
INSERT OR REPLACE INTO "ent_results" ("id", "student_id", "subject_id", "score", "month", "created_at") VALUES (1006, 442, 1, 10, '2025-12', '2026-04-06 07:37:45');
INSERT OR REPLACE INTO "ent_results" ("id", "student_id", "subject_id", "score", "month", "created_at") VALUES (1007, 442, 8, 8, '2025-12', '2026-04-06 07:37:45');
INSERT OR REPLACE INTO "ent_results" ("id", "student_id", "subject_id", "score", "month", "created_at") VALUES (1008, 442, 3, 3, '2025-12', '2026-04-06 07:37:45');
INSERT OR REPLACE INTO "ent_results" ("id", "student_id", "subject_id", "score", "month", "created_at") VALUES (1009, 442, 2, 11, '2025-12', '2026-04-06 07:37:45');
INSERT OR REPLACE INTO "ent_results" ("id", "student_id", "subject_id", "score", "month", "created_at") VALUES (1010, 442, 5, 15, '2025-12', '2026-04-06 07:37:45');
INSERT OR REPLACE INTO "ent_results" ("id", "student_id", "subject_id", "score", "month", "created_at") VALUES (1011, 442, 1, 13, '2026-01', '2026-04-06 07:37:45');
INSERT OR REPLACE INTO "ent_results" ("id", "student_id", "subject_id", "score", "month", "created_at") VALUES (1012, 442, 8, 9, '2026-01', '2026-04-06 07:37:45');
INSERT OR REPLACE INTO "ent_results" ("id", "student_id", "subject_id", "score", "month", "created_at") VALUES (1013, 442, 3, 2, '2026-01', '2026-04-06 07:37:45');
INSERT OR REPLACE INTO "ent_results" ("id", "student_id", "subject_id", "score", "month", "created_at") VALUES (1014, 442, 2, 9, '2026-01', '2026-04-06 07:37:45');
INSERT OR REPLACE INTO "ent_results" ("id", "student_id", "subject_id", "score", "month", "created_at") VALUES (1015, 442, 5, 10, '2026-01', '2026-04-06 07:37:45');
INSERT OR REPLACE INTO "ent_results" ("id", "student_id", "subject_id", "score", "month", "created_at") VALUES (1016, 442, 1, 6, '2026-02', '2026-04-06 07:37:45');
INSERT OR REPLACE INTO "ent_results" ("id", "student_id", "subject_id", "score", "month", "created_at") VALUES (1017, 442, 8, 9, '2026-02', '2026-04-06 07:37:45');
INSERT OR REPLACE INTO "ent_results" ("id", "student_id", "subject_id", "score", "month", "created_at") VALUES (1018, 442, 3, 4, '2026-02', '2026-04-06 07:37:45');
INSERT OR REPLACE INTO "ent_results" ("id", "student_id", "subject_id", "score", "month", "created_at") VALUES (1019, 442, 2, 17, '2026-02', '2026-04-06 07:37:45');
INSERT OR REPLACE INTO "ent_results" ("id", "student_id", "subject_id", "score", "month", "created_at") VALUES (1020, 442, 5, 18, '2026-02', '2026-04-06 07:37:45');
INSERT OR REPLACE INTO "ent_results" ("id", "student_id", "subject_id", "score", "month", "created_at") VALUES (1021, 443, 1, 11, '2026-01', '2026-04-06 07:37:45');
INSERT OR REPLACE INTO "ent_results" ("id", "student_id", "subject_id", "score", "month", "created_at") VALUES (1022, 443, 8, 10, '2026-01', '2026-04-06 07:37:45');
INSERT OR REPLACE INTO "ent_results" ("id", "student_id", "subject_id", "score", "month", "created_at") VALUES (1023, 443, 3, 10, '2026-01', '2026-04-06 07:37:45');
INSERT OR REPLACE INTO "ent_results" ("id", "student_id", "subject_id", "score", "month", "created_at") VALUES (1024, 443, 2, 22, '2026-01', '2026-04-06 07:37:45');
INSERT OR REPLACE INTO "ent_results" ("id", "student_id", "subject_id", "score", "month", "created_at") VALUES (1025, 443, 5, 34, '2026-01', '2026-04-06 07:37:45');
INSERT OR REPLACE INTO "ent_results" ("id", "student_id", "subject_id", "score", "month", "created_at") VALUES (1026, 443, 1, 6, '2026-02', '2026-04-06 07:37:45');
INSERT OR REPLACE INTO "ent_results" ("id", "student_id", "subject_id", "score", "month", "created_at") VALUES (1027, 443, 8, 10, '2026-02', '2026-04-06 07:37:45');
INSERT OR REPLACE INTO "ent_results" ("id", "student_id", "subject_id", "score", "month", "created_at") VALUES (1028, 443, 3, 6, '2026-02', '2026-04-06 07:37:45');
INSERT OR REPLACE INTO "ent_results" ("id", "student_id", "subject_id", "score", "month", "created_at") VALUES (1029, 443, 2, 25, '2026-02', '2026-04-06 07:37:45');
INSERT OR REPLACE INTO "ent_results" ("id", "student_id", "subject_id", "score", "month", "created_at") VALUES (1030, 443, 5, 27, '2026-02', '2026-04-06 07:37:45');
INSERT OR REPLACE INTO "ent_results" ("id", "student_id", "subject_id", "score", "month", "created_at") VALUES (1031, 444, 1, 13, '2025-11', '2026-04-06 07:37:45');
INSERT OR REPLACE INTO "ent_results" ("id", "student_id", "subject_id", "score", "month", "created_at") VALUES (1032, 444, 8, 8, '2025-11', '2026-04-06 07:37:45');
INSERT OR REPLACE INTO "ent_results" ("id", "student_id", "subject_id", "score", "month", "created_at") VALUES (1033, 444, 3, 9, '2025-11', '2026-04-06 07:37:45');
INSERT OR REPLACE INTO "ent_results" ("id", "student_id", "subject_id", "score", "month", "created_at") VALUES (1034, 444, 2, 31, '2025-11', '2026-04-06 07:37:45');
INSERT OR REPLACE INTO "ent_results" ("id", "student_id", "subject_id", "score", "month", "created_at") VALUES (1035, 444, 5, 18, '2025-11', '2026-04-06 07:37:45');
INSERT OR REPLACE INTO "ent_results" ("id", "student_id", "subject_id", "score", "month", "created_at") VALUES (1036, 444, 1, 11, '2025-12', '2026-04-06 07:37:45');
INSERT OR REPLACE INTO "ent_results" ("id", "student_id", "subject_id", "score", "month", "created_at") VALUES (1037, 444, 8, 8, '2025-12', '2026-04-06 07:37:45');
INSERT OR REPLACE INTO "ent_results" ("id", "student_id", "subject_id", "score", "month", "created_at") VALUES (1038, 444, 3, 9, '2025-12', '2026-04-06 07:37:45');
INSERT OR REPLACE INTO "ent_results" ("id", "student_id", "subject_id", "score", "month", "created_at") VALUES (1039, 444, 2, 37, '2025-12', '2026-04-06 07:37:45');
INSERT OR REPLACE INTO "ent_results" ("id", "student_id", "subject_id", "score", "month", "created_at") VALUES (1040, 444, 5, 25, '2025-12', '2026-04-06 07:37:45');
INSERT OR REPLACE INTO "ent_results" ("id", "student_id", "subject_id", "score", "month", "created_at") VALUES (1041, 444, 1, 15, '2026-01', '2026-04-06 07:37:45');
INSERT OR REPLACE INTO "ent_results" ("id", "student_id", "subject_id", "score", "month", "created_at") VALUES (1042, 444, 8, 9, '2026-01', '2026-04-06 07:37:45');
INSERT OR REPLACE INTO "ent_results" ("id", "student_id", "subject_id", "score", "month", "created_at") VALUES (1043, 444, 3, 10, '2026-01', '2026-04-06 07:37:45');
INSERT OR REPLACE INTO "ent_results" ("id", "student_id", "subject_id", "score", "month", "created_at") VALUES (1044, 444, 2, 31, '2026-01', '2026-04-06 07:37:45');
INSERT OR REPLACE INTO "ent_results" ("id", "student_id", "subject_id", "score", "month", "created_at") VALUES (1045, 444, 5, 21, '2026-01', '2026-04-06 07:37:45');
INSERT OR REPLACE INTO "ent_results" ("id", "student_id", "subject_id", "score", "month", "created_at") VALUES (1046, 445, 1, 8, '2025-09', '2026-04-06 07:37:45');
INSERT OR REPLACE INTO "ent_results" ("id", "student_id", "subject_id", "score", "month", "created_at") VALUES (1047, 445, 8, 10, '2025-09', '2026-04-06 07:37:45');
INSERT OR REPLACE INTO "ent_results" ("id", "student_id", "subject_id", "score", "month", "created_at") VALUES (1048, 445, 3, 6, '2025-09', '2026-04-06 07:37:45');
INSERT OR REPLACE INTO "ent_results" ("id", "student_id", "subject_id", "score", "month", "created_at") VALUES (1049, 445, 2, 17, '2025-09', '2026-04-06 07:37:45');
INSERT OR REPLACE INTO "ent_results" ("id", "student_id", "subject_id", "score", "month", "created_at") VALUES (1050, 445, 5, 18, '2025-09', '2026-04-06 07:37:45');
INSERT OR REPLACE INTO "ent_results" ("id", "student_id", "subject_id", "score", "month", "created_at") VALUES (1051, 445, 1, 11, '2025-10', '2026-04-06 07:37:45');
INSERT OR REPLACE INTO "ent_results" ("id", "student_id", "subject_id", "score", "month", "created_at") VALUES (1052, 445, 8, 7, '2025-10', '2026-04-06 07:37:45');
INSERT OR REPLACE INTO "ent_results" ("id", "student_id", "subject_id", "score", "month", "created_at") VALUES (1053, 445, 3, 4, '2025-10', '2026-04-06 07:37:45');
INSERT OR REPLACE INTO "ent_results" ("id", "student_id", "subject_id", "score", "month", "created_at") VALUES (1054, 445, 2, 27, '2025-10', '2026-04-06 07:37:45');
INSERT OR REPLACE INTO "ent_results" ("id", "student_id", "subject_id", "score", "month", "created_at") VALUES (1055, 445, 5, 17, '2025-10', '2026-04-06 07:37:45');
INSERT OR REPLACE INTO "ent_results" ("id", "student_id", "subject_id", "score", "month", "created_at") VALUES (1056, 445, 1, 3, '2025-11', '2026-04-06 07:37:45');
INSERT OR REPLACE INTO "ent_results" ("id", "student_id", "subject_id", "score", "month", "created_at") VALUES (1057, 445, 8, 8, '2025-11', '2026-04-06 07:37:45');
INSERT OR REPLACE INTO "ent_results" ("id", "student_id", "subject_id", "score", "month", "created_at") VALUES (1058, 445, 3, 6, '2025-11', '2026-04-06 07:37:45');
INSERT OR REPLACE INTO "ent_results" ("id", "student_id", "subject_id", "score", "month", "created_at") VALUES (1059, 445, 2, 15, '2025-11', '2026-04-06 07:37:45');
INSERT OR REPLACE INTO "ent_results" ("id", "student_id", "subject_id", "score", "month", "created_at") VALUES (1060, 445, 5, 16, '2025-11', '2026-04-06 07:37:45');
INSERT OR REPLACE INTO "ent_results" ("id", "student_id", "subject_id", "score", "month", "created_at") VALUES (1061, 445, 1, 12, '2025-12', '2026-04-06 07:37:45');
INSERT OR REPLACE INTO "ent_results" ("id", "student_id", "subject_id", "score", "month", "created_at") VALUES (1062, 445, 8, 10, '2025-12', '2026-04-06 07:37:45');
INSERT OR REPLACE INTO "ent_results" ("id", "student_id", "subject_id", "score", "month", "created_at") VALUES (1063, 445, 3, 7, '2025-12', '2026-04-06 07:37:45');
INSERT OR REPLACE INTO "ent_results" ("id", "student_id", "subject_id", "score", "month", "created_at") VALUES (1064, 445, 2, 23, '2025-12', '2026-04-06 07:37:45');
INSERT OR REPLACE INTO "ent_results" ("id", "student_id", "subject_id", "score", "month", "created_at") VALUES (1065, 445, 5, 25, '2025-12', '2026-04-06 07:37:45');
INSERT OR REPLACE INTO "ent_results" ("id", "student_id", "subject_id", "score", "month", "created_at") VALUES (1066, 445, 1, 9, '2026-01', '2026-04-06 07:37:45');
INSERT OR REPLACE INTO "ent_results" ("id", "student_id", "subject_id", "score", "month", "created_at") VALUES (1067, 445, 8, 9, '2026-01', '2026-04-06 07:37:45');
INSERT OR REPLACE INTO "ent_results" ("id", "student_id", "subject_id", "score", "month", "created_at") VALUES (1068, 445, 3, 7, '2026-01', '2026-04-06 07:37:45');
INSERT OR REPLACE INTO "ent_results" ("id", "student_id", "subject_id", "score", "month", "created_at") VALUES (1069, 445, 2, 22, '2026-01', '2026-04-06 07:37:45');
INSERT OR REPLACE INTO "ent_results" ("id", "student_id", "subject_id", "score", "month", "created_at") VALUES (1070, 445, 5, 21, '2026-01', '2026-04-06 07:37:45');
INSERT OR REPLACE INTO "ent_results" ("id", "student_id", "subject_id", "score", "month", "created_at") VALUES (1071, 446, 1, 10, '2025-09', '2026-04-06 07:37:45');
INSERT OR REPLACE INTO "ent_results" ("id", "student_id", "subject_id", "score", "month", "created_at") VALUES (1072, 446, 8, 7, '2025-09', '2026-04-06 07:37:45');
INSERT OR REPLACE INTO "ent_results" ("id", "student_id", "subject_id", "score", "month", "created_at") VALUES (1073, 446, 3, 8, '2025-09', '2026-04-06 07:37:45');
INSERT OR REPLACE INTO "ent_results" ("id", "student_id", "subject_id", "score", "month", "created_at") VALUES (1074, 446, 2, 31, '2025-09', '2026-04-06 07:37:45');
INSERT OR REPLACE INTO "ent_results" ("id", "student_id", "subject_id", "score", "month", "created_at") VALUES (1075, 446, 5, 23, '2025-09', '2026-04-06 07:37:45');
INSERT OR REPLACE INTO "ent_results" ("id", "student_id", "subject_id", "score", "month", "created_at") VALUES (1076, 446, 1, 10, '2025-10', '2026-04-06 07:37:45');
INSERT OR REPLACE INTO "ent_results" ("id", "student_id", "subject_id", "score", "month", "created_at") VALUES (1077, 446, 8, 8, '2025-10', '2026-04-06 07:37:45');
INSERT OR REPLACE INTO "ent_results" ("id", "student_id", "subject_id", "score", "month", "created_at") VALUES (1078, 446, 3, 8, '2025-10', '2026-04-06 07:37:45');
INSERT OR REPLACE INTO "ent_results" ("id", "student_id", "subject_id", "score", "month", "created_at") VALUES (1079, 446, 2, 32, '2025-10', '2026-04-06 07:37:45');
INSERT OR REPLACE INTO "ent_results" ("id", "student_id", "subject_id", "score", "month", "created_at") VALUES (1080, 446, 5, 20, '2025-10', '2026-04-06 07:37:45');
INSERT OR REPLACE INTO "ent_results" ("id", "student_id", "subject_id", "score", "month", "created_at") VALUES (1081, 446, 1, 15, '2025-11', '2026-04-06 07:37:45');
INSERT OR REPLACE INTO "ent_results" ("id", "student_id", "subject_id", "score", "month", "created_at") VALUES (1082, 446, 8, 7, '2025-11', '2026-04-06 07:37:45');
INSERT OR REPLACE INTO "ent_results" ("id", "student_id", "subject_id", "score", "month", "created_at") VALUES (1083, 446, 3, 8, '2025-11', '2026-04-06 07:37:45');
INSERT OR REPLACE INTO "ent_results" ("id", "student_id", "subject_id", "score", "month", "created_at") VALUES (1084, 446, 2, 25, '2025-11', '2026-04-06 07:37:45');
INSERT OR REPLACE INTO "ent_results" ("id", "student_id", "subject_id", "score", "month", "created_at") VALUES (1085, 446, 5, 14, '2025-11', '2026-04-06 07:37:45');
INSERT OR REPLACE INTO "ent_results" ("id", "student_id", "subject_id", "score", "month", "created_at") VALUES (1086, 446, 1, 10, '2025-12', '2026-04-06 07:37:45');
INSERT OR REPLACE INTO "ent_results" ("id", "student_id", "subject_id", "score", "month", "created_at") VALUES (1087, 446, 8, 9, '2025-12', '2026-04-06 07:37:45');
INSERT OR REPLACE INTO "ent_results" ("id", "student_id", "subject_id", "score", "month", "created_at") VALUES (1088, 446, 3, 9, '2025-12', '2026-04-06 07:37:45');
INSERT OR REPLACE INTO "ent_results" ("id", "student_id", "subject_id", "score", "month", "created_at") VALUES (1089, 446, 2, 35, '2025-12', '2026-04-06 07:37:45');
INSERT OR REPLACE INTO "ent_results" ("id", "student_id", "subject_id", "score", "month", "created_at") VALUES (1090, 446, 5, 27, '2025-12', '2026-04-06 07:37:45');
INSERT OR REPLACE INTO "ent_results" ("id", "student_id", "subject_id", "score", "month", "created_at") VALUES (1091, 446, 1, 15, '2026-01', '2026-04-06 07:37:45');
INSERT OR REPLACE INTO "ent_results" ("id", "student_id", "subject_id", "score", "month", "created_at") VALUES (1092, 446, 8, 9, '2026-01', '2026-04-06 07:37:45');
INSERT OR REPLACE INTO "ent_results" ("id", "student_id", "subject_id", "score", "month", "created_at") VALUES (1093, 446, 3, 10, '2026-01', '2026-04-06 07:37:45');
INSERT OR REPLACE INTO "ent_results" ("id", "student_id", "subject_id", "score", "month", "created_at") VALUES (1094, 446, 2, 41, '2026-01', '2026-04-06 07:37:45');
INSERT OR REPLACE INTO "ent_results" ("id", "student_id", "subject_id", "score", "month", "created_at") VALUES (1095, 446, 5, 25, '2026-01', '2026-04-06 07:37:45');
INSERT OR REPLACE INTO "ent_results" ("id", "student_id", "subject_id", "score", "month", "created_at") VALUES (1096, 446, 1, 8, '2026-02', '2026-04-06 07:37:45');
INSERT OR REPLACE INTO "ent_results" ("id", "student_id", "subject_id", "score", "month", "created_at") VALUES (1097, 446, 8, 8, '2026-02', '2026-04-06 07:37:45');
INSERT OR REPLACE INTO "ent_results" ("id", "student_id", "subject_id", "score", "month", "created_at") VALUES (1098, 446, 3, 7, '2026-02', '2026-04-06 07:37:45');
INSERT OR REPLACE INTO "ent_results" ("id", "student_id", "subject_id", "score", "month", "created_at") VALUES (1099, 446, 2, 38, '2026-02', '2026-04-06 07:37:45');
INSERT OR REPLACE INTO "ent_results" ("id", "student_id", "subject_id", "score", "month", "created_at") VALUES (1100, 446, 5, 27, '2026-02', '2026-04-06 07:37:45');
INSERT OR REPLACE INTO "ent_results" ("id", "student_id", "subject_id", "score", "month", "created_at") VALUES (1101, 447, 1, 16, '2025-09', '2026-04-06 07:37:45');
INSERT OR REPLACE INTO "ent_results" ("id", "student_id", "subject_id", "score", "month", "created_at") VALUES (1102, 447, 8, 8, '2025-09', '2026-04-06 07:37:45');
INSERT OR REPLACE INTO "ent_results" ("id", "student_id", "subject_id", "score", "month", "created_at") VALUES (1103, 447, 3, 4, '2025-09', '2026-04-06 07:37:45');
INSERT OR REPLACE INTO "ent_results" ("id", "student_id", "subject_id", "score", "month", "created_at") VALUES (1104, 447, 2, 26, '2025-09', '2026-04-06 07:37:45');
INSERT OR REPLACE INTO "ent_results" ("id", "student_id", "subject_id", "score", "month", "created_at") VALUES (1105, 447, 5, 28, '2025-09', '2026-04-06 07:37:45');
INSERT OR REPLACE INTO "ent_results" ("id", "student_id", "subject_id", "score", "month", "created_at") VALUES (1106, 447, 1, 12, '2025-10', '2026-04-06 07:37:45');
INSERT OR REPLACE INTO "ent_results" ("id", "student_id", "subject_id", "score", "month", "created_at") VALUES (1107, 447, 8, 7, '2025-10', '2026-04-06 07:37:45');
INSERT OR REPLACE INTO "ent_results" ("id", "student_id", "subject_id", "score", "month", "created_at") VALUES (1108, 447, 3, 6, '2025-10', '2026-04-06 07:37:45');
INSERT OR REPLACE INTO "ent_results" ("id", "student_id", "subject_id", "score", "month", "created_at") VALUES (1109, 447, 2, 26, '2025-10', '2026-04-06 07:37:45');
INSERT OR REPLACE INTO "ent_results" ("id", "student_id", "subject_id", "score", "month", "created_at") VALUES (1110, 447, 5, 22, '2025-10', '2026-04-06 07:37:45');
INSERT OR REPLACE INTO "ent_results" ("id", "student_id", "subject_id", "score", "month", "created_at") VALUES (1111, 447, 1, 13, '2025-11', '2026-04-06 07:37:45');
INSERT OR REPLACE INTO "ent_results" ("id", "student_id", "subject_id", "score", "month", "created_at") VALUES (1112, 447, 8, 7, '2025-11', '2026-04-06 07:37:45');
INSERT OR REPLACE INTO "ent_results" ("id", "student_id", "subject_id", "score", "month", "created_at") VALUES (1113, 447, 3, 10, '2025-11', '2026-04-06 07:37:45');
INSERT OR REPLACE INTO "ent_results" ("id", "student_id", "subject_id", "score", "month", "created_at") VALUES (1114, 447, 2, 23, '2025-11', '2026-04-06 07:37:45');
INSERT OR REPLACE INTO "ent_results" ("id", "student_id", "subject_id", "score", "month", "created_at") VALUES (1115, 447, 5, 12, '2025-11', '2026-04-06 07:37:45');
INSERT OR REPLACE INTO "ent_results" ("id", "student_id", "subject_id", "score", "month", "created_at") VALUES (1116, 447, 1, 14, '2025-12', '2026-04-06 07:37:45');
INSERT OR REPLACE INTO "ent_results" ("id", "student_id", "subject_id", "score", "month", "created_at") VALUES (1117, 447, 8, 9, '2025-12', '2026-04-06 07:37:45');
INSERT OR REPLACE INTO "ent_results" ("id", "student_id", "subject_id", "score", "month", "created_at") VALUES (1118, 447, 3, 5, '2025-12', '2026-04-06 07:37:45');
INSERT OR REPLACE INTO "ent_results" ("id", "student_id", "subject_id", "score", "month", "created_at") VALUES (1119, 447, 2, 24, '2025-12', '2026-04-06 07:37:45');
INSERT OR REPLACE INTO "ent_results" ("id", "student_id", "subject_id", "score", "month", "created_at") VALUES (1120, 447, 5, 18, '2025-12', '2026-04-06 07:37:45');
INSERT OR REPLACE INTO "ent_results" ("id", "student_id", "subject_id", "score", "month", "created_at") VALUES (1121, 447, 1, 15, '2026-01', '2026-04-06 07:37:45');
INSERT OR REPLACE INTO "ent_results" ("id", "student_id", "subject_id", "score", "month", "created_at") VALUES (1122, 447, 8, 10, '2026-01', '2026-04-06 07:37:45');
INSERT OR REPLACE INTO "ent_results" ("id", "student_id", "subject_id", "score", "month", "created_at") VALUES (1123, 447, 3, 8, '2026-01', '2026-04-06 07:37:45');
INSERT OR REPLACE INTO "ent_results" ("id", "student_id", "subject_id", "score", "month", "created_at") VALUES (1124, 447, 2, 34, '2026-01', '2026-04-06 07:37:45');
INSERT OR REPLACE INTO "ent_results" ("id", "student_id", "subject_id", "score", "month", "created_at") VALUES (1125, 447, 5, 29, '2026-01', '2026-04-06 07:37:45');
INSERT OR REPLACE INTO "ent_results" ("id", "student_id", "subject_id", "score", "month", "created_at") VALUES (1126, 448, 1, 9, '2025-09', '2026-04-06 07:37:45');
INSERT OR REPLACE INTO "ent_results" ("id", "student_id", "subject_id", "score", "month", "created_at") VALUES (1127, 448, 8, 7, '2025-09', '2026-04-06 07:37:45');
INSERT OR REPLACE INTO "ent_results" ("id", "student_id", "subject_id", "score", "month", "created_at") VALUES (1128, 448, 3, 5, '2025-09', '2026-04-06 07:37:45');
INSERT OR REPLACE INTO "ent_results" ("id", "student_id", "subject_id", "score", "month", "created_at") VALUES (1129, 448, 2, 20, '2025-09', '2026-04-06 07:37:45');
INSERT OR REPLACE INTO "ent_results" ("id", "student_id", "subject_id", "score", "month", "created_at") VALUES (1130, 448, 5, 15, '2025-09', '2026-04-06 07:37:45');
INSERT OR REPLACE INTO "ent_results" ("id", "student_id", "subject_id", "score", "month", "created_at") VALUES (1131, 448, 1, 9, '2025-10', '2026-04-06 07:37:45');
INSERT OR REPLACE INTO "ent_results" ("id", "student_id", "subject_id", "score", "month", "created_at") VALUES (1132, 448, 8, 7, '2025-10', '2026-04-06 07:37:45');
INSERT OR REPLACE INTO "ent_results" ("id", "student_id", "subject_id", "score", "month", "created_at") VALUES (1133, 448, 3, 5, '2025-10', '2026-04-06 07:37:45');
INSERT OR REPLACE INTO "ent_results" ("id", "student_id", "subject_id", "score", "month", "created_at") VALUES (1134, 448, 2, 30, '2025-10', '2026-04-06 07:37:45');
INSERT OR REPLACE INTO "ent_results" ("id", "student_id", "subject_id", "score", "month", "created_at") VALUES (1135, 448, 5, 19, '2025-10', '2026-04-06 07:37:45');
INSERT OR REPLACE INTO "ent_results" ("id", "student_id", "subject_id", "score", "month", "created_at") VALUES (1136, 448, 1, 10, '2025-11', '2026-04-06 07:37:45');
INSERT OR REPLACE INTO "ent_results" ("id", "student_id", "subject_id", "score", "month", "created_at") VALUES (1137, 448, 8, 9, '2025-11', '2026-04-06 07:37:45');
INSERT OR REPLACE INTO "ent_results" ("id", "student_id", "subject_id", "score", "month", "created_at") VALUES (1138, 448, 3, 6, '2025-11', '2026-04-06 07:37:45');
INSERT OR REPLACE INTO "ent_results" ("id", "student_id", "subject_id", "score", "month", "created_at") VALUES (1139, 448, 2, 23, '2025-11', '2026-04-06 07:37:45');
INSERT OR REPLACE INTO "ent_results" ("id", "student_id", "subject_id", "score", "month", "created_at") VALUES (1140, 448, 5, 20, '2025-11', '2026-04-06 07:37:45');
INSERT OR REPLACE INTO "ent_results" ("id", "student_id", "subject_id", "score", "month", "created_at") VALUES (1141, 448, 1, 16, '2025-12', '2026-04-06 07:37:45');
INSERT OR REPLACE INTO "ent_results" ("id", "student_id", "subject_id", "score", "month", "created_at") VALUES (1142, 448, 8, 9, '2025-12', '2026-04-06 07:37:45');
INSERT OR REPLACE INTO "ent_results" ("id", "student_id", "subject_id", "score", "month", "created_at") VALUES (1143, 448, 3, 7, '2025-12', '2026-04-06 07:37:45');
INSERT OR REPLACE INTO "ent_results" ("id", "student_id", "subject_id", "score", "month", "created_at") VALUES (1144, 448, 2, 29, '2025-12', '2026-04-06 07:37:45');
INSERT OR REPLACE INTO "ent_results" ("id", "student_id", "subject_id", "score", "month", "created_at") VALUES (1145, 448, 5, 27, '2025-12', '2026-04-06 07:37:45');
INSERT OR REPLACE INTO "ent_results" ("id", "student_id", "subject_id", "score", "month", "created_at") VALUES (1146, 448, 1, 10, '2026-01', '2026-04-06 07:37:45');
INSERT OR REPLACE INTO "ent_results" ("id", "student_id", "subject_id", "score", "month", "created_at") VALUES (1147, 448, 8, 9, '2026-01', '2026-04-06 07:37:45');
INSERT OR REPLACE INTO "ent_results" ("id", "student_id", "subject_id", "score", "month", "created_at") VALUES (1148, 448, 3, 10, '2026-01', '2026-04-06 07:37:45');
INSERT OR REPLACE INTO "ent_results" ("id", "student_id", "subject_id", "score", "month", "created_at") VALUES (1149, 448, 2, 32, '2026-01', '2026-04-06 07:37:45');
INSERT OR REPLACE INTO "ent_results" ("id", "student_id", "subject_id", "score", "month", "created_at") VALUES (1150, 448, 5, 34, '2026-01', '2026-04-06 07:37:45');
INSERT OR REPLACE INTO "ent_results" ("id", "student_id", "subject_id", "score", "month", "created_at") VALUES (1151, 448, 1, 13, '2026-02', '2026-04-06 07:37:45');
INSERT OR REPLACE INTO "ent_results" ("id", "student_id", "subject_id", "score", "month", "created_at") VALUES (1152, 448, 8, 8, '2026-02', '2026-04-06 07:37:45');
INSERT OR REPLACE INTO "ent_results" ("id", "student_id", "subject_id", "score", "month", "created_at") VALUES (1153, 448, 3, 3, '2026-02', '2026-04-06 07:37:45');
INSERT OR REPLACE INTO "ent_results" ("id", "student_id", "subject_id", "score", "month", "created_at") VALUES (1154, 448, 2, 25, '2026-02', '2026-04-06 07:37:45');
INSERT OR REPLACE INTO "ent_results" ("id", "student_id", "subject_id", "score", "month", "created_at") VALUES (1155, 448, 5, 23, '2026-02', '2026-04-06 07:37:45');
INSERT OR REPLACE INTO "ent_results" ("id", "student_id", "subject_id", "score", "month", "created_at") VALUES (1156, 449, 1, 10, '2025-09', '2026-04-06 07:37:45');
INSERT OR REPLACE INTO "ent_results" ("id", "student_id", "subject_id", "score", "month", "created_at") VALUES (1157, 449, 8, 6, '2025-09', '2026-04-06 07:37:45');
INSERT OR REPLACE INTO "ent_results" ("id", "student_id", "subject_id", "score", "month", "created_at") VALUES (1158, 449, 3, 3, '2025-09', '2026-04-06 07:37:45');
INSERT OR REPLACE INTO "ent_results" ("id", "student_id", "subject_id", "score", "month", "created_at") VALUES (1159, 449, 2, 11, '2025-09', '2026-04-06 07:37:45');
INSERT OR REPLACE INTO "ent_results" ("id", "student_id", "subject_id", "score", "month", "created_at") VALUES (1160, 449, 5, 14, '2025-09', '2026-04-06 07:37:45');
INSERT OR REPLACE INTO "ent_results" ("id", "student_id", "subject_id", "score", "month", "created_at") VALUES (1161, 449, 1, 9, '2025-10', '2026-04-06 07:37:45');
INSERT OR REPLACE INTO "ent_results" ("id", "student_id", "subject_id", "score", "month", "created_at") VALUES (1162, 449, 8, 5, '2025-10', '2026-04-06 07:37:45');
INSERT OR REPLACE INTO "ent_results" ("id", "student_id", "subject_id", "score", "month", "created_at") VALUES (1163, 449, 3, 6, '2025-10', '2026-04-06 07:37:45');
INSERT OR REPLACE INTO "ent_results" ("id", "student_id", "subject_id", "score", "month", "created_at") VALUES (1164, 449, 2, 27, '2025-10', '2026-04-06 07:37:45');
INSERT OR REPLACE INTO "ent_results" ("id", "student_id", "subject_id", "score", "month", "created_at") VALUES (1165, 449, 5, 19, '2025-10', '2026-04-06 07:37:45');
INSERT OR REPLACE INTO "ent_results" ("id", "student_id", "subject_id", "score", "month", "created_at") VALUES (1166, 449, 1, 8, '2025-11', '2026-04-06 07:37:45');
INSERT OR REPLACE INTO "ent_results" ("id", "student_id", "subject_id", "score", "month", "created_at") VALUES (1167, 449, 8, 6, '2025-11', '2026-04-06 07:37:45');
INSERT OR REPLACE INTO "ent_results" ("id", "student_id", "subject_id", "score", "month", "created_at") VALUES (1168, 449, 3, 6, '2025-11', '2026-04-06 07:37:45');
INSERT OR REPLACE INTO "ent_results" ("id", "student_id", "subject_id", "score", "month", "created_at") VALUES (1169, 449, 2, 29, '2025-11', '2026-04-06 07:37:45');
INSERT OR REPLACE INTO "ent_results" ("id", "student_id", "subject_id", "score", "month", "created_at") VALUES (1170, 449, 5, 26, '2025-11', '2026-04-06 07:37:45');
INSERT OR REPLACE INTO "ent_results" ("id", "student_id", "subject_id", "score", "month", "created_at") VALUES (1171, 449, 1, 9, '2025-12', '2026-04-06 07:37:45');
INSERT OR REPLACE INTO "ent_results" ("id", "student_id", "subject_id", "score", "month", "created_at") VALUES (1172, 449, 8, 8, '2025-12', '2026-04-06 07:37:45');
INSERT OR REPLACE INTO "ent_results" ("id", "student_id", "subject_id", "score", "month", "created_at") VALUES (1173, 449, 3, 6, '2025-12', '2026-04-06 07:37:45');
INSERT OR REPLACE INTO "ent_results" ("id", "student_id", "subject_id", "score", "month", "created_at") VALUES (1174, 449, 2, 17, '2025-12', '2026-04-06 07:37:45');
INSERT OR REPLACE INTO "ent_results" ("id", "student_id", "subject_id", "score", "month", "created_at") VALUES (1175, 449, 5, 11, '2025-12', '2026-04-06 07:37:45');
INSERT OR REPLACE INTO "ent_results" ("id", "student_id", "subject_id", "score", "month", "created_at") VALUES (1176, 449, 1, 11, '2026-01', '2026-04-06 07:37:45');
INSERT OR REPLACE INTO "ent_results" ("id", "student_id", "subject_id", "score", "month", "created_at") VALUES (1177, 449, 8, 8, '2026-01', '2026-04-06 07:37:45');
INSERT OR REPLACE INTO "ent_results" ("id", "student_id", "subject_id", "score", "month", "created_at") VALUES (1178, 449, 3, 7, '2026-01', '2026-04-06 07:37:45');
INSERT OR REPLACE INTO "ent_results" ("id", "student_id", "subject_id", "score", "month", "created_at") VALUES (1179, 449, 2, 25, '2026-01', '2026-04-06 07:37:45');
INSERT OR REPLACE INTO "ent_results" ("id", "student_id", "subject_id", "score", "month", "created_at") VALUES (1180, 449, 5, 14, '2026-01', '2026-04-06 07:37:45');
INSERT OR REPLACE INTO "ent_results" ("id", "student_id", "subject_id", "score", "month", "created_at") VALUES (1181, 449, 1, 6, '2026-02', '2026-04-06 07:37:45');
INSERT OR REPLACE INTO "ent_results" ("id", "student_id", "subject_id", "score", "month", "created_at") VALUES (1182, 449, 8, 8, '2026-02', '2026-04-06 07:37:45');
INSERT OR REPLACE INTO "ent_results" ("id", "student_id", "subject_id", "score", "month", "created_at") VALUES (1183, 449, 3, 2, '2026-02', '2026-04-06 07:37:45');
INSERT OR REPLACE INTO "ent_results" ("id", "student_id", "subject_id", "score", "month", "created_at") VALUES (1184, 449, 2, 14, '2026-02', '2026-04-06 07:37:45');
INSERT OR REPLACE INTO "ent_results" ("id", "student_id", "subject_id", "score", "month", "created_at") VALUES (1185, 449, 5, 16, '2026-02', '2026-04-06 07:37:45');
INSERT OR REPLACE INTO "ent_results" ("id", "student_id", "subject_id", "score", "month", "created_at") VALUES (1186, 450, 1, 9, '2025-09', '2026-04-06 07:37:45');
INSERT OR REPLACE INTO "ent_results" ("id", "student_id", "subject_id", "score", "month", "created_at") VALUES (1187, 450, 8, 8, '2025-09', '2026-04-06 07:37:45');
INSERT OR REPLACE INTO "ent_results" ("id", "student_id", "subject_id", "score", "month", "created_at") VALUES (1188, 450, 3, 4, '2025-09', '2026-04-06 07:37:45');
INSERT OR REPLACE INTO "ent_results" ("id", "student_id", "subject_id", "score", "month", "created_at") VALUES (1189, 450, 2, 13, '2025-09', '2026-04-06 07:37:45');
INSERT OR REPLACE INTO "ent_results" ("id", "student_id", "subject_id", "score", "month", "created_at") VALUES (1190, 450, 5, 16, '2025-09', '2026-04-06 07:37:45');
INSERT OR REPLACE INTO "ent_results" ("id", "student_id", "subject_id", "score", "month", "created_at") VALUES (1191, 450, 1, 9, '2025-10', '2026-04-06 07:37:45');
INSERT OR REPLACE INTO "ent_results" ("id", "student_id", "subject_id", "score", "month", "created_at") VALUES (1192, 450, 8, 8, '2025-10', '2026-04-06 07:37:45');
INSERT OR REPLACE INTO "ent_results" ("id", "student_id", "subject_id", "score", "month", "created_at") VALUES (1193, 450, 3, 6, '2025-10', '2026-04-06 07:37:45');
INSERT OR REPLACE INTO "ent_results" ("id", "student_id", "subject_id", "score", "month", "created_at") VALUES (1194, 450, 2, 21, '2025-10', '2026-04-06 07:37:45');
INSERT OR REPLACE INTO "ent_results" ("id", "student_id", "subject_id", "score", "month", "created_at") VALUES (1195, 450, 5, 21, '2025-10', '2026-04-06 07:37:45');
INSERT OR REPLACE INTO "ent_results" ("id", "student_id", "subject_id", "score", "month", "created_at") VALUES (1196, 450, 1, 12, '2025-11', '2026-04-06 07:37:45');
INSERT OR REPLACE INTO "ent_results" ("id", "student_id", "subject_id", "score", "month", "created_at") VALUES (1197, 450, 8, 8, '2025-11', '2026-04-06 07:37:45');
INSERT OR REPLACE INTO "ent_results" ("id", "student_id", "subject_id", "score", "month", "created_at") VALUES (1198, 450, 3, 3, '2025-11', '2026-04-06 07:37:45');
INSERT OR REPLACE INTO "ent_results" ("id", "student_id", "subject_id", "score", "month", "created_at") VALUES (1199, 450, 2, 14, '2025-11', '2026-04-06 07:37:45');
INSERT OR REPLACE INTO "ent_results" ("id", "student_id", "subject_id", "score", "month", "created_at") VALUES (1200, 450, 5, 14, '2025-11', '2026-04-06 07:37:45');
INSERT OR REPLACE INTO "ent_results" ("id", "student_id", "subject_id", "score", "month", "created_at") VALUES (1201, 450, 1, 13, '2025-12', '2026-04-06 07:37:45');
INSERT OR REPLACE INTO "ent_results" ("id", "student_id", "subject_id", "score", "month", "created_at") VALUES (1202, 450, 8, 9, '2025-12', '2026-04-06 07:37:45');
INSERT OR REPLACE INTO "ent_results" ("id", "student_id", "subject_id", "score", "month", "created_at") VALUES (1203, 450, 3, 5, '2025-12', '2026-04-06 07:37:45');
INSERT OR REPLACE INTO "ent_results" ("id", "student_id", "subject_id", "score", "month", "created_at") VALUES (1204, 450, 2, 23, '2025-12', '2026-04-06 07:37:45');
INSERT OR REPLACE INTO "ent_results" ("id", "student_id", "subject_id", "score", "month", "created_at") VALUES (1205, 450, 5, 19, '2025-12', '2026-04-06 07:37:45');
INSERT OR REPLACE INTO "ent_results" ("id", "student_id", "subject_id", "score", "month", "created_at") VALUES (1206, 450, 1, 16, '2026-01', '2026-04-06 07:37:45');
INSERT OR REPLACE INTO "ent_results" ("id", "student_id", "subject_id", "score", "month", "created_at") VALUES (1207, 450, 8, 9, '2026-01', '2026-04-06 07:37:45');
INSERT OR REPLACE INTO "ent_results" ("id", "student_id", "subject_id", "score", "month", "created_at") VALUES (1208, 450, 3, 9, '2026-01', '2026-04-06 07:37:45');
INSERT OR REPLACE INTO "ent_results" ("id", "student_id", "subject_id", "score", "month", "created_at") VALUES (1209, 450, 2, 22, '2026-01', '2026-04-06 07:37:45');
INSERT OR REPLACE INTO "ent_results" ("id", "student_id", "subject_id", "score", "month", "created_at") VALUES (1210, 450, 5, 21, '2026-01', '2026-04-06 07:37:45');
INSERT OR REPLACE INTO "ent_results" ("id", "student_id", "subject_id", "score", "month", "created_at") VALUES (1211, 450, 1, 20, '2026-02', '2026-04-06 07:37:45');
INSERT OR REPLACE INTO "ent_results" ("id", "student_id", "subject_id", "score", "month", "created_at") VALUES (1212, 450, 8, 8, '2026-02', '2026-04-06 07:37:45');
INSERT OR REPLACE INTO "ent_results" ("id", "student_id", "subject_id", "score", "month", "created_at") VALUES (1213, 450, 3, 8, '2026-02', '2026-04-06 07:37:45');
INSERT OR REPLACE INTO "ent_results" ("id", "student_id", "subject_id", "score", "month", "created_at") VALUES (1214, 450, 2, 22, '2026-02', '2026-04-06 07:37:45');
INSERT OR REPLACE INTO "ent_results" ("id", "student_id", "subject_id", "score", "month", "created_at") VALUES (1215, 450, 5, 20, '2026-02', '2026-04-06 07:37:45');
INSERT OR REPLACE INTO "ent_results" ("id", "student_id", "subject_id", "score", "month", "created_at") VALUES (1216, 451, 1, 6, '2025-10', '2026-04-06 07:37:45');
INSERT OR REPLACE INTO "ent_results" ("id", "student_id", "subject_id", "score", "month", "created_at") VALUES (1217, 451, 8, 9, '2025-10', '2026-04-06 07:37:45');
INSERT OR REPLACE INTO "ent_results" ("id", "student_id", "subject_id", "score", "month", "created_at") VALUES (1218, 451, 3, 7, '2025-10', '2026-04-06 07:37:45');
INSERT OR REPLACE INTO "ent_results" ("id", "student_id", "subject_id", "score", "month", "created_at") VALUES (1219, 451, 2, 26, '2025-10', '2026-04-06 07:37:45');
INSERT OR REPLACE INTO "ent_results" ("id", "student_id", "subject_id", "score", "month", "created_at") VALUES (1220, 451, 5, 15, '2025-10', '2026-04-06 07:37:45');
INSERT OR REPLACE INTO "ent_results" ("id", "student_id", "subject_id", "score", "month", "created_at") VALUES (1221, 451, 1, 13, '2025-11', '2026-04-06 07:37:45');
INSERT OR REPLACE INTO "ent_results" ("id", "student_id", "subject_id", "score", "month", "created_at") VALUES (1222, 451, 8, 7, '2025-11', '2026-04-06 07:37:45');
INSERT OR REPLACE INTO "ent_results" ("id", "student_id", "subject_id", "score", "month", "created_at") VALUES (1223, 451, 3, 7, '2025-11', '2026-04-06 07:37:45');
INSERT OR REPLACE INTO "ent_results" ("id", "student_id", "subject_id", "score", "month", "created_at") VALUES (1224, 451, 2, 16, '2025-11', '2026-04-06 07:37:45');
INSERT OR REPLACE INTO "ent_results" ("id", "student_id", "subject_id", "score", "month", "created_at") VALUES (1225, 451, 5, 15, '2025-11', '2026-04-06 07:37:45');
INSERT OR REPLACE INTO "ent_results" ("id", "student_id", "subject_id", "score", "month", "created_at") VALUES (1226, 451, 1, 13, '2025-12', '2026-04-06 07:37:45');
INSERT OR REPLACE INTO "ent_results" ("id", "student_id", "subject_id", "score", "month", "created_at") VALUES (1227, 451, 8, 7, '2025-12', '2026-04-06 07:37:45');
INSERT OR REPLACE INTO "ent_results" ("id", "student_id", "subject_id", "score", "month", "created_at") VALUES (1228, 451, 3, 8, '2025-12', '2026-04-06 07:37:45');
INSERT OR REPLACE INTO "ent_results" ("id", "student_id", "subject_id", "score", "month", "created_at") VALUES (1229, 451, 2, 29, '2025-12', '2026-04-06 07:37:45');
INSERT OR REPLACE INTO "ent_results" ("id", "student_id", "subject_id", "score", "month", "created_at") VALUES (1230, 451, 5, 24, '2025-12', '2026-04-06 07:37:45');
INSERT OR REPLACE INTO "ent_results" ("id", "student_id", "subject_id", "score", "month", "created_at") VALUES (1231, 451, 1, 10, '2026-01', '2026-04-06 07:37:45');
INSERT OR REPLACE INTO "ent_results" ("id", "student_id", "subject_id", "score", "month", "created_at") VALUES (1232, 451, 8, 10, '2026-01', '2026-04-06 07:37:45');
INSERT OR REPLACE INTO "ent_results" ("id", "student_id", "subject_id", "score", "month", "created_at") VALUES (1233, 451, 3, 10, '2026-01', '2026-04-06 07:37:45');
INSERT OR REPLACE INTO "ent_results" ("id", "student_id", "subject_id", "score", "month", "created_at") VALUES (1234, 451, 2, 32, '2026-01', '2026-04-06 07:37:45');
INSERT OR REPLACE INTO "ent_results" ("id", "student_id", "subject_id", "score", "month", "created_at") VALUES (1235, 451, 5, 23, '2026-01', '2026-04-06 07:37:45');
INSERT OR REPLACE INTO "ent_results" ("id", "student_id", "subject_id", "score", "month", "created_at") VALUES (1236, 451, 1, 7, '2026-02', '2026-04-06 07:37:45');
INSERT OR REPLACE INTO "ent_results" ("id", "student_id", "subject_id", "score", "month", "created_at") VALUES (1237, 451, 8, 7, '2026-02', '2026-04-06 07:37:45');
INSERT OR REPLACE INTO "ent_results" ("id", "student_id", "subject_id", "score", "month", "created_at") VALUES (1238, 451, 3, 4, '2026-02', '2026-04-06 07:37:45');
INSERT OR REPLACE INTO "ent_results" ("id", "student_id", "subject_id", "score", "month", "created_at") VALUES (1239, 451, 2, 32, '2026-02', '2026-04-06 07:37:45');
INSERT OR REPLACE INTO "ent_results" ("id", "student_id", "subject_id", "score", "month", "created_at") VALUES (1240, 451, 5, 35, '2026-02', '2026-04-06 07:37:45');
INSERT OR REPLACE INTO "ent_results" ("id", "student_id", "subject_id", "score", "month", "created_at") VALUES (1241, 452, 1, 10, '2025-11', '2026-04-06 07:37:45');
INSERT OR REPLACE INTO "ent_results" ("id", "student_id", "subject_id", "score", "month", "created_at") VALUES (1242, 452, 8, 7, '2025-11', '2026-04-06 07:37:45');
INSERT OR REPLACE INTO "ent_results" ("id", "student_id", "subject_id", "score", "month", "created_at") VALUES (1243, 452, 3, 8, '2025-11', '2026-04-06 07:37:45');
INSERT OR REPLACE INTO "ent_results" ("id", "student_id", "subject_id", "score", "month", "created_at") VALUES (1244, 452, 2, 20, '2025-11', '2026-04-06 07:37:45');
INSERT OR REPLACE INTO "ent_results" ("id", "student_id", "subject_id", "score", "month", "created_at") VALUES (1245, 452, 5, 12, '2025-11', '2026-04-06 07:37:45');
INSERT OR REPLACE INTO "ent_results" ("id", "student_id", "subject_id", "score", "month", "created_at") VALUES (1246, 452, 1, 8, '2025-12', '2026-04-06 07:37:45');
INSERT OR REPLACE INTO "ent_results" ("id", "student_id", "subject_id", "score", "month", "created_at") VALUES (1247, 452, 8, 7, '2025-12', '2026-04-06 07:37:45');
INSERT OR REPLACE INTO "ent_results" ("id", "student_id", "subject_id", "score", "month", "created_at") VALUES (1248, 452, 3, 7, '2025-12', '2026-04-06 07:37:45');
INSERT OR REPLACE INTO "ent_results" ("id", "student_id", "subject_id", "score", "month", "created_at") VALUES (1249, 452, 2, 33, '2025-12', '2026-04-06 07:37:45');
INSERT OR REPLACE INTO "ent_results" ("id", "student_id", "subject_id", "score", "month", "created_at") VALUES (1250, 452, 5, 20, '2025-12', '2026-04-06 07:37:45');
INSERT OR REPLACE INTO "ent_results" ("id", "student_id", "subject_id", "score", "month", "created_at") VALUES (1251, 452, 1, 11, '2026-01', '2026-04-06 07:37:45');
INSERT OR REPLACE INTO "ent_results" ("id", "student_id", "subject_id", "score", "month", "created_at") VALUES (1252, 452, 8, 9, '2026-01', '2026-04-06 07:37:45');
INSERT OR REPLACE INTO "ent_results" ("id", "student_id", "subject_id", "score", "month", "created_at") VALUES (1253, 452, 3, 7, '2026-01', '2026-04-06 07:37:45');
INSERT OR REPLACE INTO "ent_results" ("id", "student_id", "subject_id", "score", "month", "created_at") VALUES (1254, 452, 2, 28, '2026-01', '2026-04-06 07:37:45');
INSERT OR REPLACE INTO "ent_results" ("id", "student_id", "subject_id", "score", "month", "created_at") VALUES (1255, 452, 5, 26, '2026-01', '2026-04-06 07:37:45');
INSERT OR REPLACE INTO "ent_results" ("id", "student_id", "subject_id", "score", "month", "created_at") VALUES (1256, 452, 1, 4, '2026-02', '2026-04-06 07:37:45');
INSERT OR REPLACE INTO "ent_results" ("id", "student_id", "subject_id", "score", "month", "created_at") VALUES (1257, 452, 8, 6, '2026-02', '2026-04-06 07:37:45');
INSERT OR REPLACE INTO "ent_results" ("id", "student_id", "subject_id", "score", "month", "created_at") VALUES (1258, 452, 3, 4, '2026-02', '2026-04-06 07:37:45');
INSERT OR REPLACE INTO "ent_results" ("id", "student_id", "subject_id", "score", "month", "created_at") VALUES (1259, 452, 2, 21, '2026-02', '2026-04-06 07:37:45');
INSERT OR REPLACE INTO "ent_results" ("id", "student_id", "subject_id", "score", "month", "created_at") VALUES (1260, 452, 5, 29, '2026-02', '2026-04-06 07:37:45');
INSERT OR REPLACE INTO "ent_results" ("id", "student_id", "subject_id", "score", "month", "created_at") VALUES (1261, 453, 1, 7, '2026-01', '2026-04-06 07:37:45');
INSERT OR REPLACE INTO "ent_results" ("id", "student_id", "subject_id", "score", "month", "created_at") VALUES (1262, 453, 8, 5, '2026-01', '2026-04-06 07:37:45');
INSERT OR REPLACE INTO "ent_results" ("id", "student_id", "subject_id", "score", "month", "created_at") VALUES (1263, 453, 3, 2, '2026-01', '2026-04-06 07:37:45');
INSERT OR REPLACE INTO "ent_results" ("id", "student_id", "subject_id", "score", "month", "created_at") VALUES (1264, 453, 2, 13, '2026-01', '2026-04-06 07:37:45');
INSERT OR REPLACE INTO "ent_results" ("id", "student_id", "subject_id", "score", "month", "created_at") VALUES (1265, 453, 5, 12, '2026-01', '2026-04-06 07:37:45');
INSERT OR REPLACE INTO "ent_results" ("id", "student_id", "subject_id", "score", "month", "created_at") VALUES (1266, 454, 1, 9, '2025-12', '2026-04-06 07:37:45');
INSERT OR REPLACE INTO "ent_results" ("id", "student_id", "subject_id", "score", "month", "created_at") VALUES (1267, 454, 8, 9, '2025-12', '2026-04-06 07:37:45');
INSERT OR REPLACE INTO "ent_results" ("id", "student_id", "subject_id", "score", "month", "created_at") VALUES (1268, 454, 3, 5, '2025-12', '2026-04-06 07:37:45');
INSERT OR REPLACE INTO "ent_results" ("id", "student_id", "subject_id", "score", "month", "created_at") VALUES (1269, 454, 2, 19, '2025-12', '2026-04-06 07:37:45');
INSERT OR REPLACE INTO "ent_results" ("id", "student_id", "subject_id", "score", "month", "created_at") VALUES (1270, 454, 5, 13, '2025-12', '2026-04-06 07:37:45');
INSERT OR REPLACE INTO "ent_results" ("id", "student_id", "subject_id", "score", "month", "created_at") VALUES (1271, 454, 1, 13, '2026-01', '2026-04-06 07:37:45');
INSERT OR REPLACE INTO "ent_results" ("id", "student_id", "subject_id", "score", "month", "created_at") VALUES (1272, 454, 8, 9, '2026-01', '2026-04-06 07:37:45');
INSERT OR REPLACE INTO "ent_results" ("id", "student_id", "subject_id", "score", "month", "created_at") VALUES (1273, 454, 3, 9, '2026-01', '2026-04-06 07:37:45');
INSERT OR REPLACE INTO "ent_results" ("id", "student_id", "subject_id", "score", "month", "created_at") VALUES (1274, 454, 2, 27, '2026-01', '2026-04-06 07:37:45');
INSERT OR REPLACE INTO "ent_results" ("id", "student_id", "subject_id", "score", "month", "created_at") VALUES (1275, 454, 5, 31, '2026-01', '2026-04-06 07:37:45');
INSERT OR REPLACE INTO "ent_results" ("id", "student_id", "subject_id", "score", "month", "created_at") VALUES (1276, 454, 1, 12, '2026-02', '2026-04-06 07:37:45');
INSERT OR REPLACE INTO "ent_results" ("id", "student_id", "subject_id", "score", "month", "created_at") VALUES (1277, 454, 8, 7, '2026-02', '2026-04-06 07:37:45');
INSERT OR REPLACE INTO "ent_results" ("id", "student_id", "subject_id", "score", "month", "created_at") VALUES (1278, 454, 3, 5, '2026-02', '2026-04-06 07:37:45');
INSERT OR REPLACE INTO "ent_results" ("id", "student_id", "subject_id", "score", "month", "created_at") VALUES (1279, 454, 2, 25, '2026-02', '2026-04-06 07:37:45');
INSERT OR REPLACE INTO "ent_results" ("id", "student_id", "subject_id", "score", "month", "created_at") VALUES (1280, 454, 5, 28, '2026-02', '2026-04-06 07:37:45');
INSERT OR REPLACE INTO "ent_results" ("id", "student_id", "subject_id", "score", "month", "created_at") VALUES (1281, 455, 1, 9, '2025-09', '2026-04-06 07:37:45');
INSERT OR REPLACE INTO "ent_results" ("id", "student_id", "subject_id", "score", "month", "created_at") VALUES (1282, 455, 8, 9, '2025-09', '2026-04-06 07:37:45');
INSERT OR REPLACE INTO "ent_results" ("id", "student_id", "subject_id", "score", "month", "created_at") VALUES (1283, 455, 3, 1, '2025-09', '2026-04-06 07:37:45');
INSERT OR REPLACE INTO "ent_results" ("id", "student_id", "subject_id", "score", "month", "created_at") VALUES (1284, 455, 6, 13, '2025-09', '2026-04-06 07:37:45');
INSERT OR REPLACE INTO "ent_results" ("id", "student_id", "subject_id", "score", "month", "created_at") VALUES (1285, 455, 7, 7, '2025-09', '2026-04-06 07:37:45');
INSERT OR REPLACE INTO "ent_results" ("id", "student_id", "subject_id", "score", "month", "created_at") VALUES (1286, 455, 1, 9, '2025-10', '2026-04-06 07:37:45');
INSERT OR REPLACE INTO "ent_results" ("id", "student_id", "subject_id", "score", "month", "created_at") VALUES (1287, 455, 8, 8, '2025-10', '2026-04-06 07:37:45');
INSERT OR REPLACE INTO "ent_results" ("id", "student_id", "subject_id", "score", "month", "created_at") VALUES (1288, 455, 3, 3, '2025-10', '2026-04-06 07:37:45');
INSERT OR REPLACE INTO "ent_results" ("id", "student_id", "subject_id", "score", "month", "created_at") VALUES (1289, 455, 6, 13, '2025-10', '2026-04-06 07:37:45');
INSERT OR REPLACE INTO "ent_results" ("id", "student_id", "subject_id", "score", "month", "created_at") VALUES (1290, 455, 7, 15, '2025-10', '2026-04-06 07:37:45');
INSERT OR REPLACE INTO "ent_results" ("id", "student_id", "subject_id", "score", "month", "created_at") VALUES (1291, 455, 1, 12, '2025-11', '2026-04-06 07:37:45');
INSERT OR REPLACE INTO "ent_results" ("id", "student_id", "subject_id", "score", "month", "created_at") VALUES (1292, 455, 8, 8, '2025-11', '2026-04-06 07:37:45');
INSERT OR REPLACE INTO "ent_results" ("id", "student_id", "subject_id", "score", "month", "created_at") VALUES (1293, 455, 3, 5, '2025-11', '2026-04-06 07:37:45');
INSERT OR REPLACE INTO "ent_results" ("id", "student_id", "subject_id", "score", "month", "created_at") VALUES (1294, 455, 6, 26, '2025-11', '2026-04-06 07:37:45');
INSERT OR REPLACE INTO "ent_results" ("id", "student_id", "subject_id", "score", "month", "created_at") VALUES (1295, 455, 7, 18, '2025-11', '2026-04-06 07:37:45');
INSERT OR REPLACE INTO "ent_results" ("id", "student_id", "subject_id", "score", "month", "created_at") VALUES (1296, 455, 1, 11, '2025-12', '2026-04-06 07:37:45');
INSERT OR REPLACE INTO "ent_results" ("id", "student_id", "subject_id", "score", "month", "created_at") VALUES (1297, 455, 8, 9, '2025-12', '2026-04-06 07:37:45');
INSERT OR REPLACE INTO "ent_results" ("id", "student_id", "subject_id", "score", "month", "created_at") VALUES (1298, 455, 3, 6, '2025-12', '2026-04-06 07:37:45');
INSERT OR REPLACE INTO "ent_results" ("id", "student_id", "subject_id", "score", "month", "created_at") VALUES (1299, 455, 6, 28, '2025-12', '2026-04-06 07:37:45');
INSERT OR REPLACE INTO "ent_results" ("id", "student_id", "subject_id", "score", "month", "created_at") VALUES (1300, 455, 7, 22, '2025-12', '2026-04-06 07:37:45');
INSERT OR REPLACE INTO "ent_results" ("id", "student_id", "subject_id", "score", "month", "created_at") VALUES (1301, 455, 1, 13, '2026-01', '2026-04-06 07:37:45');
INSERT OR REPLACE INTO "ent_results" ("id", "student_id", "subject_id", "score", "month", "created_at") VALUES (1302, 455, 8, 10, '2026-01', '2026-04-06 07:37:45');
INSERT OR REPLACE INTO "ent_results" ("id", "student_id", "subject_id", "score", "month", "created_at") VALUES (1303, 455, 3, 7, '2026-01', '2026-04-06 07:37:45');
INSERT OR REPLACE INTO "ent_results" ("id", "student_id", "subject_id", "score", "month", "created_at") VALUES (1304, 455, 6, 21, '2026-01', '2026-04-06 07:37:45');
INSERT OR REPLACE INTO "ent_results" ("id", "student_id", "subject_id", "score", "month", "created_at") VALUES (1305, 455, 7, 25, '2026-01', '2026-04-06 07:37:45');
INSERT OR REPLACE INTO "ent_results" ("id", "student_id", "subject_id", "score", "month", "created_at") VALUES (1306, 455, 1, 10, '2026-02', '2026-04-06 07:37:45');
INSERT OR REPLACE INTO "ent_results" ("id", "student_id", "subject_id", "score", "month", "created_at") VALUES (1307, 455, 8, 9, '2026-02', '2026-04-06 07:37:45');
INSERT OR REPLACE INTO "ent_results" ("id", "student_id", "subject_id", "score", "month", "created_at") VALUES (1308, 455, 3, 2, '2026-02', '2026-04-06 07:37:45');
INSERT OR REPLACE INTO "ent_results" ("id", "student_id", "subject_id", "score", "month", "created_at") VALUES (1309, 455, 6, 32, '2026-02', '2026-04-06 07:37:45');
INSERT OR REPLACE INTO "ent_results" ("id", "student_id", "subject_id", "score", "month", "created_at") VALUES (1310, 455, 7, 21, '2026-02', '2026-04-06 07:37:45');
INSERT OR REPLACE INTO "ent_results" ("id", "student_id", "subject_id", "score", "month", "created_at") VALUES (1311, 456, 1, 9, '2025-09', '2026-04-06 07:37:45');
INSERT OR REPLACE INTO "ent_results" ("id", "student_id", "subject_id", "score", "month", "created_at") VALUES (1312, 456, 8, 8, '2025-09', '2026-04-06 07:37:45');
INSERT OR REPLACE INTO "ent_results" ("id", "student_id", "subject_id", "score", "month", "created_at") VALUES (1313, 456, 3, 1, '2025-09', '2026-04-06 07:37:45');
INSERT OR REPLACE INTO "ent_results" ("id", "student_id", "subject_id", "score", "month", "created_at") VALUES (1314, 456, 6, 14, '2025-09', '2026-04-06 07:37:45');
INSERT OR REPLACE INTO "ent_results" ("id", "student_id", "subject_id", "score", "month", "created_at") VALUES (1315, 456, 7, 12, '2025-09', '2026-04-06 07:37:45');
INSERT OR REPLACE INTO "ent_results" ("id", "student_id", "subject_id", "score", "month", "created_at") VALUES (1316, 456, 1, 14, '2025-10', '2026-04-06 07:37:45');
INSERT OR REPLACE INTO "ent_results" ("id", "student_id", "subject_id", "score", "month", "created_at") VALUES (1317, 456, 8, 7, '2025-10', '2026-04-06 07:37:45');
INSERT OR REPLACE INTO "ent_results" ("id", "student_id", "subject_id", "score", "month", "created_at") VALUES (1318, 456, 3, 5, '2025-10', '2026-04-06 07:37:45');
INSERT OR REPLACE INTO "ent_results" ("id", "student_id", "subject_id", "score", "month", "created_at") VALUES (1319, 456, 6, 17, '2025-10', '2026-04-06 07:37:45');
INSERT OR REPLACE INTO "ent_results" ("id", "student_id", "subject_id", "score", "month", "created_at") VALUES (1320, 456, 7, 25, '2025-10', '2026-04-06 07:37:45');
INSERT OR REPLACE INTO "ent_results" ("id", "student_id", "subject_id", "score", "month", "created_at") VALUES (1321, 456, 1, 11, '2025-11', '2026-04-06 07:37:45');
INSERT OR REPLACE INTO "ent_results" ("id", "student_id", "subject_id", "score", "month", "created_at") VALUES (1322, 456, 8, 8, '2025-11', '2026-04-06 07:37:45');
INSERT OR REPLACE INTO "ent_results" ("id", "student_id", "subject_id", "score", "month", "created_at") VALUES (1323, 456, 3, 7, '2025-11', '2026-04-06 07:37:45');
INSERT OR REPLACE INTO "ent_results" ("id", "student_id", "subject_id", "score", "month", "created_at") VALUES (1324, 456, 6, 21, '2025-11', '2026-04-06 07:37:45');
INSERT OR REPLACE INTO "ent_results" ("id", "student_id", "subject_id", "score", "month", "created_at") VALUES (1325, 456, 7, 20, '2025-11', '2026-04-06 07:37:45');
INSERT OR REPLACE INTO "ent_results" ("id", "student_id", "subject_id", "score", "month", "created_at") VALUES (1326, 456, 1, 15, '2026-01', '2026-04-06 07:37:45');
INSERT OR REPLACE INTO "ent_results" ("id", "student_id", "subject_id", "score", "month", "created_at") VALUES (1327, 456, 8, 8, '2026-01', '2026-04-06 07:37:45');
INSERT OR REPLACE INTO "ent_results" ("id", "student_id", "subject_id", "score", "month", "created_at") VALUES (1328, 456, 3, 8, '2026-01', '2026-04-06 07:37:45');
INSERT OR REPLACE INTO "ent_results" ("id", "student_id", "subject_id", "score", "month", "created_at") VALUES (1329, 456, 6, 31, '2026-01', '2026-04-06 07:37:45');
INSERT OR REPLACE INTO "ent_results" ("id", "student_id", "subject_id", "score", "month", "created_at") VALUES (1330, 456, 7, 17, '2026-01', '2026-04-06 07:37:45');
INSERT OR REPLACE INTO "ent_results" ("id", "student_id", "subject_id", "score", "month", "created_at") VALUES (1331, 456, 1, 5, '2026-02', '2026-04-06 07:37:45');
INSERT OR REPLACE INTO "ent_results" ("id", "student_id", "subject_id", "score", "month", "created_at") VALUES (1332, 456, 8, 7, '2026-02', '2026-04-06 07:37:45');
INSERT OR REPLACE INTO "ent_results" ("id", "student_id", "subject_id", "score", "month", "created_at") VALUES (1333, 456, 3, 2, '2026-02', '2026-04-06 07:37:45');
INSERT OR REPLACE INTO "ent_results" ("id", "student_id", "subject_id", "score", "month", "created_at") VALUES (1334, 456, 6, 29, '2026-02', '2026-04-06 07:37:45');
INSERT OR REPLACE INTO "ent_results" ("id", "student_id", "subject_id", "score", "month", "created_at") VALUES (1335, 456, 7, 17, '2026-02', '2026-04-06 07:37:45');
INSERT OR REPLACE INTO "ent_results" ("id", "student_id", "subject_id", "score", "month", "created_at") VALUES (1336, 457, 1, 10, '2025-09', '2026-04-06 07:37:45');
INSERT OR REPLACE INTO "ent_results" ("id", "student_id", "subject_id", "score", "month", "created_at") VALUES (1337, 457, 8, 9, '2025-09', '2026-04-06 07:37:45');
INSERT OR REPLACE INTO "ent_results" ("id", "student_id", "subject_id", "score", "month", "created_at") VALUES (1338, 457, 3, 3, '2025-09', '2026-04-06 07:37:45');
INSERT OR REPLACE INTO "ent_results" ("id", "student_id", "subject_id", "score", "month", "created_at") VALUES (1339, 457, 6, 15, '2025-09', '2026-04-06 07:37:45');
INSERT OR REPLACE INTO "ent_results" ("id", "student_id", "subject_id", "score", "month", "created_at") VALUES (1340, 457, 7, 11, '2025-09', '2026-04-06 07:37:45');
INSERT OR REPLACE INTO "ent_results" ("id", "student_id", "subject_id", "score", "month", "created_at") VALUES (1341, 457, 1, 7, '2025-10', '2026-04-06 07:37:45');
INSERT OR REPLACE INTO "ent_results" ("id", "student_id", "subject_id", "score", "month", "created_at") VALUES (1342, 457, 8, 7, '2025-10', '2026-04-06 07:37:45');
INSERT OR REPLACE INTO "ent_results" ("id", "student_id", "subject_id", "score", "month", "created_at") VALUES (1343, 457, 3, 4, '2025-10', '2026-04-06 07:37:45');
INSERT OR REPLACE INTO "ent_results" ("id", "student_id", "subject_id", "score", "month", "created_at") VALUES (1344, 457, 6, 22, '2025-10', '2026-04-06 07:37:45');
INSERT OR REPLACE INTO "ent_results" ("id", "student_id", "subject_id", "score", "month", "created_at") VALUES (1345, 457, 7, 13, '2025-10', '2026-04-06 07:37:45');
INSERT OR REPLACE INTO "ent_results" ("id", "student_id", "subject_id", "score", "month", "created_at") VALUES (1346, 457, 1, 12, '2025-11', '2026-04-06 07:37:45');
INSERT OR REPLACE INTO "ent_results" ("id", "student_id", "subject_id", "score", "month", "created_at") VALUES (1347, 457, 8, 8, '2025-11', '2026-04-06 07:37:45');
INSERT OR REPLACE INTO "ent_results" ("id", "student_id", "subject_id", "score", "month", "created_at") VALUES (1348, 457, 3, 4, '2025-11', '2026-04-06 07:37:45');
INSERT OR REPLACE INTO "ent_results" ("id", "student_id", "subject_id", "score", "month", "created_at") VALUES (1349, 457, 6, 23, '2025-11', '2026-04-06 07:37:45');
INSERT OR REPLACE INTO "ent_results" ("id", "student_id", "subject_id", "score", "month", "created_at") VALUES (1350, 457, 7, 15, '2025-11', '2026-04-06 07:37:45');
INSERT OR REPLACE INTO "ent_results" ("id", "student_id", "subject_id", "score", "month", "created_at") VALUES (1351, 457, 1, 10, '2025-12', '2026-04-06 07:37:45');
INSERT OR REPLACE INTO "ent_results" ("id", "student_id", "subject_id", "score", "month", "created_at") VALUES (1352, 457, 8, 9, '2025-12', '2026-04-06 07:37:45');
INSERT OR REPLACE INTO "ent_results" ("id", "student_id", "subject_id", "score", "month", "created_at") VALUES (1353, 457, 3, 5, '2025-12', '2026-04-06 07:37:45');
INSERT OR REPLACE INTO "ent_results" ("id", "student_id", "subject_id", "score", "month", "created_at") VALUES (1354, 457, 6, 22, '2025-12', '2026-04-06 07:37:45');
INSERT OR REPLACE INTO "ent_results" ("id", "student_id", "subject_id", "score", "month", "created_at") VALUES (1355, 457, 7, 15, '2025-12', '2026-04-06 07:37:45');
INSERT OR REPLACE INTO "ent_results" ("id", "student_id", "subject_id", "score", "month", "created_at") VALUES (1356, 457, 1, 13, '2026-01', '2026-04-06 07:37:45');
INSERT OR REPLACE INTO "ent_results" ("id", "student_id", "subject_id", "score", "month", "created_at") VALUES (1357, 457, 8, 10, '2026-01', '2026-04-06 07:37:45');
INSERT OR REPLACE INTO "ent_results" ("id", "student_id", "subject_id", "score", "month", "created_at") VALUES (1358, 457, 3, 7, '2026-01', '2026-04-06 07:37:45');
INSERT OR REPLACE INTO "ent_results" ("id", "student_id", "subject_id", "score", "month", "created_at") VALUES (1359, 457, 6, 26, '2026-01', '2026-04-06 07:37:45');
INSERT OR REPLACE INTO "ent_results" ("id", "student_id", "subject_id", "score", "month", "created_at") VALUES (1360, 457, 7, 22, '2026-01', '2026-04-06 07:37:45');
INSERT OR REPLACE INTO "ent_results" ("id", "student_id", "subject_id", "score", "month", "created_at") VALUES (1361, 457, 1, 11, '2026-02', '2026-04-06 07:37:45');
INSERT OR REPLACE INTO "ent_results" ("id", "student_id", "subject_id", "score", "month", "created_at") VALUES (1362, 457, 8, 7, '2026-02', '2026-04-06 07:37:45');
INSERT OR REPLACE INTO "ent_results" ("id", "student_id", "subject_id", "score", "month", "created_at") VALUES (1363, 457, 3, 3, '2026-02', '2026-04-06 07:37:45');
INSERT OR REPLACE INTO "ent_results" ("id", "student_id", "subject_id", "score", "month", "created_at") VALUES (1364, 457, 6, 19, '2026-02', '2026-04-06 07:37:45');
INSERT OR REPLACE INTO "ent_results" ("id", "student_id", "subject_id", "score", "month", "created_at") VALUES (1365, 457, 7, 22, '2026-02', '2026-04-06 07:37:45');
INSERT OR REPLACE INTO "ent_results" ("id", "student_id", "subject_id", "score", "month", "created_at") VALUES (1366, 458, 1, 9, '2025-10', '2026-04-06 07:37:45');
INSERT OR REPLACE INTO "ent_results" ("id", "student_id", "subject_id", "score", "month", "created_at") VALUES (1367, 458, 8, 6, '2025-10', '2026-04-06 07:37:45');
INSERT OR REPLACE INTO "ent_results" ("id", "student_id", "subject_id", "score", "month", "created_at") VALUES (1368, 458, 3, 6, '2025-10', '2026-04-06 07:37:45');
INSERT OR REPLACE INTO "ent_results" ("id", "student_id", "subject_id", "score", "month", "created_at") VALUES (1369, 458, 6, 30, '2025-10', '2026-04-06 07:37:45');
INSERT OR REPLACE INTO "ent_results" ("id", "student_id", "subject_id", "score", "month", "created_at") VALUES (1370, 458, 7, 27, '2025-10', '2026-04-06 07:37:45');
INSERT OR REPLACE INTO "ent_results" ("id", "student_id", "subject_id", "score", "month", "created_at") VALUES (1371, 458, 1, 7, '2026-01', '2026-04-06 07:37:45');
INSERT OR REPLACE INTO "ent_results" ("id", "student_id", "subject_id", "score", "month", "created_at") VALUES (1372, 458, 8, 8, '2026-01', '2026-04-06 07:37:45');
INSERT OR REPLACE INTO "ent_results" ("id", "student_id", "subject_id", "score", "month", "created_at") VALUES (1373, 458, 3, 8, '2026-01', '2026-04-06 07:37:45');
INSERT OR REPLACE INTO "ent_results" ("id", "student_id", "subject_id", "score", "month", "created_at") VALUES (1374, 458, 6, 25, '2026-01', '2026-04-06 07:37:45');
INSERT OR REPLACE INTO "ent_results" ("id", "student_id", "subject_id", "score", "month", "created_at") VALUES (1375, 458, 7, 24, '2026-01', '2026-04-06 07:37:45');
INSERT OR REPLACE INTO "ent_results" ("id", "student_id", "subject_id", "score", "month", "created_at") VALUES (1376, 459, 1, 12, '2025-10', '2026-04-06 07:37:45');
INSERT OR REPLACE INTO "ent_results" ("id", "student_id", "subject_id", "score", "month", "created_at") VALUES (1377, 459, 8, 8, '2025-10', '2026-04-06 07:37:45');
INSERT OR REPLACE INTO "ent_results" ("id", "student_id", "subject_id", "score", "month", "created_at") VALUES (1378, 459, 3, 5, '2025-10', '2026-04-06 07:37:45');
INSERT OR REPLACE INTO "ent_results" ("id", "student_id", "subject_id", "score", "month", "created_at") VALUES (1379, 459, 6, 29, '2025-10', '2026-04-06 07:37:45');
INSERT OR REPLACE INTO "ent_results" ("id", "student_id", "subject_id", "score", "month", "created_at") VALUES (1380, 459, 7, 29, '2025-10', '2026-04-06 07:37:45');
INSERT OR REPLACE INTO "ent_results" ("id", "student_id", "subject_id", "score", "month", "created_at") VALUES (1381, 459, 1, 14, '2025-11', '2026-04-06 07:37:45');
INSERT OR REPLACE INTO "ent_results" ("id", "student_id", "subject_id", "score", "month", "created_at") VALUES (1382, 459, 8, 7, '2025-11', '2026-04-06 07:37:45');
INSERT OR REPLACE INTO "ent_results" ("id", "student_id", "subject_id", "score", "month", "created_at") VALUES (1383, 459, 3, 7, '2025-11', '2026-04-06 07:37:45');
INSERT OR REPLACE INTO "ent_results" ("id", "student_id", "subject_id", "score", "month", "created_at") VALUES (1384, 459, 6, 31, '2025-11', '2026-04-06 07:37:45');
INSERT OR REPLACE INTO "ent_results" ("id", "student_id", "subject_id", "score", "month", "created_at") VALUES (1385, 459, 7, 22, '2025-11', '2026-04-06 07:37:45');
INSERT OR REPLACE INTO "ent_results" ("id", "student_id", "subject_id", "score", "month", "created_at") VALUES (1386, 459, 1, 14, '2025-12', '2026-04-06 07:37:45');
INSERT OR REPLACE INTO "ent_results" ("id", "student_id", "subject_id", "score", "month", "created_at") VALUES (1387, 459, 8, 7, '2025-12', '2026-04-06 07:37:45');
INSERT OR REPLACE INTO "ent_results" ("id", "student_id", "subject_id", "score", "month", "created_at") VALUES (1388, 459, 3, 7, '2025-12', '2026-04-06 07:37:45');
INSERT OR REPLACE INTO "ent_results" ("id", "student_id", "subject_id", "score", "month", "created_at") VALUES (1389, 459, 6, 33, '2025-12', '2026-04-06 07:37:45');
INSERT OR REPLACE INTO "ent_results" ("id", "student_id", "subject_id", "score", "month", "created_at") VALUES (1390, 459, 7, 23, '2025-12', '2026-04-06 07:37:45');
INSERT OR REPLACE INTO "ent_results" ("id", "student_id", "subject_id", "score", "month", "created_at") VALUES (1391, 459, 1, 11, '2026-01', '2026-04-06 07:37:45');
INSERT OR REPLACE INTO "ent_results" ("id", "student_id", "subject_id", "score", "month", "created_at") VALUES (1392, 459, 8, 10, '2026-01', '2026-04-06 07:37:45');
INSERT OR REPLACE INTO "ent_results" ("id", "student_id", "subject_id", "score", "month", "created_at") VALUES (1393, 459, 3, 8, '2026-01', '2026-04-06 07:37:45');
INSERT OR REPLACE INTO "ent_results" ("id", "student_id", "subject_id", "score", "month", "created_at") VALUES (1394, 459, 6, 33, '2026-01', '2026-04-06 07:37:45');
INSERT OR REPLACE INTO "ent_results" ("id", "student_id", "subject_id", "score", "month", "created_at") VALUES (1395, 459, 7, 27, '2026-01', '2026-04-06 07:37:45');
INSERT OR REPLACE INTO "ent_results" ("id", "student_id", "subject_id", "score", "month", "created_at") VALUES (1396, 459, 1, 6, '2026-02', '2026-04-06 07:37:45');
INSERT OR REPLACE INTO "ent_results" ("id", "student_id", "subject_id", "score", "month", "created_at") VALUES (1397, 459, 8, 7, '2026-02', '2026-04-06 07:37:45');
INSERT OR REPLACE INTO "ent_results" ("id", "student_id", "subject_id", "score", "month", "created_at") VALUES (1398, 459, 3, 3, '2026-02', '2026-04-06 07:37:45');
INSERT OR REPLACE INTO "ent_results" ("id", "student_id", "subject_id", "score", "month", "created_at") VALUES (1399, 459, 6, 29, '2026-02', '2026-04-06 07:37:45');
INSERT OR REPLACE INTO "ent_results" ("id", "student_id", "subject_id", "score", "month", "created_at") VALUES (1400, 459, 7, 24, '2026-02', '2026-04-06 07:37:45');
INSERT OR REPLACE INTO "ent_results" ("id", "student_id", "subject_id", "score", "month", "created_at") VALUES (1401, 460, 1, 8, '2025-09', '2026-04-06 07:37:45');
INSERT OR REPLACE INTO "ent_results" ("id", "student_id", "subject_id", "score", "month", "created_at") VALUES (1402, 460, 8, 8, '2025-09', '2026-04-06 07:37:45');
INSERT OR REPLACE INTO "ent_results" ("id", "student_id", "subject_id", "score", "month", "created_at") VALUES (1403, 460, 3, 3, '2025-09', '2026-04-06 07:37:45');
INSERT OR REPLACE INTO "ent_results" ("id", "student_id", "subject_id", "score", "month", "created_at") VALUES (1404, 460, 2, 18, '2025-09', '2026-04-06 07:37:45');
INSERT OR REPLACE INTO "ent_results" ("id", "student_id", "subject_id", "score", "month", "created_at") VALUES (1405, 460, 5, 20, '2025-09', '2026-04-06 07:37:45');
INSERT OR REPLACE INTO "ent_results" ("id", "student_id", "subject_id", "score", "month", "created_at") VALUES (1406, 460, 1, 12, '2025-11', '2026-04-06 07:37:45');
INSERT OR REPLACE INTO "ent_results" ("id", "student_id", "subject_id", "score", "month", "created_at") VALUES (1407, 460, 8, 9, '2025-11', '2026-04-06 07:37:45');
INSERT OR REPLACE INTO "ent_results" ("id", "student_id", "subject_id", "score", "month", "created_at") VALUES (1408, 460, 3, 9, '2025-11', '2026-04-06 07:37:45');
INSERT OR REPLACE INTO "ent_results" ("id", "student_id", "subject_id", "score", "month", "created_at") VALUES (1409, 460, 2, 26, '2025-11', '2026-04-06 07:37:45');
INSERT OR REPLACE INTO "ent_results" ("id", "student_id", "subject_id", "score", "month", "created_at") VALUES (1410, 460, 5, 20, '2025-11', '2026-04-06 07:37:45');
INSERT OR REPLACE INTO "ent_results" ("id", "student_id", "subject_id", "score", "month", "created_at") VALUES (1411, 460, 1, 14, '2025-12', '2026-04-06 07:37:45');
INSERT OR REPLACE INTO "ent_results" ("id", "student_id", "subject_id", "score", "month", "created_at") VALUES (1412, 460, 8, 5, '2025-12', '2026-04-06 07:37:45');
INSERT OR REPLACE INTO "ent_results" ("id", "student_id", "subject_id", "score", "month", "created_at") VALUES (1413, 460, 3, 6, '2025-12', '2026-04-06 07:37:45');
INSERT OR REPLACE INTO "ent_results" ("id", "student_id", "subject_id", "score", "month", "created_at") VALUES (1414, 460, 2, 29, '2025-12', '2026-04-06 07:37:45');
INSERT OR REPLACE INTO "ent_results" ("id", "student_id", "subject_id", "score", "month", "created_at") VALUES (1415, 460, 5, 28, '2025-12', '2026-04-06 07:37:45');
INSERT OR REPLACE INTO "ent_results" ("id", "student_id", "subject_id", "score", "month", "created_at") VALUES (1416, 460, 1, 12, '2026-01', '2026-04-06 07:37:45');
INSERT OR REPLACE INTO "ent_results" ("id", "student_id", "subject_id", "score", "month", "created_at") VALUES (1417, 460, 8, 10, '2026-01', '2026-04-06 07:37:45');
INSERT OR REPLACE INTO "ent_results" ("id", "student_id", "subject_id", "score", "month", "created_at") VALUES (1418, 460, 3, 8, '2026-01', '2026-04-06 07:37:45');
INSERT OR REPLACE INTO "ent_results" ("id", "student_id", "subject_id", "score", "month", "created_at") VALUES (1419, 460, 2, 33, '2026-01', '2026-04-06 07:37:45');
INSERT OR REPLACE INTO "ent_results" ("id", "student_id", "subject_id", "score", "month", "created_at") VALUES (1420, 460, 5, 26, '2026-01', '2026-04-06 07:37:45');
INSERT OR REPLACE INTO "ent_results" ("id", "student_id", "subject_id", "score", "month", "created_at") VALUES (1421, 460, 1, 9, '2026-02', '2026-04-06 07:37:45');
INSERT OR REPLACE INTO "ent_results" ("id", "student_id", "subject_id", "score", "month", "created_at") VALUES (1422, 460, 8, 10, '2026-02', '2026-04-06 07:37:45');
INSERT OR REPLACE INTO "ent_results" ("id", "student_id", "subject_id", "score", "month", "created_at") VALUES (1423, 460, 3, 7, '2026-02', '2026-04-06 07:37:45');
INSERT OR REPLACE INTO "ent_results" ("id", "student_id", "subject_id", "score", "month", "created_at") VALUES (1424, 460, 2, 33, '2026-02', '2026-04-06 07:37:45');
INSERT OR REPLACE INTO "ent_results" ("id", "student_id", "subject_id", "score", "month", "created_at") VALUES (1425, 460, 5, 27, '2026-02', '2026-04-06 07:37:45');
INSERT OR REPLACE INTO "ent_results" ("id", "student_id", "subject_id", "score", "month", "created_at") VALUES (1426, 461, 1, 7, '2025-09', '2026-04-06 07:37:45');
INSERT OR REPLACE INTO "ent_results" ("id", "student_id", "subject_id", "score", "month", "created_at") VALUES (1427, 461, 8, 10, '2025-09', '2026-04-06 07:37:45');
INSERT OR REPLACE INTO "ent_results" ("id", "student_id", "subject_id", "score", "month", "created_at") VALUES (1428, 461, 3, 5, '2025-09', '2026-04-06 07:37:45');
INSERT OR REPLACE INTO "ent_results" ("id", "student_id", "subject_id", "score", "month", "created_at") VALUES (1429, 461, 2, 20, '2025-09', '2026-04-06 07:37:45');
INSERT OR REPLACE INTO "ent_results" ("id", "student_id", "subject_id", "score", "month", "created_at") VALUES (1430, 461, 5, 19, '2025-09', '2026-04-06 07:37:45');
INSERT OR REPLACE INTO "ent_results" ("id", "student_id", "subject_id", "score", "month", "created_at") VALUES (1431, 461, 1, 13, '2025-11', '2026-04-06 07:37:45');
INSERT OR REPLACE INTO "ent_results" ("id", "student_id", "subject_id", "score", "month", "created_at") VALUES (1432, 461, 8, 5, '2025-11', '2026-04-06 07:37:45');
INSERT OR REPLACE INTO "ent_results" ("id", "student_id", "subject_id", "score", "month", "created_at") VALUES (1433, 461, 3, 8, '2025-11', '2026-04-06 07:37:45');
INSERT OR REPLACE INTO "ent_results" ("id", "student_id", "subject_id", "score", "month", "created_at") VALUES (1434, 461, 2, 20, '2025-11', '2026-04-06 07:37:45');
INSERT OR REPLACE INTO "ent_results" ("id", "student_id", "subject_id", "score", "month", "created_at") VALUES (1435, 461, 5, 15, '2025-11', '2026-04-06 07:37:45');
INSERT OR REPLACE INTO "ent_results" ("id", "student_id", "subject_id", "score", "month", "created_at") VALUES (1436, 461, 1, 11, '2025-12', '2026-04-06 07:37:45');
INSERT OR REPLACE INTO "ent_results" ("id", "student_id", "subject_id", "score", "month", "created_at") VALUES (1437, 461, 8, 10, '2025-12', '2026-04-06 07:37:45');
INSERT OR REPLACE INTO "ent_results" ("id", "student_id", "subject_id", "score", "month", "created_at") VALUES (1438, 461, 3, 10, '2025-12', '2026-04-06 07:37:45');
INSERT OR REPLACE INTO "ent_results" ("id", "student_id", "subject_id", "score", "month", "created_at") VALUES (1439, 461, 2, 29, '2025-12', '2026-04-06 07:37:45');
INSERT OR REPLACE INTO "ent_results" ("id", "student_id", "subject_id", "score", "month", "created_at") VALUES (1440, 461, 5, 14, '2025-12', '2026-04-06 07:37:45');
INSERT OR REPLACE INTO "ent_results" ("id", "student_id", "subject_id", "score", "month", "created_at") VALUES (1441, 461, 1, 11, '2026-01', '2026-04-06 07:37:45');
INSERT OR REPLACE INTO "ent_results" ("id", "student_id", "subject_id", "score", "month", "created_at") VALUES (1442, 461, 8, 9, '2026-01', '2026-04-06 07:37:45');
INSERT OR REPLACE INTO "ent_results" ("id", "student_id", "subject_id", "score", "month", "created_at") VALUES (1443, 461, 3, 8, '2026-01', '2026-04-06 07:37:45');
INSERT OR REPLACE INTO "ent_results" ("id", "student_id", "subject_id", "score", "month", "created_at") VALUES (1444, 461, 2, 24, '2026-01', '2026-04-06 07:37:45');
INSERT OR REPLACE INTO "ent_results" ("id", "student_id", "subject_id", "score", "month", "created_at") VALUES (1445, 461, 5, 32, '2026-01', '2026-04-06 07:37:45');
INSERT OR REPLACE INTO "ent_results" ("id", "student_id", "subject_id", "score", "month", "created_at") VALUES (1446, 461, 1, 8, '2026-02', '2026-04-06 07:37:45');
INSERT OR REPLACE INTO "ent_results" ("id", "student_id", "subject_id", "score", "month", "created_at") VALUES (1447, 461, 8, 10, '2026-02', '2026-04-06 07:37:45');
INSERT OR REPLACE INTO "ent_results" ("id", "student_id", "subject_id", "score", "month", "created_at") VALUES (1448, 461, 3, 5, '2026-02', '2026-04-06 07:37:45');
INSERT OR REPLACE INTO "ent_results" ("id", "student_id", "subject_id", "score", "month", "created_at") VALUES (1449, 461, 2, 24, '2026-02', '2026-04-06 07:37:45');
INSERT OR REPLACE INTO "ent_results" ("id", "student_id", "subject_id", "score", "month", "created_at") VALUES (1450, 461, 5, 22, '2026-02', '2026-04-06 07:37:45');
INSERT OR REPLACE INTO "ent_results" ("id", "student_id", "subject_id", "score", "month", "created_at") VALUES (1451, 462, 1, 12, '2025-10', '2026-04-06 07:37:45');
INSERT OR REPLACE INTO "ent_results" ("id", "student_id", "subject_id", "score", "month", "created_at") VALUES (1452, 462, 8, 9, '2025-10', '2026-04-06 07:37:45');
INSERT OR REPLACE INTO "ent_results" ("id", "student_id", "subject_id", "score", "month", "created_at") VALUES (1453, 462, 3, 8, '2025-10', '2026-04-06 07:37:45');
INSERT OR REPLACE INTO "ent_results" ("id", "student_id", "subject_id", "score", "month", "created_at") VALUES (1454, 462, 2, 27, '2025-10', '2026-04-06 07:37:45');
INSERT OR REPLACE INTO "ent_results" ("id", "student_id", "subject_id", "score", "month", "created_at") VALUES (1455, 462, 5, 23, '2025-10', '2026-04-06 07:37:45');
INSERT OR REPLACE INTO "ent_results" ("id", "student_id", "subject_id", "score", "month", "created_at") VALUES (1456, 462, 1, 10, '2025-11', '2026-04-06 07:37:45');
INSERT OR REPLACE INTO "ent_results" ("id", "student_id", "subject_id", "score", "month", "created_at") VALUES (1457, 462, 8, 8, '2025-11', '2026-04-06 07:37:45');
INSERT OR REPLACE INTO "ent_results" ("id", "student_id", "subject_id", "score", "month", "created_at") VALUES (1458, 462, 3, 9, '2025-11', '2026-04-06 07:37:45');
INSERT OR REPLACE INTO "ent_results" ("id", "student_id", "subject_id", "score", "month", "created_at") VALUES (1459, 462, 2, 35, '2025-11', '2026-04-06 07:37:45');
INSERT OR REPLACE INTO "ent_results" ("id", "student_id", "subject_id", "score", "month", "created_at") VALUES (1460, 462, 5, 28, '2025-11', '2026-04-06 07:37:45');
INSERT OR REPLACE INTO "ent_results" ("id", "student_id", "subject_id", "score", "month", "created_at") VALUES (1461, 462, 1, 11, '2025-12', '2026-04-06 07:37:45');
INSERT OR REPLACE INTO "ent_results" ("id", "student_id", "subject_id", "score", "month", "created_at") VALUES (1462, 462, 8, 10, '2025-12', '2026-04-06 07:37:45');
INSERT OR REPLACE INTO "ent_results" ("id", "student_id", "subject_id", "score", "month", "created_at") VALUES (1463, 462, 3, 10, '2025-12', '2026-04-06 07:37:45');
INSERT OR REPLACE INTO "ent_results" ("id", "student_id", "subject_id", "score", "month", "created_at") VALUES (1464, 462, 2, 36, '2025-12', '2026-04-06 07:37:45');
INSERT OR REPLACE INTO "ent_results" ("id", "student_id", "subject_id", "score", "month", "created_at") VALUES (1465, 462, 5, 30, '2025-12', '2026-04-06 07:37:45');
INSERT OR REPLACE INTO "ent_results" ("id", "student_id", "subject_id", "score", "month", "created_at") VALUES (1466, 462, 1, 8, '2026-01', '2026-04-06 07:37:45');
INSERT OR REPLACE INTO "ent_results" ("id", "student_id", "subject_id", "score", "month", "created_at") VALUES (1467, 462, 8, 9, '2026-01', '2026-04-06 07:37:45');
INSERT OR REPLACE INTO "ent_results" ("id", "student_id", "subject_id", "score", "month", "created_at") VALUES (1468, 462, 3, 10, '2026-01', '2026-04-06 07:37:45');
INSERT OR REPLACE INTO "ent_results" ("id", "student_id", "subject_id", "score", "month", "created_at") VALUES (1469, 462, 2, 35, '2026-01', '2026-04-06 07:37:45');
INSERT OR REPLACE INTO "ent_results" ("id", "student_id", "subject_id", "score", "month", "created_at") VALUES (1470, 462, 5, 33, '2026-01', '2026-04-06 07:37:45');
INSERT OR REPLACE INTO "ent_results" ("id", "student_id", "subject_id", "score", "month", "created_at") VALUES (1471, 462, 1, 10, '2026-02', '2026-04-06 07:37:45');
INSERT OR REPLACE INTO "ent_results" ("id", "student_id", "subject_id", "score", "month", "created_at") VALUES (1472, 462, 8, 10, '2026-02', '2026-04-06 07:37:45');
INSERT OR REPLACE INTO "ent_results" ("id", "student_id", "subject_id", "score", "month", "created_at") VALUES (1473, 462, 3, 7, '2026-02', '2026-04-06 07:37:45');
INSERT OR REPLACE INTO "ent_results" ("id", "student_id", "subject_id", "score", "month", "created_at") VALUES (1474, 462, 2, 30, '2026-02', '2026-04-06 07:37:45');
INSERT OR REPLACE INTO "ent_results" ("id", "student_id", "subject_id", "score", "month", "created_at") VALUES (1475, 462, 5, 33, '2026-02', '2026-04-06 07:37:45');
INSERT OR REPLACE INTO "ent_results" ("id", "student_id", "subject_id", "score", "month", "created_at") VALUES (1476, 463, 1, 5, '2025-09', '2026-04-06 07:37:45');
INSERT OR REPLACE INTO "ent_results" ("id", "student_id", "subject_id", "score", "month", "created_at") VALUES (1477, 463, 8, 10, '2025-09', '2026-04-06 07:37:45');
INSERT OR REPLACE INTO "ent_results" ("id", "student_id", "subject_id", "score", "month", "created_at") VALUES (1478, 463, 3, 8, '2025-09', '2026-04-06 07:37:45');
INSERT OR REPLACE INTO "ent_results" ("id", "student_id", "subject_id", "score", "month", "created_at") VALUES (1479, 463, 2, 32, '2025-09', '2026-04-06 07:37:45');
INSERT OR REPLACE INTO "ent_results" ("id", "student_id", "subject_id", "score", "month", "created_at") VALUES (1480, 463, 5, 20, '2025-09', '2026-04-06 07:37:45');
INSERT OR REPLACE INTO "ent_results" ("id", "student_id", "subject_id", "score", "month", "created_at") VALUES (1481, 463, 1, 11, '2025-10', '2026-04-06 07:37:45');
INSERT OR REPLACE INTO "ent_results" ("id", "student_id", "subject_id", "score", "month", "created_at") VALUES (1482, 463, 8, 8, '2025-10', '2026-04-06 07:37:45');
INSERT OR REPLACE INTO "ent_results" ("id", "student_id", "subject_id", "score", "month", "created_at") VALUES (1483, 463, 3, 8, '2025-10', '2026-04-06 07:37:45');
INSERT OR REPLACE INTO "ent_results" ("id", "student_id", "subject_id", "score", "month", "created_at") VALUES (1484, 463, 2, 37, '2025-10', '2026-04-06 07:37:45');
INSERT OR REPLACE INTO "ent_results" ("id", "student_id", "subject_id", "score", "month", "created_at") VALUES (1485, 463, 5, 30, '2025-10', '2026-04-06 07:37:45');
INSERT OR REPLACE INTO "ent_results" ("id", "student_id", "subject_id", "score", "month", "created_at") VALUES (1486, 463, 1, 7, '2025-11', '2026-04-06 07:37:45');
INSERT OR REPLACE INTO "ent_results" ("id", "student_id", "subject_id", "score", "month", "created_at") VALUES (1487, 463, 8, 5, '2025-11', '2026-04-06 07:37:45');
INSERT OR REPLACE INTO "ent_results" ("id", "student_id", "subject_id", "score", "month", "created_at") VALUES (1488, 463, 3, 6, '2025-11', '2026-04-06 07:37:45');
INSERT OR REPLACE INTO "ent_results" ("id", "student_id", "subject_id", "score", "month", "created_at") VALUES (1489, 463, 2, 14, '2025-11', '2026-04-06 07:37:45');
INSERT OR REPLACE INTO "ent_results" ("id", "student_id", "subject_id", "score", "month", "created_at") VALUES (1490, 463, 5, 8, '2025-11', '2026-04-06 07:37:45');
INSERT OR REPLACE INTO "ent_results" ("id", "student_id", "subject_id", "score", "month", "created_at") VALUES (1491, 463, 1, 12, '2025-12', '2026-04-06 07:37:45');
INSERT OR REPLACE INTO "ent_results" ("id", "student_id", "subject_id", "score", "month", "created_at") VALUES (1492, 463, 8, 9, '2025-12', '2026-04-06 07:37:45');
INSERT OR REPLACE INTO "ent_results" ("id", "student_id", "subject_id", "score", "month", "created_at") VALUES (1493, 463, 3, 9, '2025-12', '2026-04-06 07:37:45');
INSERT OR REPLACE INTO "ent_results" ("id", "student_id", "subject_id", "score", "month", "created_at") VALUES (1494, 463, 2, 20, '2025-12', '2026-04-06 07:37:45');
INSERT OR REPLACE INTO "ent_results" ("id", "student_id", "subject_id", "score", "month", "created_at") VALUES (1495, 463, 5, 23, '2025-12', '2026-04-06 07:37:45');
INSERT OR REPLACE INTO "ent_results" ("id", "student_id", "subject_id", "score", "month", "created_at") VALUES (1496, 463, 1, 13, '2026-01', '2026-04-06 07:37:45');
INSERT OR REPLACE INTO "ent_results" ("id", "student_id", "subject_id", "score", "month", "created_at") VALUES (1497, 463, 8, 8, '2026-01', '2026-04-06 07:37:45');
INSERT OR REPLACE INTO "ent_results" ("id", "student_id", "subject_id", "score", "month", "created_at") VALUES (1498, 463, 3, 7, '2026-01', '2026-04-06 07:37:45');
INSERT OR REPLACE INTO "ent_results" ("id", "student_id", "subject_id", "score", "month", "created_at") VALUES (1499, 463, 2, 23, '2026-01', '2026-04-06 07:37:45');
INSERT OR REPLACE INTO "ent_results" ("id", "student_id", "subject_id", "score", "month", "created_at") VALUES (1500, 463, 5, 16, '2026-01', '2026-04-06 07:37:45');
INSERT OR REPLACE INTO "ent_results" ("id", "student_id", "subject_id", "score", "month", "created_at") VALUES (1501, 463, 1, 8, '2026-02', '2026-04-06 07:37:45');
INSERT OR REPLACE INTO "ent_results" ("id", "student_id", "subject_id", "score", "month", "created_at") VALUES (1502, 463, 8, 10, '2026-02', '2026-04-06 07:37:45');
INSERT OR REPLACE INTO "ent_results" ("id", "student_id", "subject_id", "score", "month", "created_at") VALUES (1503, 463, 3, 6, '2026-02', '2026-04-06 07:37:45');
INSERT OR REPLACE INTO "ent_results" ("id", "student_id", "subject_id", "score", "month", "created_at") VALUES (1504, 463, 2, 21, '2026-02', '2026-04-06 07:37:45');
INSERT OR REPLACE INTO "ent_results" ("id", "student_id", "subject_id", "score", "month", "created_at") VALUES (1505, 463, 5, 24, '2026-02', '2026-04-06 07:37:45');
INSERT OR REPLACE INTO "ent_results" ("id", "student_id", "subject_id", "score", "month", "created_at") VALUES (1506, 464, 1, 8, '2025-09', '2026-04-06 07:37:45');
INSERT OR REPLACE INTO "ent_results" ("id", "student_id", "subject_id", "score", "month", "created_at") VALUES (1507, 464, 8, 8, '2025-09', '2026-04-06 07:37:45');
INSERT OR REPLACE INTO "ent_results" ("id", "student_id", "subject_id", "score", "month", "created_at") VALUES (1508, 464, 3, 6, '2025-09', '2026-04-06 07:37:45');
INSERT OR REPLACE INTO "ent_results" ("id", "student_id", "subject_id", "score", "month", "created_at") VALUES (1509, 464, 2, 20, '2025-09', '2026-04-06 07:37:45');
INSERT OR REPLACE INTO "ent_results" ("id", "student_id", "subject_id", "score", "month", "created_at") VALUES (1510, 464, 5, 12, '2025-09', '2026-04-06 07:37:45');
INSERT OR REPLACE INTO "ent_results" ("id", "student_id", "subject_id", "score", "month", "created_at") VALUES (1511, 464, 1, 9, '2025-10', '2026-04-06 07:37:45');
INSERT OR REPLACE INTO "ent_results" ("id", "student_id", "subject_id", "score", "month", "created_at") VALUES (1512, 464, 8, 8, '2025-10', '2026-04-06 07:37:45');
INSERT OR REPLACE INTO "ent_results" ("id", "student_id", "subject_id", "score", "month", "created_at") VALUES (1513, 464, 3, 7, '2025-10', '2026-04-06 07:37:45');
INSERT OR REPLACE INTO "ent_results" ("id", "student_id", "subject_id", "score", "month", "created_at") VALUES (1514, 464, 2, 15, '2025-10', '2026-04-06 07:37:45');
INSERT OR REPLACE INTO "ent_results" ("id", "student_id", "subject_id", "score", "month", "created_at") VALUES (1515, 464, 5, 20, '2025-10', '2026-04-06 07:37:45');
INSERT OR REPLACE INTO "ent_results" ("id", "student_id", "subject_id", "score", "month", "created_at") VALUES (1516, 464, 1, 16, '2025-11', '2026-04-06 07:37:45');
INSERT OR REPLACE INTO "ent_results" ("id", "student_id", "subject_id", "score", "month", "created_at") VALUES (1517, 464, 8, 8, '2025-11', '2026-04-06 07:37:45');
INSERT OR REPLACE INTO "ent_results" ("id", "student_id", "subject_id", "score", "month", "created_at") VALUES (1518, 464, 3, 10, '2025-11', '2026-04-06 07:37:45');
INSERT OR REPLACE INTO "ent_results" ("id", "student_id", "subject_id", "score", "month", "created_at") VALUES (1519, 464, 2, 39, '2025-11', '2026-04-06 07:37:45');
INSERT OR REPLACE INTO "ent_results" ("id", "student_id", "subject_id", "score", "month", "created_at") VALUES (1520, 464, 5, 25, '2025-11', '2026-04-06 07:37:45');
INSERT OR REPLACE INTO "ent_results" ("id", "student_id", "subject_id", "score", "month", "created_at") VALUES (1521, 464, 1, 14, '2025-12', '2026-04-06 07:37:45');
INSERT OR REPLACE INTO "ent_results" ("id", "student_id", "subject_id", "score", "month", "created_at") VALUES (1522, 464, 8, 8, '2025-12', '2026-04-06 07:37:45');
INSERT OR REPLACE INTO "ent_results" ("id", "student_id", "subject_id", "score", "month", "created_at") VALUES (1523, 464, 3, 10, '2025-12', '2026-04-06 07:37:45');
INSERT OR REPLACE INTO "ent_results" ("id", "student_id", "subject_id", "score", "month", "created_at") VALUES (1524, 464, 2, 39, '2025-12', '2026-04-06 07:37:45');
INSERT OR REPLACE INTO "ent_results" ("id", "student_id", "subject_id", "score", "month", "created_at") VALUES (1525, 464, 5, 35, '2025-12', '2026-04-06 07:37:45');
INSERT OR REPLACE INTO "ent_results" ("id", "student_id", "subject_id", "score", "month", "created_at") VALUES (1526, 464, 1, 11, '2026-01', '2026-04-06 07:37:45');
INSERT OR REPLACE INTO "ent_results" ("id", "student_id", "subject_id", "score", "month", "created_at") VALUES (1527, 464, 8, 5, '2026-01', '2026-04-06 07:37:45');
INSERT OR REPLACE INTO "ent_results" ("id", "student_id", "subject_id", "score", "month", "created_at") VALUES (1528, 464, 3, 9, '2026-01', '2026-04-06 07:37:45');
INSERT OR REPLACE INTO "ent_results" ("id", "student_id", "subject_id", "score", "month", "created_at") VALUES (1529, 464, 2, 42, '2026-01', '2026-04-06 07:37:45');
INSERT OR REPLACE INTO "ent_results" ("id", "student_id", "subject_id", "score", "month", "created_at") VALUES (1530, 464, 5, 31, '2026-01', '2026-04-06 07:37:45');
INSERT OR REPLACE INTO "ent_results" ("id", "student_id", "subject_id", "score", "month", "created_at") VALUES (1531, 464, 1, 8, '2026-02', '2026-04-06 07:37:45');
INSERT OR REPLACE INTO "ent_results" ("id", "student_id", "subject_id", "score", "month", "created_at") VALUES (1532, 464, 8, 10, '2026-02', '2026-04-06 07:37:45');
INSERT OR REPLACE INTO "ent_results" ("id", "student_id", "subject_id", "score", "month", "created_at") VALUES (1533, 464, 3, 10, '2026-02', '2026-04-06 07:37:45');
INSERT OR REPLACE INTO "ent_results" ("id", "student_id", "subject_id", "score", "month", "created_at") VALUES (1534, 464, 2, 40, '2026-02', '2026-04-06 07:37:45');
INSERT OR REPLACE INTO "ent_results" ("id", "student_id", "subject_id", "score", "month", "created_at") VALUES (1535, 464, 5, 32, '2026-02', '2026-04-06 07:37:45');
INSERT OR REPLACE INTO "ent_results" ("id", "student_id", "subject_id", "score", "month", "created_at") VALUES (1536, 465, 1, 11, '2025-09', '2026-04-06 07:37:45');
INSERT OR REPLACE INTO "ent_results" ("id", "student_id", "subject_id", "score", "month", "created_at") VALUES (1537, 465, 8, 10, '2025-09', '2026-04-06 07:37:45');
INSERT OR REPLACE INTO "ent_results" ("id", "student_id", "subject_id", "score", "month", "created_at") VALUES (1538, 465, 3, 10, '2025-09', '2026-04-06 07:37:45');
INSERT OR REPLACE INTO "ent_results" ("id", "student_id", "subject_id", "score", "month", "created_at") VALUES (1539, 465, 2, 35, '2025-09', '2026-04-06 07:37:45');
INSERT OR REPLACE INTO "ent_results" ("id", "student_id", "subject_id", "score", "month", "created_at") VALUES (1540, 465, 5, 28, '2025-09', '2026-04-06 07:37:45');
INSERT OR REPLACE INTO "ent_results" ("id", "student_id", "subject_id", "score", "month", "created_at") VALUES (1541, 465, 1, 8, '2025-10', '2026-04-06 07:37:45');
INSERT OR REPLACE INTO "ent_results" ("id", "student_id", "subject_id", "score", "month", "created_at") VALUES (1542, 465, 8, 8, '2025-10', '2026-04-06 07:37:45');
INSERT OR REPLACE INTO "ent_results" ("id", "student_id", "subject_id", "score", "month", "created_at") VALUES (1543, 465, 3, 10, '2025-10', '2026-04-06 07:37:45');
INSERT OR REPLACE INTO "ent_results" ("id", "student_id", "subject_id", "score", "month", "created_at") VALUES (1544, 465, 2, 39, '2025-10', '2026-04-06 07:37:45');
INSERT OR REPLACE INTO "ent_results" ("id", "student_id", "subject_id", "score", "month", "created_at") VALUES (1545, 465, 5, 33, '2025-10', '2026-04-06 07:37:45');
INSERT OR REPLACE INTO "ent_results" ("id", "student_id", "subject_id", "score", "month", "created_at") VALUES (1546, 465, 1, 13, '2025-11', '2026-04-06 07:37:45');
INSERT OR REPLACE INTO "ent_results" ("id", "student_id", "subject_id", "score", "month", "created_at") VALUES (1547, 465, 8, 7, '2025-11', '2026-04-06 07:37:45');
INSERT OR REPLACE INTO "ent_results" ("id", "student_id", "subject_id", "score", "month", "created_at") VALUES (1548, 465, 3, 9, '2025-11', '2026-04-06 07:37:45');
INSERT OR REPLACE INTO "ent_results" ("id", "student_id", "subject_id", "score", "month", "created_at") VALUES (1549, 465, 2, 31, '2025-11', '2026-04-06 07:37:45');
INSERT OR REPLACE INTO "ent_results" ("id", "student_id", "subject_id", "score", "month", "created_at") VALUES (1550, 465, 5, 16, '2025-11', '2026-04-06 07:37:45');
INSERT OR REPLACE INTO "ent_results" ("id", "student_id", "subject_id", "score", "month", "created_at") VALUES (1551, 465, 1, 14, '2025-12', '2026-04-06 07:37:45');
INSERT OR REPLACE INTO "ent_results" ("id", "student_id", "subject_id", "score", "month", "created_at") VALUES (1552, 465, 8, 7, '2025-12', '2026-04-06 07:37:45');
INSERT OR REPLACE INTO "ent_results" ("id", "student_id", "subject_id", "score", "month", "created_at") VALUES (1553, 465, 3, 8, '2025-12', '2026-04-06 07:37:45');
INSERT OR REPLACE INTO "ent_results" ("id", "student_id", "subject_id", "score", "month", "created_at") VALUES (1554, 465, 2, 35, '2025-12', '2026-04-06 07:37:45');
INSERT OR REPLACE INTO "ent_results" ("id", "student_id", "subject_id", "score", "month", "created_at") VALUES (1555, 465, 5, 30, '2025-12', '2026-04-06 07:37:45');
INSERT OR REPLACE INTO "ent_results" ("id", "student_id", "subject_id", "score", "month", "created_at") VALUES (1556, 465, 1, 13, '2026-01', '2026-04-06 07:37:45');
INSERT OR REPLACE INTO "ent_results" ("id", "student_id", "subject_id", "score", "month", "created_at") VALUES (1557, 465, 8, 8, '2026-01', '2026-04-06 07:37:45');
INSERT OR REPLACE INTO "ent_results" ("id", "student_id", "subject_id", "score", "month", "created_at") VALUES (1558, 465, 3, 10, '2026-01', '2026-04-06 07:37:45');
INSERT OR REPLACE INTO "ent_results" ("id", "student_id", "subject_id", "score", "month", "created_at") VALUES (1559, 465, 2, 33, '2026-01', '2026-04-06 07:37:45');
INSERT OR REPLACE INTO "ent_results" ("id", "student_id", "subject_id", "score", "month", "created_at") VALUES (1560, 465, 5, 29, '2026-01', '2026-04-06 07:37:45');
INSERT OR REPLACE INTO "ent_results" ("id", "student_id", "subject_id", "score", "month", "created_at") VALUES (1561, 465, 1, 12, '2026-02', '2026-04-06 07:37:45');
INSERT OR REPLACE INTO "ent_results" ("id", "student_id", "subject_id", "score", "month", "created_at") VALUES (1562, 465, 8, 9, '2026-02', '2026-04-06 07:37:45');
INSERT OR REPLACE INTO "ent_results" ("id", "student_id", "subject_id", "score", "month", "created_at") VALUES (1563, 465, 3, 7, '2026-02', '2026-04-06 07:37:45');
INSERT OR REPLACE INTO "ent_results" ("id", "student_id", "subject_id", "score", "month", "created_at") VALUES (1564, 465, 2, 34, '2026-02', '2026-04-06 07:37:45');
INSERT OR REPLACE INTO "ent_results" ("id", "student_id", "subject_id", "score", "month", "created_at") VALUES (1565, 465, 5, 29, '2026-02', '2026-04-06 07:37:45');
INSERT OR REPLACE INTO "ent_results" ("id", "student_id", "subject_id", "score", "month", "created_at") VALUES (1566, 466, 1, 10, '2025-09', '2026-04-06 07:37:45');
INSERT OR REPLACE INTO "ent_results" ("id", "student_id", "subject_id", "score", "month", "created_at") VALUES (1567, 466, 8, 9, '2025-09', '2026-04-06 07:37:45');
INSERT OR REPLACE INTO "ent_results" ("id", "student_id", "subject_id", "score", "month", "created_at") VALUES (1568, 466, 3, 9, '2025-09', '2026-04-06 07:37:45');
INSERT OR REPLACE INTO "ent_results" ("id", "student_id", "subject_id", "score", "month", "created_at") VALUES (1569, 466, 2, 20, '2025-09', '2026-04-06 07:37:45');
INSERT OR REPLACE INTO "ent_results" ("id", "student_id", "subject_id", "score", "month", "created_at") VALUES (1570, 466, 5, 21, '2025-09', '2026-04-06 07:37:45');
INSERT OR REPLACE INTO "ent_results" ("id", "student_id", "subject_id", "score", "month", "created_at") VALUES (1571, 466, 1, 8, '2025-10', '2026-04-06 07:37:45');
INSERT OR REPLACE INTO "ent_results" ("id", "student_id", "subject_id", "score", "month", "created_at") VALUES (1572, 466, 8, 7, '2025-10', '2026-04-06 07:37:45');
INSERT OR REPLACE INTO "ent_results" ("id", "student_id", "subject_id", "score", "month", "created_at") VALUES (1573, 466, 3, 4, '2025-10', '2026-04-06 07:37:45');
INSERT OR REPLACE INTO "ent_results" ("id", "student_id", "subject_id", "score", "month", "created_at") VALUES (1574, 466, 2, 27, '2025-10', '2026-04-06 07:37:45');
INSERT OR REPLACE INTO "ent_results" ("id", "student_id", "subject_id", "score", "month", "created_at") VALUES (1575, 466, 5, 22, '2025-10', '2026-04-06 07:37:45');
INSERT OR REPLACE INTO "ent_results" ("id", "student_id", "subject_id", "score", "month", "created_at") VALUES (1576, 466, 1, 12, '2025-11', '2026-04-06 07:37:45');
INSERT OR REPLACE INTO "ent_results" ("id", "student_id", "subject_id", "score", "month", "created_at") VALUES (1577, 466, 8, 7, '2025-11', '2026-04-06 07:37:45');
INSERT OR REPLACE INTO "ent_results" ("id", "student_id", "subject_id", "score", "month", "created_at") VALUES (1578, 466, 3, 8, '2025-11', '2026-04-06 07:37:45');
INSERT OR REPLACE INTO "ent_results" ("id", "student_id", "subject_id", "score", "month", "created_at") VALUES (1579, 466, 2, 31, '2025-11', '2026-04-06 07:37:45');
INSERT OR REPLACE INTO "ent_results" ("id", "student_id", "subject_id", "score", "month", "created_at") VALUES (1580, 466, 5, 19, '2025-11', '2026-04-06 07:37:45');
INSERT OR REPLACE INTO "ent_results" ("id", "student_id", "subject_id", "score", "month", "created_at") VALUES (1581, 466, 1, 8, '2025-12', '2026-04-06 07:37:45');
INSERT OR REPLACE INTO "ent_results" ("id", "student_id", "subject_id", "score", "month", "created_at") VALUES (1582, 466, 8, 3, '2025-12', '2026-04-06 07:37:45');
INSERT OR REPLACE INTO "ent_results" ("id", "student_id", "subject_id", "score", "month", "created_at") VALUES (1583, 466, 3, 7, '2025-12', '2026-04-06 07:37:45');
INSERT OR REPLACE INTO "ent_results" ("id", "student_id", "subject_id", "score", "month", "created_at") VALUES (1584, 466, 2, 35, '2025-12', '2026-04-06 07:37:45');
INSERT OR REPLACE INTO "ent_results" ("id", "student_id", "subject_id", "score", "month", "created_at") VALUES (1585, 466, 5, 29, '2025-12', '2026-04-06 07:37:45');
INSERT OR REPLACE INTO "ent_results" ("id", "student_id", "subject_id", "score", "month", "created_at") VALUES (1586, 466, 1, 11, '2026-01', '2026-04-06 07:37:45');
INSERT OR REPLACE INTO "ent_results" ("id", "student_id", "subject_id", "score", "month", "created_at") VALUES (1587, 466, 8, 8, '2026-01', '2026-04-06 07:37:45');
INSERT OR REPLACE INTO "ent_results" ("id", "student_id", "subject_id", "score", "month", "created_at") VALUES (1588, 466, 3, 8, '2026-01', '2026-04-06 07:37:45');
INSERT OR REPLACE INTO "ent_results" ("id", "student_id", "subject_id", "score", "month", "created_at") VALUES (1589, 466, 2, 33, '2026-01', '2026-04-06 07:37:45');
INSERT OR REPLACE INTO "ent_results" ("id", "student_id", "subject_id", "score", "month", "created_at") VALUES (1590, 466, 5, 32, '2026-01', '2026-04-06 07:37:45');
INSERT OR REPLACE INTO "ent_results" ("id", "student_id", "subject_id", "score", "month", "created_at") VALUES (1591, 466, 1, 13, '2026-02', '2026-04-06 07:37:45');
INSERT OR REPLACE INTO "ent_results" ("id", "student_id", "subject_id", "score", "month", "created_at") VALUES (1592, 466, 8, 8, '2026-02', '2026-04-06 07:37:45');
INSERT OR REPLACE INTO "ent_results" ("id", "student_id", "subject_id", "score", "month", "created_at") VALUES (1593, 466, 3, 4, '2026-02', '2026-04-06 07:37:45');
INSERT OR REPLACE INTO "ent_results" ("id", "student_id", "subject_id", "score", "month", "created_at") VALUES (1594, 466, 2, 34, '2026-02', '2026-04-06 07:37:45');
INSERT OR REPLACE INTO "ent_results" ("id", "student_id", "subject_id", "score", "month", "created_at") VALUES (1595, 466, 5, 28, '2026-02', '2026-04-06 07:37:45');
INSERT OR REPLACE INTO "ent_results" ("id", "student_id", "subject_id", "score", "month", "created_at") VALUES (1596, 467, 1, 7, '2025-09', '2026-04-06 07:37:45');
INSERT OR REPLACE INTO "ent_results" ("id", "student_id", "subject_id", "score", "month", "created_at") VALUES (1597, 467, 8, 8, '2025-09', '2026-04-06 07:37:45');
INSERT OR REPLACE INTO "ent_results" ("id", "student_id", "subject_id", "score", "month", "created_at") VALUES (1598, 467, 3, 5, '2025-09', '2026-04-06 07:37:45');
INSERT OR REPLACE INTO "ent_results" ("id", "student_id", "subject_id", "score", "month", "created_at") VALUES (1599, 467, 2, 18, '2025-09', '2026-04-06 07:37:45');
INSERT OR REPLACE INTO "ent_results" ("id", "student_id", "subject_id", "score", "month", "created_at") VALUES (1600, 467, 5, 14, '2025-09', '2026-04-06 07:37:45');
INSERT OR REPLACE INTO "ent_results" ("id", "student_id", "subject_id", "score", "month", "created_at") VALUES (1601, 467, 1, 12, '2025-10', '2026-04-06 07:37:45');
INSERT OR REPLACE INTO "ent_results" ("id", "student_id", "subject_id", "score", "month", "created_at") VALUES (1602, 467, 8, 7, '2025-10', '2026-04-06 07:37:45');
INSERT OR REPLACE INTO "ent_results" ("id", "student_id", "subject_id", "score", "month", "created_at") VALUES (1603, 467, 3, 7, '2025-10', '2026-04-06 07:37:45');
INSERT OR REPLACE INTO "ent_results" ("id", "student_id", "subject_id", "score", "month", "created_at") VALUES (1604, 467, 2, 40, '2025-10', '2026-04-06 07:37:45');
INSERT OR REPLACE INTO "ent_results" ("id", "student_id", "subject_id", "score", "month", "created_at") VALUES (1605, 467, 5, 21, '2025-10', '2026-04-06 07:37:45');
INSERT OR REPLACE INTO "ent_results" ("id", "student_id", "subject_id", "score", "month", "created_at") VALUES (1606, 467, 1, 13, '2025-11', '2026-04-06 07:37:45');
INSERT OR REPLACE INTO "ent_results" ("id", "student_id", "subject_id", "score", "month", "created_at") VALUES (1607, 467, 8, 6, '2025-11', '2026-04-06 07:37:45');
INSERT OR REPLACE INTO "ent_results" ("id", "student_id", "subject_id", "score", "month", "created_at") VALUES (1608, 467, 3, 7, '2025-11', '2026-04-06 07:37:45');
INSERT OR REPLACE INTO "ent_results" ("id", "student_id", "subject_id", "score", "month", "created_at") VALUES (1609, 467, 2, 33, '2025-11', '2026-04-06 07:37:45');
INSERT OR REPLACE INTO "ent_results" ("id", "student_id", "subject_id", "score", "month", "created_at") VALUES (1610, 467, 5, 22, '2025-11', '2026-04-06 07:37:45');
INSERT OR REPLACE INTO "ent_results" ("id", "student_id", "subject_id", "score", "month", "created_at") VALUES (1611, 467, 1, 13, '2025-12', '2026-04-06 07:37:45');
INSERT OR REPLACE INTO "ent_results" ("id", "student_id", "subject_id", "score", "month", "created_at") VALUES (1612, 467, 8, 8, '2025-12', '2026-04-06 07:37:45');
INSERT OR REPLACE INTO "ent_results" ("id", "student_id", "subject_id", "score", "month", "created_at") VALUES (1613, 467, 3, 10, '2025-12', '2026-04-06 07:37:45');
INSERT OR REPLACE INTO "ent_results" ("id", "student_id", "subject_id", "score", "month", "created_at") VALUES (1614, 467, 2, 34, '2025-12', '2026-04-06 07:37:45');
INSERT OR REPLACE INTO "ent_results" ("id", "student_id", "subject_id", "score", "month", "created_at") VALUES (1615, 467, 5, 29, '2025-12', '2026-04-06 07:37:45');
INSERT OR REPLACE INTO "ent_results" ("id", "student_id", "subject_id", "score", "month", "created_at") VALUES (1616, 467, 1, 13, '2026-01', '2026-04-06 07:37:45');
INSERT OR REPLACE INTO "ent_results" ("id", "student_id", "subject_id", "score", "month", "created_at") VALUES (1617, 467, 8, 9, '2026-01', '2026-04-06 07:37:45');
INSERT OR REPLACE INTO "ent_results" ("id", "student_id", "subject_id", "score", "month", "created_at") VALUES (1618, 467, 3, 10, '2026-01', '2026-04-06 07:37:45');
INSERT OR REPLACE INTO "ent_results" ("id", "student_id", "subject_id", "score", "month", "created_at") VALUES (1619, 467, 2, 35, '2026-01', '2026-04-06 07:37:45');
INSERT OR REPLACE INTO "ent_results" ("id", "student_id", "subject_id", "score", "month", "created_at") VALUES (1620, 467, 5, 34, '2026-01', '2026-04-06 07:37:45');
INSERT OR REPLACE INTO "ent_results" ("id", "student_id", "subject_id", "score", "month", "created_at") VALUES (1621, 467, 1, 10, '2026-02', '2026-04-06 07:37:45');
INSERT OR REPLACE INTO "ent_results" ("id", "student_id", "subject_id", "score", "month", "created_at") VALUES (1622, 467, 8, 9, '2026-02', '2026-04-06 07:37:45');
INSERT OR REPLACE INTO "ent_results" ("id", "student_id", "subject_id", "score", "month", "created_at") VALUES (1623, 467, 3, 7, '2026-02', '2026-04-06 07:37:45');
INSERT OR REPLACE INTO "ent_results" ("id", "student_id", "subject_id", "score", "month", "created_at") VALUES (1624, 467, 2, 33, '2026-02', '2026-04-06 07:37:45');
INSERT OR REPLACE INTO "ent_results" ("id", "student_id", "subject_id", "score", "month", "created_at") VALUES (1625, 467, 5, 32, '2026-02', '2026-04-06 07:37:45');
INSERT OR REPLACE INTO "ent_results" ("id", "student_id", "subject_id", "score", "month", "created_at") VALUES (1626, 468, 1, 9, '2025-09', '2026-04-06 07:37:45');
INSERT OR REPLACE INTO "ent_results" ("id", "student_id", "subject_id", "score", "month", "created_at") VALUES (1627, 468, 8, 6, '2025-09', '2026-04-06 07:37:45');
INSERT OR REPLACE INTO "ent_results" ("id", "student_id", "subject_id", "score", "month", "created_at") VALUES (1628, 468, 3, 5, '2025-09', '2026-04-06 07:37:45');
INSERT OR REPLACE INTO "ent_results" ("id", "student_id", "subject_id", "score", "month", "created_at") VALUES (1629, 468, 2, 18, '2025-09', '2026-04-06 07:37:45');
INSERT OR REPLACE INTO "ent_results" ("id", "student_id", "subject_id", "score", "month", "created_at") VALUES (1630, 468, 5, 14, '2025-09', '2026-04-06 07:37:45');
INSERT OR REPLACE INTO "ent_results" ("id", "student_id", "subject_id", "score", "month", "created_at") VALUES (1631, 468, 1, 10, '2025-10', '2026-04-06 07:37:45');
INSERT OR REPLACE INTO "ent_results" ("id", "student_id", "subject_id", "score", "month", "created_at") VALUES (1632, 468, 8, 6, '2025-10', '2026-04-06 07:37:45');
INSERT OR REPLACE INTO "ent_results" ("id", "student_id", "subject_id", "score", "month", "created_at") VALUES (1633, 468, 3, 5, '2025-10', '2026-04-06 07:37:45');
INSERT OR REPLACE INTO "ent_results" ("id", "student_id", "subject_id", "score", "month", "created_at") VALUES (1634, 468, 2, 22, '2025-10', '2026-04-06 07:37:45');
INSERT OR REPLACE INTO "ent_results" ("id", "student_id", "subject_id", "score", "month", "created_at") VALUES (1635, 468, 5, 15, '2025-10', '2026-04-06 07:37:45');
INSERT OR REPLACE INTO "ent_results" ("id", "student_id", "subject_id", "score", "month", "created_at") VALUES (1636, 468, 1, 12, '2025-11', '2026-04-06 07:37:45');
INSERT OR REPLACE INTO "ent_results" ("id", "student_id", "subject_id", "score", "month", "created_at") VALUES (1637, 468, 8, 8, '2025-11', '2026-04-06 07:37:45');
INSERT OR REPLACE INTO "ent_results" ("id", "student_id", "subject_id", "score", "month", "created_at") VALUES (1638, 468, 3, 8, '2025-11', '2026-04-06 07:37:45');
INSERT OR REPLACE INTO "ent_results" ("id", "student_id", "subject_id", "score", "month", "created_at") VALUES (1639, 468, 2, 20, '2025-11', '2026-04-06 07:37:45');
INSERT OR REPLACE INTO "ent_results" ("id", "student_id", "subject_id", "score", "month", "created_at") VALUES (1640, 468, 5, 23, '2025-11', '2026-04-06 07:37:45');
INSERT OR REPLACE INTO "ent_results" ("id", "student_id", "subject_id", "score", "month", "created_at") VALUES (1641, 468, 1, 12, '2025-12', '2026-04-06 07:37:45');
INSERT OR REPLACE INTO "ent_results" ("id", "student_id", "subject_id", "score", "month", "created_at") VALUES (1642, 468, 8, 6, '2025-12', '2026-04-06 07:37:45');
INSERT OR REPLACE INTO "ent_results" ("id", "student_id", "subject_id", "score", "month", "created_at") VALUES (1643, 468, 3, 7, '2025-12', '2026-04-06 07:37:45');
INSERT OR REPLACE INTO "ent_results" ("id", "student_id", "subject_id", "score", "month", "created_at") VALUES (1644, 468, 2, 28, '2025-12', '2026-04-06 07:37:45');
INSERT OR REPLACE INTO "ent_results" ("id", "student_id", "subject_id", "score", "month", "created_at") VALUES (1645, 468, 5, 20, '2025-12', '2026-04-06 07:37:45');
INSERT OR REPLACE INTO "ent_results" ("id", "student_id", "subject_id", "score", "month", "created_at") VALUES (1646, 468, 1, 13, '2026-01', '2026-04-06 07:37:45');
INSERT OR REPLACE INTO "ent_results" ("id", "student_id", "subject_id", "score", "month", "created_at") VALUES (1647, 468, 8, 8, '2026-01', '2026-04-06 07:37:45');
INSERT OR REPLACE INTO "ent_results" ("id", "student_id", "subject_id", "score", "month", "created_at") VALUES (1648, 468, 3, 10, '2026-01', '2026-04-06 07:37:45');
INSERT OR REPLACE INTO "ent_results" ("id", "student_id", "subject_id", "score", "month", "created_at") VALUES (1649, 468, 2, 30, '2026-01', '2026-04-06 07:37:45');
INSERT OR REPLACE INTO "ent_results" ("id", "student_id", "subject_id", "score", "month", "created_at") VALUES (1650, 468, 5, 23, '2026-01', '2026-04-06 07:37:45');
INSERT OR REPLACE INTO "ent_results" ("id", "student_id", "subject_id", "score", "month", "created_at") VALUES (1651, 468, 1, 8, '2026-02', '2026-04-06 07:37:45');
INSERT OR REPLACE INTO "ent_results" ("id", "student_id", "subject_id", "score", "month", "created_at") VALUES (1652, 468, 8, 7, '2026-02', '2026-04-06 07:37:45');
INSERT OR REPLACE INTO "ent_results" ("id", "student_id", "subject_id", "score", "month", "created_at") VALUES (1653, 468, 3, 8, '2026-02', '2026-04-06 07:37:45');
INSERT OR REPLACE INTO "ent_results" ("id", "student_id", "subject_id", "score", "month", "created_at") VALUES (1654, 468, 2, 24, '2026-02', '2026-04-06 07:37:45');
INSERT OR REPLACE INTO "ent_results" ("id", "student_id", "subject_id", "score", "month", "created_at") VALUES (1655, 468, 5, 23, '2026-02', '2026-04-06 07:37:45');
INSERT OR REPLACE INTO "ent_results" ("id", "student_id", "subject_id", "score", "month", "created_at") VALUES (1656, 469, 1, 8, '2025-10', '2026-04-06 07:37:45');
INSERT OR REPLACE INTO "ent_results" ("id", "student_id", "subject_id", "score", "month", "created_at") VALUES (1657, 469, 8, 3, '2025-10', '2026-04-06 07:37:45');
INSERT OR REPLACE INTO "ent_results" ("id", "student_id", "subject_id", "score", "month", "created_at") VALUES (1658, 469, 3, 1, '2025-10', '2026-04-06 07:37:45');
INSERT OR REPLACE INTO "ent_results" ("id", "student_id", "subject_id", "score", "month", "created_at") VALUES (1659, 469, 2, 16, '2025-10', '2026-04-06 07:37:45');
INSERT OR REPLACE INTO "ent_results" ("id", "student_id", "subject_id", "score", "month", "created_at") VALUES (1660, 469, 5, 15, '2025-10', '2026-04-06 07:37:45');
INSERT OR REPLACE INTO "ent_results" ("id", "student_id", "subject_id", "score", "month", "created_at") VALUES (1661, 469, 1, 10, '2025-11', '2026-04-06 07:37:45');
INSERT OR REPLACE INTO "ent_results" ("id", "student_id", "subject_id", "score", "month", "created_at") VALUES (1662, 469, 8, 5, '2025-11', '2026-04-06 07:37:45');
INSERT OR REPLACE INTO "ent_results" ("id", "student_id", "subject_id", "score", "month", "created_at") VALUES (1663, 469, 3, 6, '2025-11', '2026-04-06 07:37:45');
INSERT OR REPLACE INTO "ent_results" ("id", "student_id", "subject_id", "score", "month", "created_at") VALUES (1664, 469, 2, 8, '2025-11', '2026-04-06 07:37:45');
INSERT OR REPLACE INTO "ent_results" ("id", "student_id", "subject_id", "score", "month", "created_at") VALUES (1665, 469, 5, 20, '2025-11', '2026-04-06 07:37:45');
INSERT OR REPLACE INTO "ent_results" ("id", "student_id", "subject_id", "score", "month", "created_at") VALUES (1666, 469, 1, 11, '2026-01', '2026-04-06 07:37:45');
INSERT OR REPLACE INTO "ent_results" ("id", "student_id", "subject_id", "score", "month", "created_at") VALUES (1667, 469, 8, 7, '2026-01', '2026-04-06 07:37:45');
INSERT OR REPLACE INTO "ent_results" ("id", "student_id", "subject_id", "score", "month", "created_at") VALUES (1668, 469, 3, 6, '2026-01', '2026-04-06 07:37:45');
INSERT OR REPLACE INTO "ent_results" ("id", "student_id", "subject_id", "score", "month", "created_at") VALUES (1669, 469, 2, 20, '2026-01', '2026-04-06 07:37:45');
INSERT OR REPLACE INTO "ent_results" ("id", "student_id", "subject_id", "score", "month", "created_at") VALUES (1670, 469, 5, 9, '2026-01', '2026-04-06 07:37:45');
INSERT OR REPLACE INTO "ent_results" ("id", "student_id", "subject_id", "score", "month", "created_at") VALUES (1671, 469, 1, 4, '2026-02', '2026-04-06 07:37:45');
INSERT OR REPLACE INTO "ent_results" ("id", "student_id", "subject_id", "score", "month", "created_at") VALUES (1672, 469, 8, 7, '2026-02', '2026-04-06 07:37:45');
INSERT OR REPLACE INTO "ent_results" ("id", "student_id", "subject_id", "score", "month", "created_at") VALUES (1673, 469, 3, 5, '2026-02', '2026-04-06 07:37:45');
INSERT OR REPLACE INTO "ent_results" ("id", "student_id", "subject_id", "score", "month", "created_at") VALUES (1674, 469, 2, 16, '2026-02', '2026-04-06 07:37:45');
INSERT OR REPLACE INTO "ent_results" ("id", "student_id", "subject_id", "score", "month", "created_at") VALUES (1675, 469, 5, 24, '2026-02', '2026-04-06 07:37:45');
INSERT OR REPLACE INTO "ent_results" ("id", "student_id", "subject_id", "score", "month", "created_at") VALUES (1676, 470, 1, 8, '2025-09', '2026-04-06 07:37:45');
INSERT OR REPLACE INTO "ent_results" ("id", "student_id", "subject_id", "score", "month", "created_at") VALUES (1677, 470, 8, 8, '2025-09', '2026-04-06 07:37:45');
INSERT OR REPLACE INTO "ent_results" ("id", "student_id", "subject_id", "score", "month", "created_at") VALUES (1678, 470, 3, 4, '2025-09', '2026-04-06 07:37:45');
INSERT OR REPLACE INTO "ent_results" ("id", "student_id", "subject_id", "score", "month", "created_at") VALUES (1679, 470, 2, 16, '2025-09', '2026-04-06 07:37:45');
INSERT OR REPLACE INTO "ent_results" ("id", "student_id", "subject_id", "score", "month", "created_at") VALUES (1680, 470, 5, 16, '2025-09', '2026-04-06 07:37:45');
INSERT OR REPLACE INTO "ent_results" ("id", "student_id", "subject_id", "score", "month", "created_at") VALUES (1681, 470, 1, 9, '2025-10', '2026-04-06 07:37:45');
INSERT OR REPLACE INTO "ent_results" ("id", "student_id", "subject_id", "score", "month", "created_at") VALUES (1682, 470, 8, 8, '2025-10', '2026-04-06 07:37:45');
INSERT OR REPLACE INTO "ent_results" ("id", "student_id", "subject_id", "score", "month", "created_at") VALUES (1683, 470, 3, 8, '2025-10', '2026-04-06 07:37:45');
INSERT OR REPLACE INTO "ent_results" ("id", "student_id", "subject_id", "score", "month", "created_at") VALUES (1684, 470, 2, 19, '2025-10', '2026-04-06 07:37:45');
INSERT OR REPLACE INTO "ent_results" ("id", "student_id", "subject_id", "score", "month", "created_at") VALUES (1685, 470, 5, 16, '2025-10', '2026-04-06 07:37:45');
INSERT OR REPLACE INTO "ent_results" ("id", "student_id", "subject_id", "score", "month", "created_at") VALUES (1686, 470, 1, 15, '2025-11', '2026-04-06 07:37:45');
INSERT OR REPLACE INTO "ent_results" ("id", "student_id", "subject_id", "score", "month", "created_at") VALUES (1687, 470, 8, 6, '2025-11', '2026-04-06 07:37:45');
INSERT OR REPLACE INTO "ent_results" ("id", "student_id", "subject_id", "score", "month", "created_at") VALUES (1688, 470, 3, 8, '2025-11', '2026-04-06 07:37:45');
INSERT OR REPLACE INTO "ent_results" ("id", "student_id", "subject_id", "score", "month", "created_at") VALUES (1689, 470, 2, 16, '2025-11', '2026-04-06 07:37:45');
INSERT OR REPLACE INTO "ent_results" ("id", "student_id", "subject_id", "score", "month", "created_at") VALUES (1690, 470, 5, 13, '2025-11', '2026-04-06 07:37:45');
INSERT OR REPLACE INTO "ent_results" ("id", "student_id", "subject_id", "score", "month", "created_at") VALUES (1691, 470, 1, 12, '2025-12', '2026-04-06 07:37:45');
INSERT OR REPLACE INTO "ent_results" ("id", "student_id", "subject_id", "score", "month", "created_at") VALUES (1692, 470, 8, 8, '2025-12', '2026-04-06 07:37:45');
INSERT OR REPLACE INTO "ent_results" ("id", "student_id", "subject_id", "score", "month", "created_at") VALUES (1693, 470, 3, 9, '2025-12', '2026-04-06 07:37:45');
INSERT OR REPLACE INTO "ent_results" ("id", "student_id", "subject_id", "score", "month", "created_at") VALUES (1694, 470, 2, 17, '2025-12', '2026-04-06 07:37:45');
INSERT OR REPLACE INTO "ent_results" ("id", "student_id", "subject_id", "score", "month", "created_at") VALUES (1695, 470, 5, 19, '2025-12', '2026-04-06 07:37:45');
INSERT OR REPLACE INTO "ent_results" ("id", "student_id", "subject_id", "score", "month", "created_at") VALUES (1696, 470, 1, 10, '2026-01', '2026-04-06 07:37:45');
INSERT OR REPLACE INTO "ent_results" ("id", "student_id", "subject_id", "score", "month", "created_at") VALUES (1697, 470, 8, 7, '2026-01', '2026-04-06 07:37:45');
INSERT OR REPLACE INTO "ent_results" ("id", "student_id", "subject_id", "score", "month", "created_at") VALUES (1698, 470, 3, 9, '2026-01', '2026-04-06 07:37:45');
INSERT OR REPLACE INTO "ent_results" ("id", "student_id", "subject_id", "score", "month", "created_at") VALUES (1699, 470, 2, 23, '2026-01', '2026-04-06 07:37:45');
INSERT OR REPLACE INTO "ent_results" ("id", "student_id", "subject_id", "score", "month", "created_at") VALUES (1700, 470, 5, 20, '2026-01', '2026-04-06 07:37:45');
INSERT OR REPLACE INTO "ent_results" ("id", "student_id", "subject_id", "score", "month", "created_at") VALUES (1701, 470, 1, 7, '2026-02', '2026-04-06 07:37:45');
INSERT OR REPLACE INTO "ent_results" ("id", "student_id", "subject_id", "score", "month", "created_at") VALUES (1702, 470, 8, 10, '2026-02', '2026-04-06 07:37:45');
INSERT OR REPLACE INTO "ent_results" ("id", "student_id", "subject_id", "score", "month", "created_at") VALUES (1703, 470, 3, 5, '2026-02', '2026-04-06 07:37:45');
INSERT OR REPLACE INTO "ent_results" ("id", "student_id", "subject_id", "score", "month", "created_at") VALUES (1704, 470, 2, 15, '2026-02', '2026-04-06 07:37:45');
INSERT OR REPLACE INTO "ent_results" ("id", "student_id", "subject_id", "score", "month", "created_at") VALUES (1705, 470, 5, 31, '2026-02', '2026-04-06 07:37:45');
INSERT OR REPLACE INTO "ent_results" ("id", "student_id", "subject_id", "score", "month", "created_at") VALUES (1706, 471, 1, 10, '2025-10', '2026-04-06 07:37:45');
INSERT OR REPLACE INTO "ent_results" ("id", "student_id", "subject_id", "score", "month", "created_at") VALUES (1707, 471, 8, 8, '2025-10', '2026-04-06 07:37:45');
INSERT OR REPLACE INTO "ent_results" ("id", "student_id", "subject_id", "score", "month", "created_at") VALUES (1708, 471, 3, 5, '2025-10', '2026-04-06 07:37:45');
INSERT OR REPLACE INTO "ent_results" ("id", "student_id", "subject_id", "score", "month", "created_at") VALUES (1709, 471, 2, 26, '2025-10', '2026-04-06 07:37:45');
INSERT OR REPLACE INTO "ent_results" ("id", "student_id", "subject_id", "score", "month", "created_at") VALUES (1710, 471, 5, 15, '2025-10', '2026-04-06 07:37:45');
INSERT OR REPLACE INTO "ent_results" ("id", "student_id", "subject_id", "score", "month", "created_at") VALUES (1711, 471, 1, 10, '2025-11', '2026-04-06 07:37:45');
INSERT OR REPLACE INTO "ent_results" ("id", "student_id", "subject_id", "score", "month", "created_at") VALUES (1712, 471, 8, 7, '2025-11', '2026-04-06 07:37:45');
INSERT OR REPLACE INTO "ent_results" ("id", "student_id", "subject_id", "score", "month", "created_at") VALUES (1713, 471, 3, 7, '2025-11', '2026-04-06 07:37:45');
INSERT OR REPLACE INTO "ent_results" ("id", "student_id", "subject_id", "score", "month", "created_at") VALUES (1714, 471, 2, 17, '2025-11', '2026-04-06 07:37:45');
INSERT OR REPLACE INTO "ent_results" ("id", "student_id", "subject_id", "score", "month", "created_at") VALUES (1715, 471, 5, 19, '2025-11', '2026-04-06 07:37:45');
INSERT OR REPLACE INTO "ent_results" ("id", "student_id", "subject_id", "score", "month", "created_at") VALUES (1716, 471, 1, 14, '2025-12', '2026-04-06 07:37:45');
INSERT OR REPLACE INTO "ent_results" ("id", "student_id", "subject_id", "score", "month", "created_at") VALUES (1717, 471, 8, 9, '2025-12', '2026-04-06 07:37:45');
INSERT OR REPLACE INTO "ent_results" ("id", "student_id", "subject_id", "score", "month", "created_at") VALUES (1718, 471, 3, 5, '2025-12', '2026-04-06 07:37:45');
INSERT OR REPLACE INTO "ent_results" ("id", "student_id", "subject_id", "score", "month", "created_at") VALUES (1719, 471, 2, 28, '2025-12', '2026-04-06 07:37:45');
INSERT OR REPLACE INTO "ent_results" ("id", "student_id", "subject_id", "score", "month", "created_at") VALUES (1720, 471, 5, 22, '2025-12', '2026-04-06 07:37:45');
INSERT OR REPLACE INTO "ent_results" ("id", "student_id", "subject_id", "score", "month", "created_at") VALUES (1721, 471, 1, 14, '2026-01', '2026-04-06 07:37:45');
INSERT OR REPLACE INTO "ent_results" ("id", "student_id", "subject_id", "score", "month", "created_at") VALUES (1722, 471, 8, 8, '2026-01', '2026-04-06 07:37:45');
INSERT OR REPLACE INTO "ent_results" ("id", "student_id", "subject_id", "score", "month", "created_at") VALUES (1723, 471, 3, 9, '2026-01', '2026-04-06 07:37:45');
INSERT OR REPLACE INTO "ent_results" ("id", "student_id", "subject_id", "score", "month", "created_at") VALUES (1724, 471, 2, 22, '2026-01', '2026-04-06 07:37:45');
INSERT OR REPLACE INTO "ent_results" ("id", "student_id", "subject_id", "score", "month", "created_at") VALUES (1725, 471, 5, 19, '2026-01', '2026-04-06 07:37:45');
INSERT OR REPLACE INTO "ent_results" ("id", "student_id", "subject_id", "score", "month", "created_at") VALUES (1726, 471, 1, 10, '2026-02', '2026-04-06 07:37:45');
INSERT OR REPLACE INTO "ent_results" ("id", "student_id", "subject_id", "score", "month", "created_at") VALUES (1727, 471, 8, 9, '2026-02', '2026-04-06 07:37:45');
INSERT OR REPLACE INTO "ent_results" ("id", "student_id", "subject_id", "score", "month", "created_at") VALUES (1728, 471, 3, 10, '2026-02', '2026-04-06 07:37:45');
INSERT OR REPLACE INTO "ent_results" ("id", "student_id", "subject_id", "score", "month", "created_at") VALUES (1729, 471, 2, 22, '2026-02', '2026-04-06 07:37:45');
INSERT OR REPLACE INTO "ent_results" ("id", "student_id", "subject_id", "score", "month", "created_at") VALUES (1730, 471, 5, 27, '2026-02', '2026-04-06 07:37:45');
INSERT OR REPLACE INTO "ent_results" ("id", "student_id", "subject_id", "score", "month", "created_at") VALUES (1731, 472, 1, 9, '2025-09', '2026-04-06 07:37:45');
INSERT OR REPLACE INTO "ent_results" ("id", "student_id", "subject_id", "score", "month", "created_at") VALUES (1732, 472, 8, 8, '2025-09', '2026-04-06 07:37:45');
INSERT OR REPLACE INTO "ent_results" ("id", "student_id", "subject_id", "score", "month", "created_at") VALUES (1733, 472, 3, 7, '2025-09', '2026-04-06 07:37:45');
INSERT OR REPLACE INTO "ent_results" ("id", "student_id", "subject_id", "score", "month", "created_at") VALUES (1734, 472, 2, 26, '2025-09', '2026-04-06 07:37:45');
INSERT OR REPLACE INTO "ent_results" ("id", "student_id", "subject_id", "score", "month", "created_at") VALUES (1735, 472, 5, 12, '2025-09', '2026-04-06 07:37:45');
INSERT OR REPLACE INTO "ent_results" ("id", "student_id", "subject_id", "score", "month", "created_at") VALUES (1736, 472, 1, 12, '2025-10', '2026-04-06 07:37:45');
INSERT OR REPLACE INTO "ent_results" ("id", "student_id", "subject_id", "score", "month", "created_at") VALUES (1737, 472, 8, 9, '2025-10', '2026-04-06 07:37:45');
INSERT OR REPLACE INTO "ent_results" ("id", "student_id", "subject_id", "score", "month", "created_at") VALUES (1738, 472, 3, 8, '2025-10', '2026-04-06 07:37:45');
INSERT OR REPLACE INTO "ent_results" ("id", "student_id", "subject_id", "score", "month", "created_at") VALUES (1739, 472, 2, 27, '2025-10', '2026-04-06 07:37:45');
INSERT OR REPLACE INTO "ent_results" ("id", "student_id", "subject_id", "score", "month", "created_at") VALUES (1740, 472, 5, 21, '2025-10', '2026-04-06 07:37:45');
INSERT OR REPLACE INTO "ent_results" ("id", "student_id", "subject_id", "score", "month", "created_at") VALUES (1741, 472, 1, 14, '2025-11', '2026-04-06 07:37:45');
INSERT OR REPLACE INTO "ent_results" ("id", "student_id", "subject_id", "score", "month", "created_at") VALUES (1742, 472, 8, 8, '2025-11', '2026-04-06 07:37:45');
INSERT OR REPLACE INTO "ent_results" ("id", "student_id", "subject_id", "score", "month", "created_at") VALUES (1743, 472, 3, 8, '2025-11', '2026-04-06 07:37:45');
INSERT OR REPLACE INTO "ent_results" ("id", "student_id", "subject_id", "score", "month", "created_at") VALUES (1744, 472, 2, 15, '2025-11', '2026-04-06 07:37:45');
INSERT OR REPLACE INTO "ent_results" ("id", "student_id", "subject_id", "score", "month", "created_at") VALUES (1745, 472, 5, 14, '2025-11', '2026-04-06 07:37:45');
INSERT OR REPLACE INTO "ent_results" ("id", "student_id", "subject_id", "score", "month", "created_at") VALUES (1746, 472, 1, 13, '2025-12', '2026-04-06 07:37:45');
INSERT OR REPLACE INTO "ent_results" ("id", "student_id", "subject_id", "score", "month", "created_at") VALUES (1747, 472, 8, 9, '2025-12', '2026-04-06 07:37:45');
INSERT OR REPLACE INTO "ent_results" ("id", "student_id", "subject_id", "score", "month", "created_at") VALUES (1748, 472, 3, 8, '2025-12', '2026-04-06 07:37:45');
INSERT OR REPLACE INTO "ent_results" ("id", "student_id", "subject_id", "score", "month", "created_at") VALUES (1749, 472, 2, 22, '2025-12', '2026-04-06 07:37:45');
INSERT OR REPLACE INTO "ent_results" ("id", "student_id", "subject_id", "score", "month", "created_at") VALUES (1750, 472, 5, 19, '2025-12', '2026-04-06 07:37:45');
INSERT OR REPLACE INTO "ent_results" ("id", "student_id", "subject_id", "score", "month", "created_at") VALUES (1751, 472, 1, 10, '2026-01', '2026-04-06 07:37:45');
INSERT OR REPLACE INTO "ent_results" ("id", "student_id", "subject_id", "score", "month", "created_at") VALUES (1752, 472, 8, 6, '2026-01', '2026-04-06 07:37:45');
INSERT OR REPLACE INTO "ent_results" ("id", "student_id", "subject_id", "score", "month", "created_at") VALUES (1753, 472, 3, 9, '2026-01', '2026-04-06 07:37:45');
INSERT OR REPLACE INTO "ent_results" ("id", "student_id", "subject_id", "score", "month", "created_at") VALUES (1754, 472, 2, 33, '2026-01', '2026-04-06 07:37:45');
INSERT OR REPLACE INTO "ent_results" ("id", "student_id", "subject_id", "score", "month", "created_at") VALUES (1755, 472, 5, 24, '2026-01', '2026-04-06 07:37:45');
INSERT OR REPLACE INTO "ent_results" ("id", "student_id", "subject_id", "score", "month", "created_at") VALUES (1756, 472, 1, 11, '2026-02', '2026-04-06 07:37:45');
INSERT OR REPLACE INTO "ent_results" ("id", "student_id", "subject_id", "score", "month", "created_at") VALUES (1757, 472, 8, 9, '2026-02', '2026-04-06 07:37:45');
INSERT OR REPLACE INTO "ent_results" ("id", "student_id", "subject_id", "score", "month", "created_at") VALUES (1758, 472, 3, 6, '2026-02', '2026-04-06 07:37:45');
INSERT OR REPLACE INTO "ent_results" ("id", "student_id", "subject_id", "score", "month", "created_at") VALUES (1759, 472, 2, 28, '2026-02', '2026-04-06 07:37:45');
INSERT OR REPLACE INTO "ent_results" ("id", "student_id", "subject_id", "score", "month", "created_at") VALUES (1760, 472, 5, 22, '2026-02', '2026-04-06 07:37:45');
INSERT OR REPLACE INTO "ent_results" ("id", "student_id", "subject_id", "score", "month", "created_at") VALUES (1761, 473, 1, 6, '2025-09', '2026-04-06 07:37:45');
INSERT OR REPLACE INTO "ent_results" ("id", "student_id", "subject_id", "score", "month", "created_at") VALUES (1762, 473, 8, 7, '2025-09', '2026-04-06 07:37:45');
INSERT OR REPLACE INTO "ent_results" ("id", "student_id", "subject_id", "score", "month", "created_at") VALUES (1763, 473, 3, 6, '2025-09', '2026-04-06 07:37:45');
INSERT OR REPLACE INTO "ent_results" ("id", "student_id", "subject_id", "score", "month", "created_at") VALUES (1764, 473, 2, 14, '2025-09', '2026-04-06 07:37:45');
INSERT OR REPLACE INTO "ent_results" ("id", "student_id", "subject_id", "score", "month", "created_at") VALUES (1765, 473, 5, 13, '2025-09', '2026-04-06 07:37:45');
INSERT OR REPLACE INTO "ent_results" ("id", "student_id", "subject_id", "score", "month", "created_at") VALUES (1766, 473, 1, 9, '2025-10', '2026-04-06 07:37:45');
INSERT OR REPLACE INTO "ent_results" ("id", "student_id", "subject_id", "score", "month", "created_at") VALUES (1767, 473, 8, 7, '2025-10', '2026-04-06 07:37:45');
INSERT OR REPLACE INTO "ent_results" ("id", "student_id", "subject_id", "score", "month", "created_at") VALUES (1768, 473, 3, 3, '2025-10', '2026-04-06 07:37:45');
INSERT OR REPLACE INTO "ent_results" ("id", "student_id", "subject_id", "score", "month", "created_at") VALUES (1769, 473, 2, 16, '2025-10', '2026-04-06 07:37:45');
INSERT OR REPLACE INTO "ent_results" ("id", "student_id", "subject_id", "score", "month", "created_at") VALUES (1770, 473, 5, 13, '2025-10', '2026-04-06 07:37:45');
INSERT OR REPLACE INTO "ent_results" ("id", "student_id", "subject_id", "score", "month", "created_at") VALUES (1771, 473, 1, 9, '2025-11', '2026-04-06 07:37:45');
INSERT OR REPLACE INTO "ent_results" ("id", "student_id", "subject_id", "score", "month", "created_at") VALUES (1772, 473, 8, 5, '2025-11', '2026-04-06 07:37:45');
INSERT OR REPLACE INTO "ent_results" ("id", "student_id", "subject_id", "score", "month", "created_at") VALUES (1773, 473, 3, 6, '2025-11', '2026-04-06 07:37:45');
INSERT OR REPLACE INTO "ent_results" ("id", "student_id", "subject_id", "score", "month", "created_at") VALUES (1774, 473, 2, 13, '2025-11', '2026-04-06 07:37:45');
INSERT OR REPLACE INTO "ent_results" ("id", "student_id", "subject_id", "score", "month", "created_at") VALUES (1775, 473, 5, 14, '2025-11', '2026-04-06 07:37:45');
INSERT OR REPLACE INTO "ent_results" ("id", "student_id", "subject_id", "score", "month", "created_at") VALUES (1776, 473, 1, 8, '2025-12', '2026-04-06 07:37:45');
INSERT OR REPLACE INTO "ent_results" ("id", "student_id", "subject_id", "score", "month", "created_at") VALUES (1777, 473, 8, 9, '2025-12', '2026-04-06 07:37:45');
INSERT OR REPLACE INTO "ent_results" ("id", "student_id", "subject_id", "score", "month", "created_at") VALUES (1778, 473, 3, 6, '2025-12', '2026-04-06 07:37:45');
INSERT OR REPLACE INTO "ent_results" ("id", "student_id", "subject_id", "score", "month", "created_at") VALUES (1779, 473, 2, 24, '2025-12', '2026-04-06 07:37:45');
INSERT OR REPLACE INTO "ent_results" ("id", "student_id", "subject_id", "score", "month", "created_at") VALUES (1780, 473, 5, 15, '2025-12', '2026-04-06 07:37:45');
INSERT OR REPLACE INTO "ent_results" ("id", "student_id", "subject_id", "score", "month", "created_at") VALUES (1781, 473, 1, 7, '2026-02', '2026-04-06 07:37:45');
INSERT OR REPLACE INTO "ent_results" ("id", "student_id", "subject_id", "score", "month", "created_at") VALUES (1782, 473, 8, 10, '2026-02', '2026-04-06 07:37:45');
INSERT OR REPLACE INTO "ent_results" ("id", "student_id", "subject_id", "score", "month", "created_at") VALUES (1783, 473, 3, 4, '2026-02', '2026-04-06 07:37:45');
INSERT OR REPLACE INTO "ent_results" ("id", "student_id", "subject_id", "score", "month", "created_at") VALUES (1784, 473, 2, 14, '2026-02', '2026-04-06 07:37:45');
INSERT OR REPLACE INTO "ent_results" ("id", "student_id", "subject_id", "score", "month", "created_at") VALUES (1785, 473, 5, 17, '2026-02', '2026-04-06 07:37:45');
INSERT OR REPLACE INTO "ent_results" ("id", "student_id", "subject_id", "score", "month", "created_at") VALUES (1786, 474, 1, 7, '2025-09', '2026-04-06 07:37:45');
INSERT OR REPLACE INTO "ent_results" ("id", "student_id", "subject_id", "score", "month", "created_at") VALUES (1787, 474, 8, 7, '2025-09', '2026-04-06 07:37:45');
INSERT OR REPLACE INTO "ent_results" ("id", "student_id", "subject_id", "score", "month", "created_at") VALUES (1788, 474, 3, 2, '2025-09', '2026-04-06 07:37:45');
INSERT OR REPLACE INTO "ent_results" ("id", "student_id", "subject_id", "score", "month", "created_at") VALUES (1789, 474, 2, 13, '2025-09', '2026-04-06 07:37:45');
INSERT OR REPLACE INTO "ent_results" ("id", "student_id", "subject_id", "score", "month", "created_at") VALUES (1790, 474, 5, 17, '2025-09', '2026-04-06 07:37:45');
INSERT OR REPLACE INTO "ent_results" ("id", "student_id", "subject_id", "score", "month", "created_at") VALUES (1791, 474, 1, 8, '2026-01', '2026-04-06 07:37:45');
INSERT OR REPLACE INTO "ent_results" ("id", "student_id", "subject_id", "score", "month", "created_at") VALUES (1792, 474, 8, 5, '2026-01', '2026-04-06 07:37:45');
INSERT OR REPLACE INTO "ent_results" ("id", "student_id", "subject_id", "score", "month", "created_at") VALUES (1793, 474, 3, 7, '2026-01', '2026-04-06 07:37:45');
INSERT OR REPLACE INTO "ent_results" ("id", "student_id", "subject_id", "score", "month", "created_at") VALUES (1794, 474, 2, 12, '2026-01', '2026-04-06 07:37:45');
INSERT OR REPLACE INTO "ent_results" ("id", "student_id", "subject_id", "score", "month", "created_at") VALUES (1795, 474, 5, 10, '2026-01', '2026-04-06 07:37:45');
INSERT OR REPLACE INTO "ent_results" ("id", "student_id", "subject_id", "score", "month", "created_at") VALUES (1796, 475, 1, 8, '2025-10', '2026-04-06 07:37:45');
INSERT OR REPLACE INTO "ent_results" ("id", "student_id", "subject_id", "score", "month", "created_at") VALUES (1797, 475, 8, 7, '2025-10', '2026-04-06 07:37:45');
INSERT OR REPLACE INTO "ent_results" ("id", "student_id", "subject_id", "score", "month", "created_at") VALUES (1798, 475, 3, 4, '2025-10', '2026-04-06 07:37:45');
INSERT OR REPLACE INTO "ent_results" ("id", "student_id", "subject_id", "score", "month", "created_at") VALUES (1799, 475, 2, 19, '2025-10', '2026-04-06 07:37:45');
INSERT OR REPLACE INTO "ent_results" ("id", "student_id", "subject_id", "score", "month", "created_at") VALUES (1800, 475, 5, 9, '2025-10', '2026-04-06 07:37:45');
INSERT OR REPLACE INTO "ent_results" ("id", "student_id", "subject_id", "score", "month", "created_at") VALUES (1801, 475, 1, 7, '2025-12', '2026-04-06 07:37:45');
INSERT OR REPLACE INTO "ent_results" ("id", "student_id", "subject_id", "score", "month", "created_at") VALUES (1802, 475, 8, 8, '2025-12', '2026-04-06 07:37:45');
INSERT OR REPLACE INTO "ent_results" ("id", "student_id", "subject_id", "score", "month", "created_at") VALUES (1803, 475, 3, 7, '2025-12', '2026-04-06 07:37:45');
INSERT OR REPLACE INTO "ent_results" ("id", "student_id", "subject_id", "score", "month", "created_at") VALUES (1804, 475, 2, 25, '2025-12', '2026-04-06 07:37:45');
INSERT OR REPLACE INTO "ent_results" ("id", "student_id", "subject_id", "score", "month", "created_at") VALUES (1805, 475, 5, 20, '2025-12', '2026-04-06 07:37:45');
INSERT OR REPLACE INTO "ent_results" ("id", "student_id", "subject_id", "score", "month", "created_at") VALUES (1806, 475, 1, 8, '2026-01', '2026-04-06 07:37:45');
INSERT OR REPLACE INTO "ent_results" ("id", "student_id", "subject_id", "score", "month", "created_at") VALUES (1807, 475, 8, 7, '2026-01', '2026-04-06 07:37:45');
INSERT OR REPLACE INTO "ent_results" ("id", "student_id", "subject_id", "score", "month", "created_at") VALUES (1808, 475, 3, 5, '2026-01', '2026-04-06 07:37:45');
INSERT OR REPLACE INTO "ent_results" ("id", "student_id", "subject_id", "score", "month", "created_at") VALUES (1809, 475, 2, 17, '2026-01', '2026-04-06 07:37:45');
INSERT OR REPLACE INTO "ent_results" ("id", "student_id", "subject_id", "score", "month", "created_at") VALUES (1810, 475, 5, 14, '2026-01', '2026-04-06 07:37:45');
INSERT OR REPLACE INTO "ent_results" ("id", "student_id", "subject_id", "score", "month", "created_at") VALUES (1811, 476, 1, 6, '2025-09', '2026-04-06 07:37:45');
INSERT OR REPLACE INTO "ent_results" ("id", "student_id", "subject_id", "score", "month", "created_at") VALUES (1812, 476, 8, 7, '2025-09', '2026-04-06 07:37:45');
INSERT OR REPLACE INTO "ent_results" ("id", "student_id", "subject_id", "score", "month", "created_at") VALUES (1813, 476, 3, 2, '2025-09', '2026-04-06 07:37:45');
INSERT OR REPLACE INTO "ent_results" ("id", "student_id", "subject_id", "score", "month", "created_at") VALUES (1814, 476, 6, 25, '2025-09', '2026-04-06 07:37:45');
INSERT OR REPLACE INTO "ent_results" ("id", "student_id", "subject_id", "score", "month", "created_at") VALUES (1815, 476, 7, 23, '2025-09', '2026-04-06 07:37:45');
INSERT OR REPLACE INTO "ent_results" ("id", "student_id", "subject_id", "score", "month", "created_at") VALUES (1816, 476, 1, 6, '2025-10', '2026-04-06 07:37:45');
INSERT OR REPLACE INTO "ent_results" ("id", "student_id", "subject_id", "score", "month", "created_at") VALUES (1817, 476, 8, 6, '2025-10', '2026-04-06 07:37:45');
INSERT OR REPLACE INTO "ent_results" ("id", "student_id", "subject_id", "score", "month", "created_at") VALUES (1818, 476, 3, 2, '2025-10', '2026-04-06 07:37:45');
INSERT OR REPLACE INTO "ent_results" ("id", "student_id", "subject_id", "score", "month", "created_at") VALUES (1819, 476, 6, 22, '2025-10', '2026-04-06 07:37:45');
INSERT OR REPLACE INTO "ent_results" ("id", "student_id", "subject_id", "score", "month", "created_at") VALUES (1820, 476, 7, 15, '2025-10', '2026-04-06 07:37:45');
INSERT OR REPLACE INTO "ent_results" ("id", "student_id", "subject_id", "score", "month", "created_at") VALUES (1821, 476, 1, 8, '2025-11', '2026-04-06 07:37:45');
INSERT OR REPLACE INTO "ent_results" ("id", "student_id", "subject_id", "score", "month", "created_at") VALUES (1822, 476, 8, 9, '2025-11', '2026-04-06 07:37:45');
INSERT OR REPLACE INTO "ent_results" ("id", "student_id", "subject_id", "score", "month", "created_at") VALUES (1823, 476, 3, 4, '2025-11', '2026-04-06 07:37:45');
INSERT OR REPLACE INTO "ent_results" ("id", "student_id", "subject_id", "score", "month", "created_at") VALUES (1824, 476, 6, 28, '2025-11', '2026-04-06 07:37:45');
INSERT OR REPLACE INTO "ent_results" ("id", "student_id", "subject_id", "score", "month", "created_at") VALUES (1825, 476, 7, 22, '2025-11', '2026-04-06 07:37:45');
INSERT OR REPLACE INTO "ent_results" ("id", "student_id", "subject_id", "score", "month", "created_at") VALUES (1826, 476, 1, 12, '2025-12', '2026-04-06 07:37:45');
INSERT OR REPLACE INTO "ent_results" ("id", "student_id", "subject_id", "score", "month", "created_at") VALUES (1827, 476, 8, 10, '2025-12', '2026-04-06 07:37:45');
INSERT OR REPLACE INTO "ent_results" ("id", "student_id", "subject_id", "score", "month", "created_at") VALUES (1828, 476, 3, 3, '2025-12', '2026-04-06 07:37:45');
INSERT OR REPLACE INTO "ent_results" ("id", "student_id", "subject_id", "score", "month", "created_at") VALUES (1829, 476, 6, 30, '2025-12', '2026-04-06 07:37:45');
INSERT OR REPLACE INTO "ent_results" ("id", "student_id", "subject_id", "score", "month", "created_at") VALUES (1830, 476, 7, 12, '2025-12', '2026-04-06 07:37:45');
INSERT OR REPLACE INTO "ent_results" ("id", "student_id", "subject_id", "score", "month", "created_at") VALUES (1831, 476, 1, 12, '2026-01', '2026-04-06 07:37:45');
INSERT OR REPLACE INTO "ent_results" ("id", "student_id", "subject_id", "score", "month", "created_at") VALUES (1832, 476, 8, 10, '2026-01', '2026-04-06 07:37:45');
INSERT OR REPLACE INTO "ent_results" ("id", "student_id", "subject_id", "score", "month", "created_at") VALUES (1833, 476, 3, 3, '2026-01', '2026-04-06 07:37:45');
INSERT OR REPLACE INTO "ent_results" ("id", "student_id", "subject_id", "score", "month", "created_at") VALUES (1834, 476, 6, 26, '2026-01', '2026-04-06 07:37:45');
INSERT OR REPLACE INTO "ent_results" ("id", "student_id", "subject_id", "score", "month", "created_at") VALUES (1835, 476, 7, 21, '2026-01', '2026-04-06 07:37:45');
INSERT OR REPLACE INTO "ent_results" ("id", "student_id", "subject_id", "score", "month", "created_at") VALUES (1836, 477, 1, 14, '2025-09', '2026-04-06 07:37:45');
INSERT OR REPLACE INTO "ent_results" ("id", "student_id", "subject_id", "score", "month", "created_at") VALUES (1837, 477, 8, 8, '2025-09', '2026-04-06 07:37:45');
INSERT OR REPLACE INTO "ent_results" ("id", "student_id", "subject_id", "score", "month", "created_at") VALUES (1838, 477, 3, 5, '2025-09', '2026-04-06 07:37:45');
INSERT OR REPLACE INTO "ent_results" ("id", "student_id", "subject_id", "score", "month", "created_at") VALUES (1839, 477, 6, 12, '2025-09', '2026-04-06 07:37:45');
INSERT OR REPLACE INTO "ent_results" ("id", "student_id", "subject_id", "score", "month", "created_at") VALUES (1840, 477, 7, 16, '2025-09', '2026-04-06 07:37:45');
INSERT OR REPLACE INTO "ent_results" ("id", "student_id", "subject_id", "score", "month", "created_at") VALUES (1841, 477, 1, 11, '2025-10', '2026-04-06 07:37:45');
INSERT OR REPLACE INTO "ent_results" ("id", "student_id", "subject_id", "score", "month", "created_at") VALUES (1842, 477, 8, 8, '2025-10', '2026-04-06 07:37:45');
INSERT OR REPLACE INTO "ent_results" ("id", "student_id", "subject_id", "score", "month", "created_at") VALUES (1843, 477, 3, 5, '2025-10', '2026-04-06 07:37:45');
INSERT OR REPLACE INTO "ent_results" ("id", "student_id", "subject_id", "score", "month", "created_at") VALUES (1844, 477, 6, 33, '2025-10', '2026-04-06 07:37:45');
INSERT OR REPLACE INTO "ent_results" ("id", "student_id", "subject_id", "score", "month", "created_at") VALUES (1845, 477, 7, 19, '2025-10', '2026-04-06 07:37:45');
INSERT OR REPLACE INTO "ent_results" ("id", "student_id", "subject_id", "score", "month", "created_at") VALUES (1846, 477, 1, 8, '2025-11', '2026-04-06 07:37:45');
INSERT OR REPLACE INTO "ent_results" ("id", "student_id", "subject_id", "score", "month", "created_at") VALUES (1847, 477, 8, 3, '2025-11', '2026-04-06 07:37:45');
INSERT OR REPLACE INTO "ent_results" ("id", "student_id", "subject_id", "score", "month", "created_at") VALUES (1848, 477, 3, 10, '2025-11', '2026-04-06 07:37:45');
INSERT OR REPLACE INTO "ent_results" ("id", "student_id", "subject_id", "score", "month", "created_at") VALUES (1849, 477, 6, 27, '2025-11', '2026-04-06 07:37:45');
INSERT OR REPLACE INTO "ent_results" ("id", "student_id", "subject_id", "score", "month", "created_at") VALUES (1850, 477, 7, 32, '2025-11', '2026-04-06 07:37:45');
INSERT OR REPLACE INTO "ent_results" ("id", "student_id", "subject_id", "score", "month", "created_at") VALUES (1851, 478, 1, 9, '2025-09', '2026-04-06 07:37:45');
INSERT OR REPLACE INTO "ent_results" ("id", "student_id", "subject_id", "score", "month", "created_at") VALUES (1852, 478, 8, 8, '2025-09', '2026-04-06 07:37:45');
INSERT OR REPLACE INTO "ent_results" ("id", "student_id", "subject_id", "score", "month", "created_at") VALUES (1853, 478, 3, 5, '2025-09', '2026-04-06 07:37:45');
INSERT OR REPLACE INTO "ent_results" ("id", "student_id", "subject_id", "score", "month", "created_at") VALUES (1854, 478, 6, 33, '2025-09', '2026-04-06 07:37:45');
INSERT OR REPLACE INTO "ent_results" ("id", "student_id", "subject_id", "score", "month", "created_at") VALUES (1855, 478, 7, 38, '2025-09', '2026-04-06 07:37:45');
INSERT OR REPLACE INTO "ent_results" ("id", "student_id", "subject_id", "score", "month", "created_at") VALUES (1856, 478, 1, 12, '2025-10', '2026-04-06 07:37:45');
INSERT OR REPLACE INTO "ent_results" ("id", "student_id", "subject_id", "score", "month", "created_at") VALUES (1857, 478, 8, 9, '2025-10', '2026-04-06 07:37:45');
INSERT OR REPLACE INTO "ent_results" ("id", "student_id", "subject_id", "score", "month", "created_at") VALUES (1858, 478, 3, 4, '2025-10', '2026-04-06 07:37:45');
INSERT OR REPLACE INTO "ent_results" ("id", "student_id", "subject_id", "score", "month", "created_at") VALUES (1859, 478, 6, 31, '2025-10', '2026-04-06 07:37:45');
INSERT OR REPLACE INTO "ent_results" ("id", "student_id", "subject_id", "score", "month", "created_at") VALUES (1860, 478, 7, 24, '2025-10', '2026-04-06 07:37:45');
INSERT OR REPLACE INTO "ent_results" ("id", "student_id", "subject_id", "score", "month", "created_at") VALUES (1861, 478, 1, 10, '2025-11', '2026-04-06 07:37:45');
INSERT OR REPLACE INTO "ent_results" ("id", "student_id", "subject_id", "score", "month", "created_at") VALUES (1862, 478, 8, 9, '2025-11', '2026-04-06 07:37:45');
INSERT OR REPLACE INTO "ent_results" ("id", "student_id", "subject_id", "score", "month", "created_at") VALUES (1863, 478, 3, 6, '2025-11', '2026-04-06 07:37:45');
INSERT OR REPLACE INTO "ent_results" ("id", "student_id", "subject_id", "score", "month", "created_at") VALUES (1864, 478, 6, 37, '2025-11', '2026-04-06 07:37:45');
INSERT OR REPLACE INTO "ent_results" ("id", "student_id", "subject_id", "score", "month", "created_at") VALUES (1865, 478, 7, 27, '2025-11', '2026-04-06 07:37:45');
INSERT OR REPLACE INTO "ent_results" ("id", "student_id", "subject_id", "score", "month", "created_at") VALUES (1866, 478, 1, 15, '2025-12', '2026-04-06 07:37:45');
INSERT OR REPLACE INTO "ent_results" ("id", "student_id", "subject_id", "score", "month", "created_at") VALUES (1867, 478, 8, 8, '2025-12', '2026-04-06 07:37:45');
INSERT OR REPLACE INTO "ent_results" ("id", "student_id", "subject_id", "score", "month", "created_at") VALUES (1868, 478, 3, 6, '2025-12', '2026-04-06 07:37:45');
INSERT OR REPLACE INTO "ent_results" ("id", "student_id", "subject_id", "score", "month", "created_at") VALUES (1869, 478, 6, 29, '2025-12', '2026-04-06 07:37:45');
INSERT OR REPLACE INTO "ent_results" ("id", "student_id", "subject_id", "score", "month", "created_at") VALUES (1870, 478, 7, 19, '2025-12', '2026-04-06 07:37:45');
INSERT OR REPLACE INTO "ent_results" ("id", "student_id", "subject_id", "score", "month", "created_at") VALUES (1871, 478, 1, 12, '2026-01', '2026-04-06 07:37:45');
INSERT OR REPLACE INTO "ent_results" ("id", "student_id", "subject_id", "score", "month", "created_at") VALUES (1872, 478, 8, 10, '2026-01', '2026-04-06 07:37:45');
INSERT OR REPLACE INTO "ent_results" ("id", "student_id", "subject_id", "score", "month", "created_at") VALUES (1873, 478, 3, 9, '2026-01', '2026-04-06 07:37:45');
INSERT OR REPLACE INTO "ent_results" ("id", "student_id", "subject_id", "score", "month", "created_at") VALUES (1874, 478, 6, 35, '2026-01', '2026-04-06 07:37:45');
INSERT OR REPLACE INTO "ent_results" ("id", "student_id", "subject_id", "score", "month", "created_at") VALUES (1875, 478, 7, 30, '2026-01', '2026-04-06 07:37:45');
INSERT OR REPLACE INTO "ent_results" ("id", "student_id", "subject_id", "score", "month", "created_at") VALUES (1876, 479, 1, 12, '2025-09', '2026-04-06 07:37:45');
INSERT OR REPLACE INTO "ent_results" ("id", "student_id", "subject_id", "score", "month", "created_at") VALUES (1877, 479, 8, 8, '2025-09', '2026-04-06 07:37:45');
INSERT OR REPLACE INTO "ent_results" ("id", "student_id", "subject_id", "score", "month", "created_at") VALUES (1878, 479, 3, 8, '2025-09', '2026-04-06 07:37:45');
INSERT OR REPLACE INTO "ent_results" ("id", "student_id", "subject_id", "score", "month", "created_at") VALUES (1879, 479, 6, 11, '2025-09', '2026-04-06 07:37:45');
INSERT OR REPLACE INTO "ent_results" ("id", "student_id", "subject_id", "score", "month", "created_at") VALUES (1880, 479, 7, 15, '2025-09', '2026-04-06 07:37:45');
INSERT OR REPLACE INTO "ent_results" ("id", "student_id", "subject_id", "score", "month", "created_at") VALUES (1881, 479, 1, 6, '2025-10', '2026-04-06 07:37:45');
INSERT OR REPLACE INTO "ent_results" ("id", "student_id", "subject_id", "score", "month", "created_at") VALUES (1882, 479, 8, 8, '2025-10', '2026-04-06 07:37:45');
INSERT OR REPLACE INTO "ent_results" ("id", "student_id", "subject_id", "score", "month", "created_at") VALUES (1883, 479, 3, 8, '2025-10', '2026-04-06 07:37:45');
INSERT OR REPLACE INTO "ent_results" ("id", "student_id", "subject_id", "score", "month", "created_at") VALUES (1884, 479, 6, 23, '2025-10', '2026-04-06 07:37:45');
INSERT OR REPLACE INTO "ent_results" ("id", "student_id", "subject_id", "score", "month", "created_at") VALUES (1885, 479, 7, 24, '2025-10', '2026-04-06 07:37:45');
INSERT OR REPLACE INTO "ent_results" ("id", "student_id", "subject_id", "score", "month", "created_at") VALUES (1886, 479, 1, 12, '2025-11', '2026-04-06 07:37:45');
INSERT OR REPLACE INTO "ent_results" ("id", "student_id", "subject_id", "score", "month", "created_at") VALUES (1887, 479, 8, 6, '2025-11', '2026-04-06 07:37:45');
INSERT OR REPLACE INTO "ent_results" ("id", "student_id", "subject_id", "score", "month", "created_at") VALUES (1888, 479, 3, 6, '2025-11', '2026-04-06 07:37:45');
INSERT OR REPLACE INTO "ent_results" ("id", "student_id", "subject_id", "score", "month", "created_at") VALUES (1889, 479, 6, 29, '2025-11', '2026-04-06 07:37:45');
INSERT OR REPLACE INTO "ent_results" ("id", "student_id", "subject_id", "score", "month", "created_at") VALUES (1890, 479, 7, 18, '2025-11', '2026-04-06 07:37:45');
INSERT OR REPLACE INTO "ent_results" ("id", "student_id", "subject_id", "score", "month", "created_at") VALUES (1891, 479, 1, 14, '2025-12', '2026-04-06 07:37:45');
INSERT OR REPLACE INTO "ent_results" ("id", "student_id", "subject_id", "score", "month", "created_at") VALUES (1892, 479, 8, 8, '2025-12', '2026-04-06 07:37:45');
INSERT OR REPLACE INTO "ent_results" ("id", "student_id", "subject_id", "score", "month", "created_at") VALUES (1893, 479, 3, 7, '2025-12', '2026-04-06 07:37:45');
INSERT OR REPLACE INTO "ent_results" ("id", "student_id", "subject_id", "score", "month", "created_at") VALUES (1894, 479, 6, 25, '2025-12', '2026-04-06 07:37:45');
INSERT OR REPLACE INTO "ent_results" ("id", "student_id", "subject_id", "score", "month", "created_at") VALUES (1895, 479, 7, 23, '2025-12', '2026-04-06 07:37:45');
INSERT OR REPLACE INTO "ent_results" ("id", "student_id", "subject_id", "score", "month", "created_at") VALUES (1896, 479, 1, 13, '2026-02', '2026-04-06 07:37:45');
INSERT OR REPLACE INTO "ent_results" ("id", "student_id", "subject_id", "score", "month", "created_at") VALUES (1897, 479, 8, 9, '2026-02', '2026-04-06 07:37:45');
INSERT OR REPLACE INTO "ent_results" ("id", "student_id", "subject_id", "score", "month", "created_at") VALUES (1898, 479, 3, 5, '2026-02', '2026-04-06 07:37:45');
INSERT OR REPLACE INTO "ent_results" ("id", "student_id", "subject_id", "score", "month", "created_at") VALUES (1899, 479, 6, 30, '2026-02', '2026-04-06 07:37:45');
INSERT OR REPLACE INTO "ent_results" ("id", "student_id", "subject_id", "score", "month", "created_at") VALUES (1900, 479, 7, 21, '2026-02', '2026-04-06 07:37:45');
INSERT OR REPLACE INTO "ent_results" ("id", "student_id", "subject_id", "score", "month", "created_at") VALUES (1901, 480, 1, 9, '2025-09', '2026-04-06 07:37:45');
INSERT OR REPLACE INTO "ent_results" ("id", "student_id", "subject_id", "score", "month", "created_at") VALUES (1902, 480, 8, 8, '2025-09', '2026-04-06 07:37:45');
INSERT OR REPLACE INTO "ent_results" ("id", "student_id", "subject_id", "score", "month", "created_at") VALUES (1903, 480, 3, 6, '2025-09', '2026-04-06 07:37:45');
INSERT OR REPLACE INTO "ent_results" ("id", "student_id", "subject_id", "score", "month", "created_at") VALUES (1904, 480, 6, 22, '2025-09', '2026-04-06 07:37:45');
INSERT OR REPLACE INTO "ent_results" ("id", "student_id", "subject_id", "score", "month", "created_at") VALUES (1905, 480, 7, 19, '2025-09', '2026-04-06 07:37:45');
INSERT OR REPLACE INTO "ent_results" ("id", "student_id", "subject_id", "score", "month", "created_at") VALUES (1906, 480, 1, 8, '2025-10', '2026-04-06 07:37:45');
INSERT OR REPLACE INTO "ent_results" ("id", "student_id", "subject_id", "score", "month", "created_at") VALUES (1907, 480, 8, 8, '2025-10', '2026-04-06 07:37:45');
INSERT OR REPLACE INTO "ent_results" ("id", "student_id", "subject_id", "score", "month", "created_at") VALUES (1908, 480, 3, 5, '2025-10', '2026-04-06 07:37:45');
INSERT OR REPLACE INTO "ent_results" ("id", "student_id", "subject_id", "score", "month", "created_at") VALUES (1909, 480, 6, 19, '2025-10', '2026-04-06 07:37:45');
INSERT OR REPLACE INTO "ent_results" ("id", "student_id", "subject_id", "score", "month", "created_at") VALUES (1910, 480, 7, 18, '2025-10', '2026-04-06 07:37:45');
INSERT OR REPLACE INTO "ent_results" ("id", "student_id", "subject_id", "score", "month", "created_at") VALUES (1911, 480, 1, 11, '2025-11', '2026-04-06 07:37:45');
INSERT OR REPLACE INTO "ent_results" ("id", "student_id", "subject_id", "score", "month", "created_at") VALUES (1912, 480, 8, 6, '2025-11', '2026-04-06 07:37:45');
INSERT OR REPLACE INTO "ent_results" ("id", "student_id", "subject_id", "score", "month", "created_at") VALUES (1913, 480, 3, 8, '2025-11', '2026-04-06 07:37:45');
INSERT OR REPLACE INTO "ent_results" ("id", "student_id", "subject_id", "score", "month", "created_at") VALUES (1914, 480, 6, 22, '2025-11', '2026-04-06 07:37:45');
INSERT OR REPLACE INTO "ent_results" ("id", "student_id", "subject_id", "score", "month", "created_at") VALUES (1915, 480, 7, 21, '2025-11', '2026-04-06 07:37:45');
INSERT OR REPLACE INTO "ent_results" ("id", "student_id", "subject_id", "score", "month", "created_at") VALUES (1916, 480, 1, 9, '2025-12', '2026-04-06 07:37:45');
INSERT OR REPLACE INTO "ent_results" ("id", "student_id", "subject_id", "score", "month", "created_at") VALUES (1917, 480, 8, 8, '2025-12', '2026-04-06 07:37:45');
INSERT OR REPLACE INTO "ent_results" ("id", "student_id", "subject_id", "score", "month", "created_at") VALUES (1918, 480, 3, 7, '2025-12', '2026-04-06 07:37:45');
INSERT OR REPLACE INTO "ent_results" ("id", "student_id", "subject_id", "score", "month", "created_at") VALUES (1919, 480, 6, 35, '2025-12', '2026-04-06 07:37:45');
INSERT OR REPLACE INTO "ent_results" ("id", "student_id", "subject_id", "score", "month", "created_at") VALUES (1920, 480, 7, 22, '2025-12', '2026-04-06 07:37:45');
INSERT OR REPLACE INTO "ent_results" ("id", "student_id", "subject_id", "score", "month", "created_at") VALUES (1921, 480, 1, 9, '2026-02', '2026-04-06 07:37:45');
INSERT OR REPLACE INTO "ent_results" ("id", "student_id", "subject_id", "score", "month", "created_at") VALUES (1922, 480, 8, 9, '2026-02', '2026-04-06 07:37:45');
INSERT OR REPLACE INTO "ent_results" ("id", "student_id", "subject_id", "score", "month", "created_at") VALUES (1923, 480, 3, 7, '2026-02', '2026-04-06 07:37:45');
INSERT OR REPLACE INTO "ent_results" ("id", "student_id", "subject_id", "score", "month", "created_at") VALUES (1924, 480, 6, 30, '2026-02', '2026-04-06 07:37:45');
INSERT OR REPLACE INTO "ent_results" ("id", "student_id", "subject_id", "score", "month", "created_at") VALUES (1925, 480, 7, 29, '2026-02', '2026-04-06 07:37:45');
INSERT OR REPLACE INTO "ent_results" ("id", "student_id", "subject_id", "score", "month", "created_at") VALUES (1926, 481, 1, 5, '2025-09', '2026-04-06 07:37:45');
INSERT OR REPLACE INTO "ent_results" ("id", "student_id", "subject_id", "score", "month", "created_at") VALUES (1927, 481, 8, 7, '2025-09', '2026-04-06 07:37:45');
INSERT OR REPLACE INTO "ent_results" ("id", "student_id", "subject_id", "score", "month", "created_at") VALUES (1928, 481, 3, 5, '2025-09', '2026-04-06 07:37:45');
INSERT OR REPLACE INTO "ent_results" ("id", "student_id", "subject_id", "score", "month", "created_at") VALUES (1929, 481, 6, 28, '2025-09', '2026-04-06 07:37:45');
INSERT OR REPLACE INTO "ent_results" ("id", "student_id", "subject_id", "score", "month", "created_at") VALUES (1930, 481, 7, 22, '2025-09', '2026-04-06 07:37:45');
INSERT OR REPLACE INTO "ent_results" ("id", "student_id", "subject_id", "score", "month", "created_at") VALUES (1931, 481, 1, 10, '2025-10', '2026-04-06 07:37:45');
INSERT OR REPLACE INTO "ent_results" ("id", "student_id", "subject_id", "score", "month", "created_at") VALUES (1932, 481, 8, 6, '2025-10', '2026-04-06 07:37:45');
INSERT OR REPLACE INTO "ent_results" ("id", "student_id", "subject_id", "score", "month", "created_at") VALUES (1933, 481, 3, 8, '2025-10', '2026-04-06 07:37:45');
INSERT OR REPLACE INTO "ent_results" ("id", "student_id", "subject_id", "score", "month", "created_at") VALUES (1934, 481, 6, 29, '2025-10', '2026-04-06 07:37:45');
INSERT OR REPLACE INTO "ent_results" ("id", "student_id", "subject_id", "score", "month", "created_at") VALUES (1935, 481, 7, 21, '2025-10', '2026-04-06 07:37:45');
INSERT OR REPLACE INTO "ent_results" ("id", "student_id", "subject_id", "score", "month", "created_at") VALUES (1936, 481, 1, 10, '2025-11', '2026-04-06 07:37:45');
INSERT OR REPLACE INTO "ent_results" ("id", "student_id", "subject_id", "score", "month", "created_at") VALUES (1937, 481, 8, 5, '2025-11', '2026-04-06 07:37:45');
INSERT OR REPLACE INTO "ent_results" ("id", "student_id", "subject_id", "score", "month", "created_at") VALUES (1938, 481, 3, 10, '2025-11', '2026-04-06 07:37:45');
INSERT OR REPLACE INTO "ent_results" ("id", "student_id", "subject_id", "score", "month", "created_at") VALUES (1939, 481, 6, 27, '2025-11', '2026-04-06 07:37:45');
INSERT OR REPLACE INTO "ent_results" ("id", "student_id", "subject_id", "score", "month", "created_at") VALUES (1940, 481, 7, 20, '2025-11', '2026-04-06 07:37:45');
INSERT OR REPLACE INTO "ent_results" ("id", "student_id", "subject_id", "score", "month", "created_at") VALUES (1941, 481, 1, 8, '2025-12', '2026-04-06 07:37:45');
INSERT OR REPLACE INTO "ent_results" ("id", "student_id", "subject_id", "score", "month", "created_at") VALUES (1942, 481, 8, 8, '2025-12', '2026-04-06 07:37:45');
INSERT OR REPLACE INTO "ent_results" ("id", "student_id", "subject_id", "score", "month", "created_at") VALUES (1943, 481, 3, 9, '2025-12', '2026-04-06 07:37:45');
INSERT OR REPLACE INTO "ent_results" ("id", "student_id", "subject_id", "score", "month", "created_at") VALUES (1944, 481, 6, 27, '2025-12', '2026-04-06 07:37:45');
INSERT OR REPLACE INTO "ent_results" ("id", "student_id", "subject_id", "score", "month", "created_at") VALUES (1945, 481, 7, 17, '2025-12', '2026-04-06 07:37:45');
INSERT OR REPLACE INTO "ent_results" ("id", "student_id", "subject_id", "score", "month", "created_at") VALUES (1946, 481, 1, 9, '2026-01', '2026-04-06 07:37:45');
INSERT OR REPLACE INTO "ent_results" ("id", "student_id", "subject_id", "score", "month", "created_at") VALUES (1947, 481, 8, 8, '2026-01', '2026-04-06 07:37:45');
INSERT OR REPLACE INTO "ent_results" ("id", "student_id", "subject_id", "score", "month", "created_at") VALUES (1948, 481, 3, 9, '2026-01', '2026-04-06 07:37:45');
INSERT OR REPLACE INTO "ent_results" ("id", "student_id", "subject_id", "score", "month", "created_at") VALUES (1949, 481, 6, 24, '2026-01', '2026-04-06 07:37:45');
INSERT OR REPLACE INTO "ent_results" ("id", "student_id", "subject_id", "score", "month", "created_at") VALUES (1950, 481, 7, 20, '2026-01', '2026-04-06 07:37:45');
INSERT OR REPLACE INTO "ent_results" ("id", "student_id", "subject_id", "score", "month", "created_at") VALUES (1951, 482, 1, 7, '2025-10', '2026-04-06 07:37:45');
INSERT OR REPLACE INTO "ent_results" ("id", "student_id", "subject_id", "score", "month", "created_at") VALUES (1952, 482, 8, 9, '2025-10', '2026-04-06 07:37:45');
INSERT OR REPLACE INTO "ent_results" ("id", "student_id", "subject_id", "score", "month", "created_at") VALUES (1953, 482, 3, 8, '2025-10', '2026-04-06 07:37:45');
INSERT OR REPLACE INTO "ent_results" ("id", "student_id", "subject_id", "score", "month", "created_at") VALUES (1954, 482, 6, 13, '2025-10', '2026-04-06 07:37:45');
INSERT OR REPLACE INTO "ent_results" ("id", "student_id", "subject_id", "score", "month", "created_at") VALUES (1955, 482, 7, 16, '2025-10', '2026-04-06 07:37:45');
INSERT OR REPLACE INTO "ent_results" ("id", "student_id", "subject_id", "score", "month", "created_at") VALUES (1956, 482, 1, 11, '2025-11', '2026-04-06 07:37:45');
INSERT OR REPLACE INTO "ent_results" ("id", "student_id", "subject_id", "score", "month", "created_at") VALUES (1957, 482, 8, 9, '2025-11', '2026-04-06 07:37:45');
INSERT OR REPLACE INTO "ent_results" ("id", "student_id", "subject_id", "score", "month", "created_at") VALUES (1958, 482, 3, 3, '2025-11', '2026-04-06 07:37:45');
INSERT OR REPLACE INTO "ent_results" ("id", "student_id", "subject_id", "score", "month", "created_at") VALUES (1959, 482, 6, 23, '2025-11', '2026-04-06 07:37:45');
INSERT OR REPLACE INTO "ent_results" ("id", "student_id", "subject_id", "score", "month", "created_at") VALUES (1960, 482, 7, 18, '2025-11', '2026-04-06 07:37:45');
INSERT OR REPLACE INTO "ent_results" ("id", "student_id", "subject_id", "score", "month", "created_at") VALUES (1961, 482, 1, 9, '2025-12', '2026-04-06 07:37:45');
INSERT OR REPLACE INTO "ent_results" ("id", "student_id", "subject_id", "score", "month", "created_at") VALUES (1962, 482, 8, 7, '2025-12', '2026-04-06 07:37:45');
INSERT OR REPLACE INTO "ent_results" ("id", "student_id", "subject_id", "score", "month", "created_at") VALUES (1963, 482, 3, 4, '2025-12', '2026-04-06 07:37:45');
INSERT OR REPLACE INTO "ent_results" ("id", "student_id", "subject_id", "score", "month", "created_at") VALUES (1964, 482, 6, 17, '2025-12', '2026-04-06 07:37:45');
INSERT OR REPLACE INTO "ent_results" ("id", "student_id", "subject_id", "score", "month", "created_at") VALUES (1965, 482, 7, 11, '2025-12', '2026-04-06 07:37:45');
INSERT OR REPLACE INTO "ent_results" ("id", "student_id", "subject_id", "score", "month", "created_at") VALUES (1966, 482, 1, 8, '2026-01', '2026-04-06 07:37:45');
INSERT OR REPLACE INTO "ent_results" ("id", "student_id", "subject_id", "score", "month", "created_at") VALUES (1967, 482, 8, 6, '2026-01', '2026-04-06 07:37:45');
INSERT OR REPLACE INTO "ent_results" ("id", "student_id", "subject_id", "score", "month", "created_at") VALUES (1968, 482, 3, 5, '2026-01', '2026-04-06 07:37:45');
INSERT OR REPLACE INTO "ent_results" ("id", "student_id", "subject_id", "score", "month", "created_at") VALUES (1969, 482, 6, 21, '2026-01', '2026-04-06 07:37:45');
INSERT OR REPLACE INTO "ent_results" ("id", "student_id", "subject_id", "score", "month", "created_at") VALUES (1970, 482, 7, 17, '2026-01', '2026-04-06 07:37:45');
INSERT OR REPLACE INTO "ent_results" ("id", "student_id", "subject_id", "score", "month", "created_at") VALUES (1971, 482, 1, 9, '2026-02', '2026-04-06 07:37:45');
INSERT OR REPLACE INTO "ent_results" ("id", "student_id", "subject_id", "score", "month", "created_at") VALUES (1972, 482, 8, 7, '2026-02', '2026-04-06 07:37:45');
INSERT OR REPLACE INTO "ent_results" ("id", "student_id", "subject_id", "score", "month", "created_at") VALUES (1973, 482, 3, 5, '2026-02', '2026-04-06 07:37:45');
INSERT OR REPLACE INTO "ent_results" ("id", "student_id", "subject_id", "score", "month", "created_at") VALUES (1974, 482, 6, 20, '2026-02', '2026-04-06 07:37:45');
INSERT OR REPLACE INTO "ent_results" ("id", "student_id", "subject_id", "score", "month", "created_at") VALUES (1975, 482, 7, 14, '2026-02', '2026-04-06 07:37:45');
INSERT OR REPLACE INTO "ent_results" ("id", "student_id", "subject_id", "score", "month", "created_at") VALUES (1976, 483, 1, 7, '2025-09', '2026-04-06 07:37:45');
INSERT OR REPLACE INTO "ent_results" ("id", "student_id", "subject_id", "score", "month", "created_at") VALUES (1977, 483, 8, 6, '2025-09', '2026-04-06 07:37:45');
INSERT OR REPLACE INTO "ent_results" ("id", "student_id", "subject_id", "score", "month", "created_at") VALUES (1978, 483, 3, 3, '2025-09', '2026-04-06 07:37:45');
INSERT OR REPLACE INTO "ent_results" ("id", "student_id", "subject_id", "score", "month", "created_at") VALUES (1979, 483, 6, 15, '2025-09', '2026-04-06 07:37:45');
INSERT OR REPLACE INTO "ent_results" ("id", "student_id", "subject_id", "score", "month", "created_at") VALUES (1980, 483, 7, 14, '2025-09', '2026-04-06 07:37:45');
INSERT OR REPLACE INTO "ent_results" ("id", "student_id", "subject_id", "score", "month", "created_at") VALUES (1981, 483, 1, 10, '2025-10', '2026-04-06 07:37:45');
INSERT OR REPLACE INTO "ent_results" ("id", "student_id", "subject_id", "score", "month", "created_at") VALUES (1982, 483, 8, 8, '2025-10', '2026-04-06 07:37:45');
INSERT OR REPLACE INTO "ent_results" ("id", "student_id", "subject_id", "score", "month", "created_at") VALUES (1983, 483, 3, 4, '2025-10', '2026-04-06 07:37:45');
INSERT OR REPLACE INTO "ent_results" ("id", "student_id", "subject_id", "score", "month", "created_at") VALUES (1984, 483, 6, 16, '2025-10', '2026-04-06 07:37:45');
INSERT OR REPLACE INTO "ent_results" ("id", "student_id", "subject_id", "score", "month", "created_at") VALUES (1985, 483, 7, 11, '2025-10', '2026-04-06 07:37:45');
INSERT OR REPLACE INTO "ent_results" ("id", "student_id", "subject_id", "score", "month", "created_at") VALUES (1986, 483, 1, 10, '2025-12', '2026-04-06 07:37:45');
INSERT OR REPLACE INTO "ent_results" ("id", "student_id", "subject_id", "score", "month", "created_at") VALUES (1987, 483, 8, 8, '2025-12', '2026-04-06 07:37:45');
INSERT OR REPLACE INTO "ent_results" ("id", "student_id", "subject_id", "score", "month", "created_at") VALUES (1988, 483, 3, 6, '2025-12', '2026-04-06 07:37:45');
INSERT OR REPLACE INTO "ent_results" ("id", "student_id", "subject_id", "score", "month", "created_at") VALUES (1989, 483, 6, 32, '2025-12', '2026-04-06 07:37:45');
INSERT OR REPLACE INTO "ent_results" ("id", "student_id", "subject_id", "score", "month", "created_at") VALUES (1990, 483, 7, 20, '2025-12', '2026-04-06 07:37:45');
INSERT OR REPLACE INTO "ent_results" ("id", "student_id", "subject_id", "score", "month", "created_at") VALUES (1991, 483, 1, 12, '2026-01', '2026-04-06 07:37:45');
INSERT OR REPLACE INTO "ent_results" ("id", "student_id", "subject_id", "score", "month", "created_at") VALUES (1992, 483, 8, 10, '2026-01', '2026-04-06 07:37:45');
INSERT OR REPLACE INTO "ent_results" ("id", "student_id", "subject_id", "score", "month", "created_at") VALUES (1993, 483, 3, 7, '2026-01', '2026-04-06 07:37:45');
INSERT OR REPLACE INTO "ent_results" ("id", "student_id", "subject_id", "score", "month", "created_at") VALUES (1994, 483, 6, 35, '2026-01', '2026-04-06 07:37:45');
INSERT OR REPLACE INTO "ent_results" ("id", "student_id", "subject_id", "score", "month", "created_at") VALUES (1995, 483, 7, 22, '2026-01', '2026-04-06 07:37:45');
INSERT OR REPLACE INTO "ent_results" ("id", "student_id", "subject_id", "score", "month", "created_at") VALUES (1996, 483, 1, 9, '2026-02', '2026-04-06 07:37:45');
INSERT OR REPLACE INTO "ent_results" ("id", "student_id", "subject_id", "score", "month", "created_at") VALUES (1997, 483, 8, 8, '2026-02', '2026-04-06 07:37:45');
INSERT OR REPLACE INTO "ent_results" ("id", "student_id", "subject_id", "score", "month", "created_at") VALUES (1998, 483, 3, 4, '2026-02', '2026-04-06 07:37:45');
INSERT OR REPLACE INTO "ent_results" ("id", "student_id", "subject_id", "score", "month", "created_at") VALUES (1999, 483, 6, 32, '2026-02', '2026-04-06 07:37:45');
INSERT OR REPLACE INTO "ent_results" ("id", "student_id", "subject_id", "score", "month", "created_at") VALUES (2000, 483, 7, 23, '2026-02', '2026-04-06 07:37:45');
INSERT OR REPLACE INTO "ent_results" ("id", "student_id", "subject_id", "score", "month", "created_at") VALUES (2001, 484, 1, 8, '2025-09', '2026-04-06 07:37:45');
INSERT OR REPLACE INTO "ent_results" ("id", "student_id", "subject_id", "score", "month", "created_at") VALUES (2002, 484, 8, 7, '2025-09', '2026-04-06 07:37:45');
INSERT OR REPLACE INTO "ent_results" ("id", "student_id", "subject_id", "score", "month", "created_at") VALUES (2003, 484, 3, 5, '2025-09', '2026-04-06 07:37:45');
INSERT OR REPLACE INTO "ent_results" ("id", "student_id", "subject_id", "score", "month", "created_at") VALUES (2004, 484, 6, 13, '2025-09', '2026-04-06 07:37:45');
INSERT OR REPLACE INTO "ent_results" ("id", "student_id", "subject_id", "score", "month", "created_at") VALUES (2005, 484, 7, 12, '2025-09', '2026-04-06 07:37:45');
INSERT OR REPLACE INTO "ent_results" ("id", "student_id", "subject_id", "score", "month", "created_at") VALUES (2006, 484, 1, 5, '2025-10', '2026-04-06 07:37:45');
INSERT OR REPLACE INTO "ent_results" ("id", "student_id", "subject_id", "score", "month", "created_at") VALUES (2007, 484, 8, 9, '2025-10', '2026-04-06 07:37:45');
INSERT OR REPLACE INTO "ent_results" ("id", "student_id", "subject_id", "score", "month", "created_at") VALUES (2008, 484, 3, 7, '2025-10', '2026-04-06 07:37:45');
INSERT OR REPLACE INTO "ent_results" ("id", "student_id", "subject_id", "score", "month", "created_at") VALUES (2009, 484, 6, 27, '2025-10', '2026-04-06 07:37:45');
INSERT OR REPLACE INTO "ent_results" ("id", "student_id", "subject_id", "score", "month", "created_at") VALUES (2010, 484, 7, 24, '2025-10', '2026-04-06 07:37:45');
INSERT OR REPLACE INTO "ent_results" ("id", "student_id", "subject_id", "score", "month", "created_at") VALUES (2011, 484, 1, 13, '2025-11', '2026-04-06 07:37:45');
INSERT OR REPLACE INTO "ent_results" ("id", "student_id", "subject_id", "score", "month", "created_at") VALUES (2012, 484, 8, 8, '2025-11', '2026-04-06 07:37:45');
INSERT OR REPLACE INTO "ent_results" ("id", "student_id", "subject_id", "score", "month", "created_at") VALUES (2013, 484, 3, 9, '2025-11', '2026-04-06 07:37:45');
INSERT OR REPLACE INTO "ent_results" ("id", "student_id", "subject_id", "score", "month", "created_at") VALUES (2014, 484, 6, 25, '2025-11', '2026-04-06 07:37:45');
INSERT OR REPLACE INTO "ent_results" ("id", "student_id", "subject_id", "score", "month", "created_at") VALUES (2015, 484, 7, 21, '2025-11', '2026-04-06 07:37:45');
INSERT OR REPLACE INTO "ent_results" ("id", "student_id", "subject_id", "score", "month", "created_at") VALUES (2016, 484, 1, 13, '2025-12', '2026-04-06 07:37:45');
INSERT OR REPLACE INTO "ent_results" ("id", "student_id", "subject_id", "score", "month", "created_at") VALUES (2017, 484, 8, 9, '2025-12', '2026-04-06 07:37:45');
INSERT OR REPLACE INTO "ent_results" ("id", "student_id", "subject_id", "score", "month", "created_at") VALUES (2018, 484, 3, 5, '2025-12', '2026-04-06 07:37:45');
INSERT OR REPLACE INTO "ent_results" ("id", "student_id", "subject_id", "score", "month", "created_at") VALUES (2019, 484, 6, 30, '2025-12', '2026-04-06 07:37:45');
INSERT OR REPLACE INTO "ent_results" ("id", "student_id", "subject_id", "score", "month", "created_at") VALUES (2020, 484, 7, 35, '2025-12', '2026-04-06 07:37:45');
INSERT OR REPLACE INTO "ent_results" ("id", "student_id", "subject_id", "score", "month", "created_at") VALUES (2021, 484, 1, 10, '2026-01', '2026-04-06 07:37:45');
INSERT OR REPLACE INTO "ent_results" ("id", "student_id", "subject_id", "score", "month", "created_at") VALUES (2022, 484, 8, 10, '2026-01', '2026-04-06 07:37:45');
INSERT OR REPLACE INTO "ent_results" ("id", "student_id", "subject_id", "score", "month", "created_at") VALUES (2023, 484, 3, 9, '2026-01', '2026-04-06 07:37:45');
INSERT OR REPLACE INTO "ent_results" ("id", "student_id", "subject_id", "score", "month", "created_at") VALUES (2024, 484, 6, 27, '2026-01', '2026-04-06 07:37:45');
INSERT OR REPLACE INTO "ent_results" ("id", "student_id", "subject_id", "score", "month", "created_at") VALUES (2025, 484, 7, 30, '2026-01', '2026-04-06 07:37:45');
INSERT OR REPLACE INTO "ent_results" ("id", "student_id", "subject_id", "score", "month", "created_at") VALUES (2026, 484, 1, 7, '2026-02', '2026-04-06 07:37:45');
INSERT OR REPLACE INTO "ent_results" ("id", "student_id", "subject_id", "score", "month", "created_at") VALUES (2027, 484, 8, 10, '2026-02', '2026-04-06 07:37:45');
INSERT OR REPLACE INTO "ent_results" ("id", "student_id", "subject_id", "score", "month", "created_at") VALUES (2028, 484, 3, 4, '2026-02', '2026-04-06 07:37:45');
INSERT OR REPLACE INTO "ent_results" ("id", "student_id", "subject_id", "score", "month", "created_at") VALUES (2029, 484, 6, 20, '2026-02', '2026-04-06 07:37:45');
INSERT OR REPLACE INTO "ent_results" ("id", "student_id", "subject_id", "score", "month", "created_at") VALUES (2030, 484, 7, 24, '2026-02', '2026-04-06 07:37:45');
INSERT OR REPLACE INTO "ent_results" ("id", "student_id", "subject_id", "score", "month", "created_at") VALUES (2031, 485, 1, 10, '2026-02', '2026-04-06 07:37:45');
INSERT OR REPLACE INTO "ent_results" ("id", "student_id", "subject_id", "score", "month", "created_at") VALUES (2032, 485, 8, 9, '2026-02', '2026-04-06 07:37:45');
INSERT OR REPLACE INTO "ent_results" ("id", "student_id", "subject_id", "score", "month", "created_at") VALUES (2033, 485, 3, 9, '2026-02', '2026-04-06 07:37:45');
INSERT OR REPLACE INTO "ent_results" ("id", "student_id", "subject_id", "score", "month", "created_at") VALUES (2034, 485, 6, 36, '2026-02', '2026-04-06 07:37:45');
INSERT OR REPLACE INTO "ent_results" ("id", "student_id", "subject_id", "score", "month", "created_at") VALUES (2035, 485, 7, 22, '2026-02', '2026-04-06 07:37:45');
INSERT OR REPLACE INTO "ent_results" ("id", "student_id", "subject_id", "score", "month", "created_at") VALUES (2036, 486, 1, 7, '2025-10', '2026-04-06 07:37:45');
INSERT OR REPLACE INTO "ent_results" ("id", "student_id", "subject_id", "score", "month", "created_at") VALUES (2037, 486, 8, 7, '2025-10', '2026-04-06 07:37:45');
INSERT OR REPLACE INTO "ent_results" ("id", "student_id", "subject_id", "score", "month", "created_at") VALUES (2038, 486, 3, 2, '2025-10', '2026-04-06 07:37:45');
INSERT OR REPLACE INTO "ent_results" ("id", "student_id", "subject_id", "score", "month", "created_at") VALUES (2039, 486, 6, 25, '2025-10', '2026-04-06 07:37:45');
INSERT OR REPLACE INTO "ent_results" ("id", "student_id", "subject_id", "score", "month", "created_at") VALUES (2040, 486, 7, 13, '2025-10', '2026-04-06 07:37:45');
INSERT OR REPLACE INTO "ent_results" ("id", "student_id", "subject_id", "score", "month", "created_at") VALUES (2041, 487, 1, 7, '2025-10', '2026-04-06 07:37:45');
INSERT OR REPLACE INTO "ent_results" ("id", "student_id", "subject_id", "score", "month", "created_at") VALUES (2042, 487, 8, 6, '2025-10', '2026-04-06 07:37:45');
INSERT OR REPLACE INTO "ent_results" ("id", "student_id", "subject_id", "score", "month", "created_at") VALUES (2043, 487, 3, 2, '2025-10', '2026-04-06 07:37:45');
INSERT OR REPLACE INTO "ent_results" ("id", "student_id", "subject_id", "score", "month", "created_at") VALUES (2044, 487, 6, 15, '2025-10', '2026-04-06 07:37:45');
INSERT OR REPLACE INTO "ent_results" ("id", "student_id", "subject_id", "score", "month", "created_at") VALUES (2045, 487, 7, 8, '2025-10', '2026-04-06 07:37:45');
INSERT OR REPLACE INTO "ent_results" ("id", "student_id", "subject_id", "score", "month", "created_at") VALUES (2046, 488, 1, 8, '2025-10', '2026-04-06 07:37:45');
INSERT OR REPLACE INTO "ent_results" ("id", "student_id", "subject_id", "score", "month", "created_at") VALUES (2047, 488, 8, 10, '2025-10', '2026-04-06 07:37:45');
INSERT OR REPLACE INTO "ent_results" ("id", "student_id", "subject_id", "score", "month", "created_at") VALUES (2048, 488, 3, 4, '2025-10', '2026-04-06 07:37:45');
INSERT OR REPLACE INTO "ent_results" ("id", "student_id", "subject_id", "score", "month", "created_at") VALUES (2049, 488, 6, 25, '2025-10', '2026-04-06 07:37:45');
INSERT OR REPLACE INTO "ent_results" ("id", "student_id", "subject_id", "score", "month", "created_at") VALUES (2050, 488, 7, 13, '2025-10', '2026-04-06 07:37:45');
INSERT OR REPLACE INTO "ent_results" ("id", "student_id", "subject_id", "score", "month", "created_at") VALUES (2051, 490, 1, 11, '2025-11', '2026-04-06 07:37:45');
INSERT OR REPLACE INTO "ent_results" ("id", "student_id", "subject_id", "score", "month", "created_at") VALUES (2052, 490, 8, 6, '2025-11', '2026-04-06 07:37:45');
INSERT OR REPLACE INTO "ent_results" ("id", "student_id", "subject_id", "score", "month", "created_at") VALUES (2053, 490, 3, 4, '2025-11', '2026-04-06 07:37:45');
INSERT OR REPLACE INTO "ent_results" ("id", "student_id", "subject_id", "score", "month", "created_at") VALUES (2054, 490, 6, 25, '2025-11', '2026-04-06 07:37:45');
INSERT OR REPLACE INTO "ent_results" ("id", "student_id", "subject_id", "score", "month", "created_at") VALUES (2055, 490, 7, 25, '2025-11', '2026-04-06 07:37:45');
INSERT OR REPLACE INTO "ent_results" ("id", "student_id", "subject_id", "score", "month", "created_at") VALUES (2056, 490, 1, 13, '2025-12', '2026-04-06 07:37:45');
INSERT OR REPLACE INTO "ent_results" ("id", "student_id", "subject_id", "score", "month", "created_at") VALUES (2057, 490, 8, 8, '2025-12', '2026-04-06 07:37:45');
INSERT OR REPLACE INTO "ent_results" ("id", "student_id", "subject_id", "score", "month", "created_at") VALUES (2058, 490, 3, 9, '2025-12', '2026-04-06 07:37:45');
INSERT OR REPLACE INTO "ent_results" ("id", "student_id", "subject_id", "score", "month", "created_at") VALUES (2059, 490, 6, 24, '2025-12', '2026-04-06 07:37:45');
INSERT OR REPLACE INTO "ent_results" ("id", "student_id", "subject_id", "score", "month", "created_at") VALUES (2060, 490, 7, 24, '2025-12', '2026-04-06 07:37:45');
INSERT OR REPLACE INTO "ent_results" ("id", "student_id", "subject_id", "score", "month", "created_at") VALUES (2061, 490, 1, 12, '2026-01', '2026-04-06 07:37:45');
INSERT OR REPLACE INTO "ent_results" ("id", "student_id", "subject_id", "score", "month", "created_at") VALUES (2062, 490, 8, 8, '2026-01', '2026-04-06 07:37:45');
INSERT OR REPLACE INTO "ent_results" ("id", "student_id", "subject_id", "score", "month", "created_at") VALUES (2063, 490, 3, 9, '2026-01', '2026-04-06 07:37:45');
INSERT OR REPLACE INTO "ent_results" ("id", "student_id", "subject_id", "score", "month", "created_at") VALUES (2064, 490, 6, 27, '2026-01', '2026-04-06 07:37:45');
INSERT OR REPLACE INTO "ent_results" ("id", "student_id", "subject_id", "score", "month", "created_at") VALUES (2065, 490, 7, 26, '2026-01', '2026-04-06 07:37:45');
INSERT OR REPLACE INTO "ent_results" ("id", "student_id", "subject_id", "score", "month", "created_at") VALUES (2066, 490, 1, 15, '2026-02', '2026-04-06 07:37:45');
INSERT OR REPLACE INTO "ent_results" ("id", "student_id", "subject_id", "score", "month", "created_at") VALUES (2067, 490, 8, 6, '2026-02', '2026-04-06 07:37:45');
INSERT OR REPLACE INTO "ent_results" ("id", "student_id", "subject_id", "score", "month", "created_at") VALUES (2068, 490, 3, 6, '2026-02', '2026-04-06 07:37:45');
INSERT OR REPLACE INTO "ent_results" ("id", "student_id", "subject_id", "score", "month", "created_at") VALUES (2069, 490, 6, 19, '2026-02', '2026-04-06 07:37:45');
INSERT OR REPLACE INTO "ent_results" ("id", "student_id", "subject_id", "score", "month", "created_at") VALUES (2070, 490, 7, 22, '2026-02', '2026-04-06 07:37:45');
INSERT OR REPLACE INTO "ent_results" ("id", "student_id", "subject_id", "score", "month", "created_at") VALUES (2071, 491, 1, 13, '2025-11', '2026-04-06 07:37:45');
INSERT OR REPLACE INTO "ent_results" ("id", "student_id", "subject_id", "score", "month", "created_at") VALUES (2072, 491, 8, 9, '2025-11', '2026-04-06 07:37:45');
INSERT OR REPLACE INTO "ent_results" ("id", "student_id", "subject_id", "score", "month", "created_at") VALUES (2073, 491, 3, 5, '2025-11', '2026-04-06 07:37:45');
INSERT OR REPLACE INTO "ent_results" ("id", "student_id", "subject_id", "score", "month", "created_at") VALUES (2074, 491, 6, 17, '2025-11', '2026-04-06 07:37:45');
INSERT OR REPLACE INTO "ent_results" ("id", "student_id", "subject_id", "score", "month", "created_at") VALUES (2075, 491, 7, 7, '2025-11', '2026-04-06 07:37:45');
INSERT OR REPLACE INTO "ent_results" ("id", "student_id", "subject_id", "score", "month", "created_at") VALUES (2076, 491, 1, 11, '2025-12', '2026-04-06 07:37:45');
INSERT OR REPLACE INTO "ent_results" ("id", "student_id", "subject_id", "score", "month", "created_at") VALUES (2077, 491, 8, 9, '2025-12', '2026-04-06 07:37:45');
INSERT OR REPLACE INTO "ent_results" ("id", "student_id", "subject_id", "score", "month", "created_at") VALUES (2078, 491, 3, 6, '2025-12', '2026-04-06 07:37:45');
INSERT OR REPLACE INTO "ent_results" ("id", "student_id", "subject_id", "score", "month", "created_at") VALUES (2079, 491, 6, 28, '2025-12', '2026-04-06 07:37:45');
INSERT OR REPLACE INTO "ent_results" ("id", "student_id", "subject_id", "score", "month", "created_at") VALUES (2080, 491, 7, 19, '2025-12', '2026-04-06 07:37:45');
INSERT OR REPLACE INTO "ent_results" ("id", "student_id", "subject_id", "score", "month", "created_at") VALUES (2081, 491, 1, 12, '2026-01', '2026-04-06 07:37:45');
INSERT OR REPLACE INTO "ent_results" ("id", "student_id", "subject_id", "score", "month", "created_at") VALUES (2082, 491, 8, 10, '2026-01', '2026-04-06 07:37:45');
INSERT OR REPLACE INTO "ent_results" ("id", "student_id", "subject_id", "score", "month", "created_at") VALUES (2083, 491, 3, 7, '2026-01', '2026-04-06 07:37:45');
INSERT OR REPLACE INTO "ent_results" ("id", "student_id", "subject_id", "score", "month", "created_at") VALUES (2084, 491, 6, 28, '2026-01', '2026-04-06 07:37:45');
INSERT OR REPLACE INTO "ent_results" ("id", "student_id", "subject_id", "score", "month", "created_at") VALUES (2085, 491, 7, 17, '2026-01', '2026-04-06 07:37:45');
INSERT OR REPLACE INTO "ent_results" ("id", "student_id", "subject_id", "score", "month", "created_at") VALUES (2086, 492, 1, 10, '2025-11', '2026-04-06 07:37:45');
INSERT OR REPLACE INTO "ent_results" ("id", "student_id", "subject_id", "score", "month", "created_at") VALUES (2087, 492, 8, 6, '2025-11', '2026-04-06 07:37:45');
INSERT OR REPLACE INTO "ent_results" ("id", "student_id", "subject_id", "score", "month", "created_at") VALUES (2088, 492, 3, 4, '2025-11', '2026-04-06 07:37:45');
INSERT OR REPLACE INTO "ent_results" ("id", "student_id", "subject_id", "score", "month", "created_at") VALUES (2089, 492, 6, 20, '2025-11', '2026-04-06 07:37:45');
INSERT OR REPLACE INTO "ent_results" ("id", "student_id", "subject_id", "score", "month", "created_at") VALUES (2090, 492, 7, 14, '2025-11', '2026-04-06 07:37:45');
INSERT OR REPLACE INTO "ent_results" ("id", "student_id", "subject_id", "score", "month", "created_at") VALUES (2091, 493, 1, 12, '2025-11', '2026-04-06 07:37:45');
INSERT OR REPLACE INTO "ent_results" ("id", "student_id", "subject_id", "score", "month", "created_at") VALUES (2092, 493, 8, 6, '2025-11', '2026-04-06 07:37:45');
INSERT OR REPLACE INTO "ent_results" ("id", "student_id", "subject_id", "score", "month", "created_at") VALUES (2093, 493, 3, 6, '2025-11', '2026-04-06 07:37:45');
INSERT OR REPLACE INTO "ent_results" ("id", "student_id", "subject_id", "score", "month", "created_at") VALUES (2094, 493, 6, 20, '2025-11', '2026-04-06 07:37:45');
INSERT OR REPLACE INTO "ent_results" ("id", "student_id", "subject_id", "score", "month", "created_at") VALUES (2095, 493, 7, 19, '2025-11', '2026-04-06 07:37:45');
INSERT OR REPLACE INTO "ent_results" ("id", "student_id", "subject_id", "score", "month", "created_at") VALUES (2096, 493, 1, 10, '2025-12', '2026-04-06 07:37:45');
INSERT OR REPLACE INTO "ent_results" ("id", "student_id", "subject_id", "score", "month", "created_at") VALUES (2097, 493, 8, 9, '2025-12', '2026-04-06 07:37:45');
INSERT OR REPLACE INTO "ent_results" ("id", "student_id", "subject_id", "score", "month", "created_at") VALUES (2098, 493, 3, 3, '2025-12', '2026-04-06 07:37:45');
INSERT OR REPLACE INTO "ent_results" ("id", "student_id", "subject_id", "score", "month", "created_at") VALUES (2099, 493, 6, 24, '2025-12', '2026-04-06 07:37:45');
INSERT OR REPLACE INTO "ent_results" ("id", "student_id", "subject_id", "score", "month", "created_at") VALUES (2100, 493, 7, 13, '2025-12', '2026-04-06 07:37:45');
INSERT OR REPLACE INTO "ent_results" ("id", "student_id", "subject_id", "score", "month", "created_at") VALUES (2101, 493, 1, 11, '2026-01', '2026-04-06 07:37:45');
INSERT OR REPLACE INTO "ent_results" ("id", "student_id", "subject_id", "score", "month", "created_at") VALUES (2102, 493, 8, 9, '2026-01', '2026-04-06 07:37:45');
INSERT OR REPLACE INTO "ent_results" ("id", "student_id", "subject_id", "score", "month", "created_at") VALUES (2103, 493, 3, 5, '2026-01', '2026-04-06 07:37:45');
INSERT OR REPLACE INTO "ent_results" ("id", "student_id", "subject_id", "score", "month", "created_at") VALUES (2104, 493, 6, 31, '2026-01', '2026-04-06 07:37:45');
INSERT OR REPLACE INTO "ent_results" ("id", "student_id", "subject_id", "score", "month", "created_at") VALUES (2105, 493, 7, 25, '2026-01', '2026-04-06 07:37:45');
INSERT OR REPLACE INTO "ent_results" ("id", "student_id", "subject_id", "score", "month", "created_at") VALUES (2106, 493, 1, 7, '2026-02', '2026-04-06 07:37:45');
INSERT OR REPLACE INTO "ent_results" ("id", "student_id", "subject_id", "score", "month", "created_at") VALUES (2107, 493, 8, 10, '2026-02', '2026-04-06 07:37:45');
INSERT OR REPLACE INTO "ent_results" ("id", "student_id", "subject_id", "score", "month", "created_at") VALUES (2108, 493, 3, 4, '2026-02', '2026-04-06 07:37:45');
INSERT OR REPLACE INTO "ent_results" ("id", "student_id", "subject_id", "score", "month", "created_at") VALUES (2109, 493, 6, 29, '2026-02', '2026-04-06 07:37:45');
INSERT OR REPLACE INTO "ent_results" ("id", "student_id", "subject_id", "score", "month", "created_at") VALUES (2110, 493, 7, 17, '2026-02', '2026-04-06 07:37:45');
INSERT OR REPLACE INTO "ent_results" ("id", "student_id", "subject_id", "score", "month", "created_at") VALUES (2111, 494, 1, 8, '2025-12', '2026-04-06 07:37:45');
INSERT OR REPLACE INTO "ent_results" ("id", "student_id", "subject_id", "score", "month", "created_at") VALUES (2112, 494, 8, 7, '2025-12', '2026-04-06 07:37:45');
INSERT OR REPLACE INTO "ent_results" ("id", "student_id", "subject_id", "score", "month", "created_at") VALUES (2113, 494, 3, 8, '2025-12', '2026-04-06 07:37:45');
INSERT OR REPLACE INTO "ent_results" ("id", "student_id", "subject_id", "score", "month", "created_at") VALUES (2114, 494, 6, 23, '2025-12', '2026-04-06 07:37:45');
INSERT OR REPLACE INTO "ent_results" ("id", "student_id", "subject_id", "score", "month", "created_at") VALUES (2115, 494, 7, 10, '2025-12', '2026-04-06 07:37:45');
INSERT OR REPLACE INTO "ent_results" ("id", "student_id", "subject_id", "score", "month", "created_at") VALUES (2116, 494, 1, 9, '2026-01', '2026-04-06 07:37:45');
INSERT OR REPLACE INTO "ent_results" ("id", "student_id", "subject_id", "score", "month", "created_at") VALUES (2117, 494, 8, 6, '2026-01', '2026-04-06 07:37:45');
INSERT OR REPLACE INTO "ent_results" ("id", "student_id", "subject_id", "score", "month", "created_at") VALUES (2118, 494, 3, 3, '2026-01', '2026-04-06 07:37:45');
INSERT OR REPLACE INTO "ent_results" ("id", "student_id", "subject_id", "score", "month", "created_at") VALUES (2119, 494, 6, 27, '2026-01', '2026-04-06 07:37:45');
INSERT OR REPLACE INTO "ent_results" ("id", "student_id", "subject_id", "score", "month", "created_at") VALUES (2120, 494, 7, 17, '2026-01', '2026-04-06 07:37:45');
INSERT OR REPLACE INTO "ent_results" ("id", "student_id", "subject_id", "score", "month", "created_at") VALUES (2121, 494, 1, 7, '2026-02', '2026-04-06 07:37:45');
INSERT OR REPLACE INTO "ent_results" ("id", "student_id", "subject_id", "score", "month", "created_at") VALUES (2122, 494, 8, 8, '2026-02', '2026-04-06 07:37:45');
INSERT OR REPLACE INTO "ent_results" ("id", "student_id", "subject_id", "score", "month", "created_at") VALUES (2123, 494, 3, 6, '2026-02', '2026-04-06 07:37:45');
INSERT OR REPLACE INTO "ent_results" ("id", "student_id", "subject_id", "score", "month", "created_at") VALUES (2124, 494, 6, 22, '2026-02', '2026-04-06 07:37:45');
INSERT OR REPLACE INTO "ent_results" ("id", "student_id", "subject_id", "score", "month", "created_at") VALUES (2125, 494, 7, 18, '2026-02', '2026-04-06 07:37:45');
INSERT OR REPLACE INTO "ent_results" ("id", "student_id", "subject_id", "score", "month", "created_at") VALUES (2126, 495, 1, 18, '2025-12', '2026-04-06 07:37:45');
INSERT OR REPLACE INTO "ent_results" ("id", "student_id", "subject_id", "score", "month", "created_at") VALUES (2127, 495, 8, 7, '2025-12', '2026-04-06 07:37:45');
INSERT OR REPLACE INTO "ent_results" ("id", "student_id", "subject_id", "score", "month", "created_at") VALUES (2128, 495, 3, 7, '2025-12', '2026-04-06 07:37:45');
INSERT OR REPLACE INTO "ent_results" ("id", "student_id", "subject_id", "score", "month", "created_at") VALUES (2129, 495, 6, 32, '2025-12', '2026-04-06 07:37:45');
INSERT OR REPLACE INTO "ent_results" ("id", "student_id", "subject_id", "score", "month", "created_at") VALUES (2130, 495, 7, 21, '2025-12', '2026-04-06 07:37:45');
INSERT OR REPLACE INTO "ent_results" ("id", "student_id", "subject_id", "score", "month", "created_at") VALUES (2131, 495, 1, 7, '2026-01', '2026-04-06 07:37:45');
INSERT OR REPLACE INTO "ent_results" ("id", "student_id", "subject_id", "score", "month", "created_at") VALUES (2132, 495, 8, 7, '2026-01', '2026-04-06 07:37:45');
INSERT OR REPLACE INTO "ent_results" ("id", "student_id", "subject_id", "score", "month", "created_at") VALUES (2133, 495, 3, 8, '2026-01', '2026-04-06 07:37:45');
INSERT OR REPLACE INTO "ent_results" ("id", "student_id", "subject_id", "score", "month", "created_at") VALUES (2134, 495, 6, 27, '2026-01', '2026-04-06 07:37:45');
INSERT OR REPLACE INTO "ent_results" ("id", "student_id", "subject_id", "score", "month", "created_at") VALUES (2135, 495, 7, 16, '2026-01', '2026-04-06 07:37:45');
INSERT OR REPLACE INTO "ent_results" ("id", "student_id", "subject_id", "score", "month", "created_at") VALUES (2136, 495, 1, 7, '2026-02', '2026-04-06 07:37:45');
INSERT OR REPLACE INTO "ent_results" ("id", "student_id", "subject_id", "score", "month", "created_at") VALUES (2137, 495, 8, 8, '2026-02', '2026-04-06 07:37:45');
INSERT OR REPLACE INTO "ent_results" ("id", "student_id", "subject_id", "score", "month", "created_at") VALUES (2138, 495, 3, 3, '2026-02', '2026-04-06 07:37:45');
INSERT OR REPLACE INTO "ent_results" ("id", "student_id", "subject_id", "score", "month", "created_at") VALUES (2139, 495, 6, 24, '2026-02', '2026-04-06 07:37:45');
INSERT OR REPLACE INTO "ent_results" ("id", "student_id", "subject_id", "score", "month", "created_at") VALUES (2140, 495, 7, 19, '2026-02', '2026-04-06 07:37:45');
INSERT OR REPLACE INTO "ent_results" ("id", "student_id", "subject_id", "score", "month", "created_at") VALUES (2141, 496, 1, 3, '2025-11', '2026-04-06 07:37:45');
INSERT OR REPLACE INTO "ent_results" ("id", "student_id", "subject_id", "score", "month", "created_at") VALUES (2142, 496, 8, 6, '2025-11', '2026-04-06 07:37:45');
INSERT OR REPLACE INTO "ent_results" ("id", "student_id", "subject_id", "score", "month", "created_at") VALUES (2143, 496, 3, 8, '2025-11', '2026-04-06 07:37:45');
INSERT OR REPLACE INTO "ent_results" ("id", "student_id", "subject_id", "score", "month", "created_at") VALUES (2144, 496, 2, 18, '2025-11', '2026-04-06 07:37:45');
INSERT OR REPLACE INTO "ent_results" ("id", "student_id", "subject_id", "score", "month", "created_at") VALUES (2145, 496, 4, 25, '2025-11', '2026-04-06 07:37:45');
INSERT OR REPLACE INTO "ent_results" ("id", "student_id", "subject_id", "score", "month", "created_at") VALUES (2146, 496, 1, 13, '2025-12', '2026-04-06 07:37:45');
INSERT OR REPLACE INTO "ent_results" ("id", "student_id", "subject_id", "score", "month", "created_at") VALUES (2147, 496, 8, 5, '2025-12', '2026-04-06 07:37:45');
INSERT OR REPLACE INTO "ent_results" ("id", "student_id", "subject_id", "score", "month", "created_at") VALUES (2148, 496, 3, 6, '2025-12', '2026-04-06 07:37:45');
INSERT OR REPLACE INTO "ent_results" ("id", "student_id", "subject_id", "score", "month", "created_at") VALUES (2149, 496, 2, 26, '2025-12', '2026-04-06 07:37:45');
INSERT OR REPLACE INTO "ent_results" ("id", "student_id", "subject_id", "score", "month", "created_at") VALUES (2150, 496, 4, 29, '2025-12', '2026-04-06 07:37:45');
INSERT OR REPLACE INTO "ent_results" ("id", "student_id", "subject_id", "score", "month", "created_at") VALUES (2151, 496, 1, 12, '2026-01', '2026-04-06 07:37:45');
INSERT OR REPLACE INTO "ent_results" ("id", "student_id", "subject_id", "score", "month", "created_at") VALUES (2152, 496, 8, 7, '2026-01', '2026-04-06 07:37:45');
INSERT OR REPLACE INTO "ent_results" ("id", "student_id", "subject_id", "score", "month", "created_at") VALUES (2153, 496, 3, 6, '2026-01', '2026-04-06 07:37:45');
INSERT OR REPLACE INTO "ent_results" ("id", "student_id", "subject_id", "score", "month", "created_at") VALUES (2154, 496, 2, 25, '2026-01', '2026-04-06 07:37:45');
INSERT OR REPLACE INTO "ent_results" ("id", "student_id", "subject_id", "score", "month", "created_at") VALUES (2155, 496, 4, 23, '2026-01', '2026-04-06 07:37:45');
INSERT OR REPLACE INTO "ent_results" ("id", "student_id", "subject_id", "score", "month", "created_at") VALUES (2156, 496, 1, 6, '2026-02', '2026-04-06 07:37:45');
INSERT OR REPLACE INTO "ent_results" ("id", "student_id", "subject_id", "score", "month", "created_at") VALUES (2157, 496, 8, 8, '2026-02', '2026-04-06 07:37:45');
INSERT OR REPLACE INTO "ent_results" ("id", "student_id", "subject_id", "score", "month", "created_at") VALUES (2158, 496, 3, 4, '2026-02', '2026-04-06 07:37:45');
INSERT OR REPLACE INTO "ent_results" ("id", "student_id", "subject_id", "score", "month", "created_at") VALUES (2159, 496, 2, 17, '2026-02', '2026-04-06 07:37:45');
INSERT OR REPLACE INTO "ent_results" ("id", "student_id", "subject_id", "score", "month", "created_at") VALUES (2160, 496, 4, 33, '2026-02', '2026-04-06 07:37:45');
INSERT OR REPLACE INTO "ent_results" ("id", "student_id", "subject_id", "score", "month", "created_at") VALUES (2161, 497, 1, 9, '2025-11', '2026-04-06 07:37:45');
INSERT OR REPLACE INTO "ent_results" ("id", "student_id", "subject_id", "score", "month", "created_at") VALUES (2162, 497, 8, 6, '2025-11', '2026-04-06 07:37:45');
INSERT OR REPLACE INTO "ent_results" ("id", "student_id", "subject_id", "score", "month", "created_at") VALUES (2163, 497, 3, 5, '2025-11', '2026-04-06 07:37:45');
INSERT OR REPLACE INTO "ent_results" ("id", "student_id", "subject_id", "score", "month", "created_at") VALUES (2164, 497, 2, 17, '2025-11', '2026-04-06 07:37:45');
INSERT OR REPLACE INTO "ent_results" ("id", "student_id", "subject_id", "score", "month", "created_at") VALUES (2165, 497, 4, 18, '2025-11', '2026-04-06 07:37:45');
INSERT OR REPLACE INTO "ent_results" ("id", "student_id", "subject_id", "score", "month", "created_at") VALUES (2166, 497, 1, 9, '2025-12', '2026-04-06 07:37:45');
INSERT OR REPLACE INTO "ent_results" ("id", "student_id", "subject_id", "score", "month", "created_at") VALUES (2167, 497, 8, 9, '2025-12', '2026-04-06 07:37:45');
INSERT OR REPLACE INTO "ent_results" ("id", "student_id", "subject_id", "score", "month", "created_at") VALUES (2168, 497, 3, 7, '2025-12', '2026-04-06 07:37:45');
INSERT OR REPLACE INTO "ent_results" ("id", "student_id", "subject_id", "score", "month", "created_at") VALUES (2169, 497, 2, 20, '2025-12', '2026-04-06 07:37:45');
INSERT OR REPLACE INTO "ent_results" ("id", "student_id", "subject_id", "score", "month", "created_at") VALUES (2170, 497, 4, 28, '2025-12', '2026-04-06 07:37:45');
INSERT OR REPLACE INTO "ent_results" ("id", "student_id", "subject_id", "score", "month", "created_at") VALUES (2171, 497, 1, 10, '2026-01', '2026-04-06 07:37:45');
INSERT OR REPLACE INTO "ent_results" ("id", "student_id", "subject_id", "score", "month", "created_at") VALUES (2172, 497, 8, 8, '2026-01', '2026-04-06 07:37:45');
INSERT OR REPLACE INTO "ent_results" ("id", "student_id", "subject_id", "score", "month", "created_at") VALUES (2173, 497, 3, 7, '2026-01', '2026-04-06 07:37:45');
INSERT OR REPLACE INTO "ent_results" ("id", "student_id", "subject_id", "score", "month", "created_at") VALUES (2174, 497, 2, 24, '2026-01', '2026-04-06 07:37:45');
INSERT OR REPLACE INTO "ent_results" ("id", "student_id", "subject_id", "score", "month", "created_at") VALUES (2175, 497, 4, 21, '2026-01', '2026-04-06 07:37:45');
INSERT OR REPLACE INTO "ent_results" ("id", "student_id", "subject_id", "score", "month", "created_at") VALUES (2176, 497, 1, 15, '2026-02', '2026-04-06 07:37:45');
INSERT OR REPLACE INTO "ent_results" ("id", "student_id", "subject_id", "score", "month", "created_at") VALUES (2177, 497, 8, 10, '2026-02', '2026-04-06 07:37:45');
INSERT OR REPLACE INTO "ent_results" ("id", "student_id", "subject_id", "score", "month", "created_at") VALUES (2178, 497, 3, 8, '2026-02', '2026-04-06 07:37:45');
INSERT OR REPLACE INTO "ent_results" ("id", "student_id", "subject_id", "score", "month", "created_at") VALUES (2179, 497, 2, 26, '2026-02', '2026-04-06 07:37:45');
INSERT OR REPLACE INTO "ent_results" ("id", "student_id", "subject_id", "score", "month", "created_at") VALUES (2180, 497, 4, 30, '2026-02', '2026-04-06 07:37:45');
INSERT OR REPLACE INTO "ent_results" ("id", "student_id", "subject_id", "score", "month", "created_at") VALUES (2181, 498, 1, 9, '2025-11', '2026-04-06 07:37:45');
INSERT OR REPLACE INTO "ent_results" ("id", "student_id", "subject_id", "score", "month", "created_at") VALUES (2182, 498, 8, 6, '2025-11', '2026-04-06 07:37:45');
INSERT OR REPLACE INTO "ent_results" ("id", "student_id", "subject_id", "score", "month", "created_at") VALUES (2183, 498, 3, 2, '2025-11', '2026-04-06 07:37:45');
INSERT OR REPLACE INTO "ent_results" ("id", "student_id", "subject_id", "score", "month", "created_at") VALUES (2184, 498, 2, 17, '2025-11', '2026-04-06 07:37:45');
INSERT OR REPLACE INTO "ent_results" ("id", "student_id", "subject_id", "score", "month", "created_at") VALUES (2185, 498, 4, 18, '2025-11', '2026-04-06 07:37:45');
INSERT OR REPLACE INTO "ent_results" ("id", "student_id", "subject_id", "score", "month", "created_at") VALUES (2186, 498, 1, 14, '2025-12', '2026-04-06 07:37:45');
INSERT OR REPLACE INTO "ent_results" ("id", "student_id", "subject_id", "score", "month", "created_at") VALUES (2187, 498, 8, 8, '2025-12', '2026-04-06 07:37:45');
INSERT OR REPLACE INTO "ent_results" ("id", "student_id", "subject_id", "score", "month", "created_at") VALUES (2188, 498, 3, 6, '2025-12', '2026-04-06 07:37:45');
INSERT OR REPLACE INTO "ent_results" ("id", "student_id", "subject_id", "score", "month", "created_at") VALUES (2189, 498, 2, 20, '2025-12', '2026-04-06 07:37:45');
INSERT OR REPLACE INTO "ent_results" ("id", "student_id", "subject_id", "score", "month", "created_at") VALUES (2190, 498, 4, 19, '2025-12', '2026-04-06 07:37:45');
INSERT OR REPLACE INTO "ent_results" ("id", "student_id", "subject_id", "score", "month", "created_at") VALUES (2191, 498, 1, 10, '2026-01', '2026-04-06 07:37:45');
INSERT OR REPLACE INTO "ent_results" ("id", "student_id", "subject_id", "score", "month", "created_at") VALUES (2192, 498, 8, 8, '2026-01', '2026-04-06 07:37:45');
INSERT OR REPLACE INTO "ent_results" ("id", "student_id", "subject_id", "score", "month", "created_at") VALUES (2193, 498, 3, 6, '2026-01', '2026-04-06 07:37:45');
INSERT OR REPLACE INTO "ent_results" ("id", "student_id", "subject_id", "score", "month", "created_at") VALUES (2194, 498, 2, 12, '2026-01', '2026-04-06 07:37:45');
INSERT OR REPLACE INTO "ent_results" ("id", "student_id", "subject_id", "score", "month", "created_at") VALUES (2195, 498, 4, 20, '2026-01', '2026-04-06 07:37:45');
INSERT OR REPLACE INTO "ent_results" ("id", "student_id", "subject_id", "score", "month", "created_at") VALUES (2196, 498, 1, 7, '2026-02', '2026-04-06 07:37:45');
INSERT OR REPLACE INTO "ent_results" ("id", "student_id", "subject_id", "score", "month", "created_at") VALUES (2197, 498, 8, 9, '2026-02', '2026-04-06 07:37:45');
INSERT OR REPLACE INTO "ent_results" ("id", "student_id", "subject_id", "score", "month", "created_at") VALUES (2198, 498, 3, 3, '2026-02', '2026-04-06 07:37:45');
INSERT OR REPLACE INTO "ent_results" ("id", "student_id", "subject_id", "score", "month", "created_at") VALUES (2199, 498, 2, 18, '2026-02', '2026-04-06 07:37:45');
INSERT OR REPLACE INTO "ent_results" ("id", "student_id", "subject_id", "score", "month", "created_at") VALUES (2200, 498, 4, 27, '2026-02', '2026-04-06 07:37:45');
INSERT OR REPLACE INTO "ent_results" ("id", "student_id", "subject_id", "score", "month", "created_at") VALUES (2201, 499, 1, 13, '2025-11', '2026-04-06 07:37:45');
INSERT OR REPLACE INTO "ent_results" ("id", "student_id", "subject_id", "score", "month", "created_at") VALUES (2202, 499, 8, 5, '2025-11', '2026-04-06 07:37:45');
INSERT OR REPLACE INTO "ent_results" ("id", "student_id", "subject_id", "score", "month", "created_at") VALUES (2203, 499, 3, 6, '2025-11', '2026-04-06 07:37:45');
INSERT OR REPLACE INTO "ent_results" ("id", "student_id", "subject_id", "score", "month", "created_at") VALUES (2204, 499, 2, 13, '2025-11', '2026-04-06 07:37:45');
INSERT OR REPLACE INTO "ent_results" ("id", "student_id", "subject_id", "score", "month", "created_at") VALUES (2205, 499, 4, 22, '2025-11', '2026-04-06 07:37:45');
INSERT OR REPLACE INTO "ent_results" ("id", "student_id", "subject_id", "score", "month", "created_at") VALUES (2206, 499, 1, 10, '2025-12', '2026-04-06 07:37:45');
INSERT OR REPLACE INTO "ent_results" ("id", "student_id", "subject_id", "score", "month", "created_at") VALUES (2207, 499, 8, 8, '2025-12', '2026-04-06 07:37:45');
INSERT OR REPLACE INTO "ent_results" ("id", "student_id", "subject_id", "score", "month", "created_at") VALUES (2208, 499, 3, 5, '2025-12', '2026-04-06 07:37:45');
INSERT OR REPLACE INTO "ent_results" ("id", "student_id", "subject_id", "score", "month", "created_at") VALUES (2209, 499, 2, 14, '2025-12', '2026-04-06 07:37:45');
INSERT OR REPLACE INTO "ent_results" ("id", "student_id", "subject_id", "score", "month", "created_at") VALUES (2210, 499, 4, 18, '2025-12', '2026-04-06 07:37:45');
INSERT OR REPLACE INTO "ent_results" ("id", "student_id", "subject_id", "score", "month", "created_at") VALUES (2211, 499, 1, 9, '2026-01', '2026-04-06 07:37:45');
INSERT OR REPLACE INTO "ent_results" ("id", "student_id", "subject_id", "score", "month", "created_at") VALUES (2212, 499, 8, 8, '2026-01', '2026-04-06 07:37:45');
INSERT OR REPLACE INTO "ent_results" ("id", "student_id", "subject_id", "score", "month", "created_at") VALUES (2213, 499, 3, 5, '2026-01', '2026-04-06 07:37:45');
INSERT OR REPLACE INTO "ent_results" ("id", "student_id", "subject_id", "score", "month", "created_at") VALUES (2214, 499, 2, 15, '2026-01', '2026-04-06 07:37:45');
INSERT OR REPLACE INTO "ent_results" ("id", "student_id", "subject_id", "score", "month", "created_at") VALUES (2215, 499, 4, 29, '2026-01', '2026-04-06 07:37:45');
INSERT OR REPLACE INTO "ent_results" ("id", "student_id", "subject_id", "score", "month", "created_at") VALUES (2216, 499, 1, 6, '2026-02', '2026-04-06 07:37:45');
INSERT OR REPLACE INTO "ent_results" ("id", "student_id", "subject_id", "score", "month", "created_at") VALUES (2217, 499, 8, 9, '2026-02', '2026-04-06 07:37:45');
INSERT OR REPLACE INTO "ent_results" ("id", "student_id", "subject_id", "score", "month", "created_at") VALUES (2218, 499, 3, 5, '2026-02', '2026-04-06 07:37:45');
INSERT OR REPLACE INTO "ent_results" ("id", "student_id", "subject_id", "score", "month", "created_at") VALUES (2219, 499, 2, 18, '2026-02', '2026-04-06 07:37:45');
INSERT OR REPLACE INTO "ent_results" ("id", "student_id", "subject_id", "score", "month", "created_at") VALUES (2220, 499, 4, 16, '2026-02', '2026-04-06 07:37:45');
INSERT OR REPLACE INTO "ent_results" ("id", "student_id", "subject_id", "score", "month", "created_at") VALUES (2221, 500, 1, 7, '2026-01', '2026-04-06 07:37:45');
INSERT OR REPLACE INTO "ent_results" ("id", "student_id", "subject_id", "score", "month", "created_at") VALUES (2222, 500, 8, 9, '2026-01', '2026-04-06 07:37:45');
INSERT OR REPLACE INTO "ent_results" ("id", "student_id", "subject_id", "score", "month", "created_at") VALUES (2223, 500, 3, 9, '2026-01', '2026-04-06 07:37:45');
INSERT OR REPLACE INTO "ent_results" ("id", "student_id", "subject_id", "score", "month", "created_at") VALUES (2224, 500, 2, 28, '2026-01', '2026-04-06 07:37:45');
INSERT OR REPLACE INTO "ent_results" ("id", "student_id", "subject_id", "score", "month", "created_at") VALUES (2225, 500, 4, 18, '2026-01', '2026-04-06 07:37:45');
INSERT OR REPLACE INTO "ent_results" ("id", "student_id", "subject_id", "score", "month", "created_at") VALUES (2226, 501, 1, 10, '2025-12', '2026-04-06 07:37:45');
INSERT OR REPLACE INTO "ent_results" ("id", "student_id", "subject_id", "score", "month", "created_at") VALUES (2227, 501, 8, 7, '2025-12', '2026-04-06 07:37:45');
INSERT OR REPLACE INTO "ent_results" ("id", "student_id", "subject_id", "score", "month", "created_at") VALUES (2228, 501, 3, 3, '2025-12', '2026-04-06 07:37:45');
INSERT OR REPLACE INTO "ent_results" ("id", "student_id", "subject_id", "score", "month", "created_at") VALUES (2229, 501, 2, 14, '2025-12', '2026-04-06 07:37:45');
INSERT OR REPLACE INTO "ent_results" ("id", "student_id", "subject_id", "score", "month", "created_at") VALUES (2230, 501, 4, 21, '2025-12', '2026-04-06 07:37:45');
INSERT OR REPLACE INTO "ent_results" ("id", "student_id", "subject_id", "score", "month", "created_at") VALUES (2231, 501, 1, 10, '2026-01', '2026-04-06 07:37:45');
INSERT OR REPLACE INTO "ent_results" ("id", "student_id", "subject_id", "score", "month", "created_at") VALUES (2232, 501, 8, 6, '2026-01', '2026-04-06 07:37:45');
INSERT OR REPLACE INTO "ent_results" ("id", "student_id", "subject_id", "score", "month", "created_at") VALUES (2233, 501, 3, 4, '2026-01', '2026-04-06 07:37:45');
INSERT OR REPLACE INTO "ent_results" ("id", "student_id", "subject_id", "score", "month", "created_at") VALUES (2234, 501, 2, 15, '2026-01', '2026-04-06 07:37:45');
INSERT OR REPLACE INTO "ent_results" ("id", "student_id", "subject_id", "score", "month", "created_at") VALUES (2235, 501, 4, 16, '2026-01', '2026-04-06 07:37:45');
INSERT OR REPLACE INTO "ent_results" ("id", "student_id", "subject_id", "score", "month", "created_at") VALUES (2236, 502, 1, 10, '2026-01', '2026-04-06 07:37:45');
INSERT OR REPLACE INTO "ent_results" ("id", "student_id", "subject_id", "score", "month", "created_at") VALUES (2237, 502, 8, 9, '2026-01', '2026-04-06 07:37:45');
INSERT OR REPLACE INTO "ent_results" ("id", "student_id", "subject_id", "score", "month", "created_at") VALUES (2238, 502, 3, 3, '2026-01', '2026-04-06 07:37:45');
INSERT OR REPLACE INTO "ent_results" ("id", "student_id", "subject_id", "score", "month", "created_at") VALUES (2239, 502, 2, 14, '2026-01', '2026-04-06 07:37:45');
INSERT OR REPLACE INTO "ent_results" ("id", "student_id", "subject_id", "score", "month", "created_at") VALUES (2240, 502, 4, 16, '2026-01', '2026-04-06 07:37:45');
INSERT OR REPLACE INTO "ent_results" ("id", "student_id", "subject_id", "score", "month", "created_at") VALUES (2241, 502, 1, 10, '2026-02', '2026-04-06 07:37:45');
INSERT OR REPLACE INTO "ent_results" ("id", "student_id", "subject_id", "score", "month", "created_at") VALUES (2242, 502, 8, 7, '2026-02', '2026-04-06 07:37:45');
INSERT OR REPLACE INTO "ent_results" ("id", "student_id", "subject_id", "score", "month", "created_at") VALUES (2243, 502, 3, 4, '2026-02', '2026-04-06 07:37:45');
INSERT OR REPLACE INTO "ent_results" ("id", "student_id", "subject_id", "score", "month", "created_at") VALUES (2244, 502, 2, 24, '2026-02', '2026-04-06 07:37:45');
INSERT OR REPLACE INTO "ent_results" ("id", "student_id", "subject_id", "score", "month", "created_at") VALUES (2245, 502, 4, 19, '2026-02', '2026-04-06 07:37:45');
INSERT OR REPLACE INTO "ent_results" ("id", "student_id", "subject_id", "score", "month", "created_at") VALUES (2246, 503, 1, 7, '2026-02', '2026-04-06 07:37:45');
INSERT OR REPLACE INTO "ent_results" ("id", "student_id", "subject_id", "score", "month", "created_at") VALUES (2247, 503, 8, 8, '2026-02', '2026-04-06 07:37:45');
INSERT OR REPLACE INTO "ent_results" ("id", "student_id", "subject_id", "score", "month", "created_at") VALUES (2248, 503, 3, 1, '2026-02', '2026-04-06 07:37:45');
INSERT OR REPLACE INTO "ent_results" ("id", "student_id", "subject_id", "score", "month", "created_at") VALUES (2249, 503, 2, 20, '2026-02', '2026-04-06 07:37:45');
INSERT OR REPLACE INTO "ent_results" ("id", "student_id", "subject_id", "score", "month", "created_at") VALUES (2250, 503, 4, 26, '2026-02', '2026-04-06 07:37:45');
INSERT OR REPLACE INTO "ent_results" ("id", "student_id", "subject_id", "score", "month", "created_at") VALUES (2251, 504, 1, 7, '2026-02', '2026-04-06 07:37:45');
INSERT OR REPLACE INTO "ent_results" ("id", "student_id", "subject_id", "score", "month", "created_at") VALUES (2252, 504, 8, 9, '2026-02', '2026-04-06 07:37:45');
INSERT OR REPLACE INTO "ent_results" ("id", "student_id", "subject_id", "score", "month", "created_at") VALUES (2253, 504, 3, 9, '2026-02', '2026-04-06 07:37:45');
INSERT OR REPLACE INTO "ent_results" ("id", "student_id", "subject_id", "score", "month", "created_at") VALUES (2254, 504, 2, 30, '2026-02', '2026-04-06 07:37:45');
INSERT OR REPLACE INTO "ent_results" ("id", "student_id", "subject_id", "score", "month", "created_at") VALUES (2255, 504, 4, 34, '2026-02', '2026-04-06 07:37:45');
INSERT OR REPLACE INTO "ent_results" ("id", "student_id", "subject_id", "score", "month", "created_at") VALUES (2257, 432, 1, 15, '1000-03', '2026-04-06 09:23:19');
INSERT OR REPLACE INTO "ent_results" ("id", "student_id", "subject_id", "score", "month", "created_at") VALUES (2258, 434, 1, 1, '1000-03', '2026-04-06 09:31:49');
INSERT OR REPLACE INTO "ent_results" ("id", "student_id", "subject_id", "score", "month", "created_at") VALUES (2259, 434, 8, 1, '1000-03', '2026-04-06 09:31:49');
INSERT OR REPLACE INTO "ent_results" ("id", "student_id", "subject_id", "score", "month", "created_at") VALUES (2260, 434, 3, 1, '1000-03', '2026-04-06 09:31:49');
INSERT OR REPLACE INTO "ent_results" ("id", "student_id", "subject_id", "score", "month", "created_at") VALUES (2261, 434, 2, 1, '1000-03', '2026-04-06 09:31:49');
INSERT OR REPLACE INTO "ent_results" ("id", "student_id", "subject_id", "score", "month", "created_at") VALUES (2262, 434, 4, 1, '1000-03', '2026-04-06 09:31:49');
INSERT OR REPLACE INTO "ent_results" ("id", "student_id", "subject_id", "score", "month", "created_at") VALUES (2263, 420, 1, 15, '2026-05', '2026-04-06 09:47:41');
INSERT OR REPLACE INTO "ent_results" ("id", "student_id", "subject_id", "score", "month", "created_at") VALUES (2264, 420, 8, 8, '2026-05', '2026-04-06 09:47:41');
INSERT OR REPLACE INTO "ent_results" ("id", "student_id", "subject_id", "score", "month", "created_at") VALUES (2265, 420, 3, 7, '2026-05', '2026-04-06 09:47:41');
INSERT OR REPLACE INTO "ent_results" ("id", "student_id", "subject_id", "score", "month", "created_at") VALUES (2266, 420, 2, 42, '2026-05', '2026-04-06 09:47:41');
INSERT OR REPLACE INTO "ent_results" ("id", "student_id", "subject_id", "score", "month", "created_at") VALUES (2267, 420, 4, 38, '2026-05', '2026-04-06 09:47:41');
INSERT OR REPLACE INTO "ent_results" ("id", "student_id", "subject_id", "score", "month", "created_at") VALUES (2268, 430, 1, 12, '2026-05', '2026-04-06 09:47:41');
INSERT OR REPLACE INTO "ent_results" ("id", "student_id", "subject_id", "score", "month", "created_at") VALUES (2269, 430, 8, 6, '2026-05', '2026-04-06 09:47:41');
INSERT OR REPLACE INTO "ent_results" ("id", "student_id", "subject_id", "score", "month", "created_at") VALUES (2270, 430, 3, 5, '2026-05', '2026-04-06 09:47:41');
INSERT OR REPLACE INTO "ent_results" ("id", "student_id", "subject_id", "score", "month", "created_at") VALUES (2271, 430, 2, 15, '2026-05', '2026-04-06 09:47:41');
INSERT OR REPLACE INTO "ent_results" ("id", "student_id", "subject_id", "score", "month", "created_at") VALUES (2272, 430, 4, 28, '2026-05', '2026-04-06 09:47:41');
INSERT OR REPLACE INTO "ent_results" ("id", "student_id", "subject_id", "score", "month", "created_at") VALUES (2273, 433, 1, 10, '1000-03', '2026-04-06 12:15:29');
INSERT OR REPLACE INTO "ent_results" ("id", "student_id", "subject_id", "score", "month", "created_at") VALUES (2274, 433, 8, 10, '1000-03', '2026-04-06 12:15:29');
INSERT OR REPLACE INTO "ent_results" ("id", "student_id", "subject_id", "score", "month", "created_at") VALUES (2275, 433, 3, 10, '1000-03', '2026-04-06 12:15:29');
INSERT OR REPLACE INTO "ent_results" ("id", "student_id", "subject_id", "score", "month", "created_at") VALUES (2276, 433, 2, 40, '1000-03', '2026-04-06 12:15:29');
INSERT OR REPLACE INTO "ent_results" ("id", "student_id", "subject_id", "score", "month", "created_at") VALUES (2277, 433, 4, 40, '1000-03', '2026-04-06 12:15:29');

-- curator_call_tasks: 17 rows
INSERT OR REPLACE INTO "curator_call_tasks" ("id", "curator_id", "student_id", "month", "status", "call_result", "notes", "completed_at", "created_at") VALUES (1, 1, 421, '2026-04', 'pending', NULL, NULL, NULL, '2026-04-06 07:53:04');
INSERT OR REPLACE INTO "curator_call_tasks" ("id", "curator_id", "student_id", "month", "status", "call_result", "notes", "completed_at", "created_at") VALUES (2, 1, 422, '2026-04', 'pending', NULL, NULL, NULL, '2026-04-06 07:53:04');
INSERT OR REPLACE INTO "curator_call_tasks" ("id", "curator_id", "student_id", "month", "status", "call_result", "notes", "completed_at", "created_at") VALUES (3, 1, 423, '2026-04', 'pending', NULL, NULL, NULL, '2026-04-06 07:53:04');
INSERT OR REPLACE INTO "curator_call_tasks" ("id", "curator_id", "student_id", "month", "status", "call_result", "notes", "completed_at", "created_at") VALUES (4, 1, 424, '2026-04', 'pending', NULL, NULL, NULL, '2026-04-06 07:53:04');
INSERT OR REPLACE INTO "curator_call_tasks" ("id", "curator_id", "student_id", "month", "status", "call_result", "notes", "completed_at", "created_at") VALUES (5, 1, 425, '2026-04', 'pending', NULL, NULL, NULL, '2026-04-06 07:53:04');
INSERT OR REPLACE INTO "curator_call_tasks" ("id", "curator_id", "student_id", "month", "status", "call_result", "notes", "completed_at", "created_at") VALUES (6, 1, 426, '2026-04', 'pending', NULL, NULL, NULL, '2026-04-06 07:53:04');
INSERT OR REPLACE INTO "curator_call_tasks" ("id", "curator_id", "student_id", "month", "status", "call_result", "notes", "completed_at", "created_at") VALUES (7, 1, 427, '2026-04', 'pending', NULL, NULL, NULL, '2026-04-06 07:53:04');
INSERT OR REPLACE INTO "curator_call_tasks" ("id", "curator_id", "student_id", "month", "status", "call_result", "notes", "completed_at", "created_at") VALUES (8, 1, 428, '2026-04', 'pending', NULL, NULL, NULL, '2026-04-06 07:53:04');
INSERT OR REPLACE INTO "curator_call_tasks" ("id", "curator_id", "student_id", "month", "status", "call_result", "notes", "completed_at", "created_at") VALUES (9, 1, 496, '2026-04', 'pending', NULL, NULL, NULL, '2026-04-06 07:53:04');
INSERT OR REPLACE INTO "curator_call_tasks" ("id", "curator_id", "student_id", "month", "status", "call_result", "notes", "completed_at", "created_at") VALUES (10, 1, 497, '2026-04', 'completed', 'Перезвонить', 'вароырваро выаы воовыа орвыа ровыа', '2026-04-06 08:11:43', '2026-04-06 07:53:04');
INSERT OR REPLACE INTO "curator_call_tasks" ("id", "curator_id", "student_id", "month", "status", "call_result", "notes", "completed_at", "created_at") VALUES (11, 1, 498, '2026-04', 'pending', NULL, NULL, NULL, '2026-04-06 07:53:04');
INSERT OR REPLACE INTO "curator_call_tasks" ("id", "curator_id", "student_id", "month", "status", "call_result", "notes", "completed_at", "created_at") VALUES (12, 1, 499, '2026-04', 'pending', NULL, NULL, NULL, '2026-04-06 07:53:04');
INSERT OR REPLACE INTO "curator_call_tasks" ("id", "curator_id", "student_id", "month", "status", "call_result", "notes", "completed_at", "created_at") VALUES (13, 1, 500, '2026-04', 'pending', NULL, NULL, NULL, '2026-04-06 07:53:04');
INSERT OR REPLACE INTO "curator_call_tasks" ("id", "curator_id", "student_id", "month", "status", "call_result", "notes", "completed_at", "created_at") VALUES (14, 1, 501, '2026-04', 'pending', NULL, NULL, NULL, '2026-04-06 07:53:04');
INSERT OR REPLACE INTO "curator_call_tasks" ("id", "curator_id", "student_id", "month", "status", "call_result", "notes", "completed_at", "created_at") VALUES (15, 1, 502, '2026-04', 'pending', NULL, NULL, NULL, '2026-04-06 07:53:04');
INSERT OR REPLACE INTO "curator_call_tasks" ("id", "curator_id", "student_id", "month", "status", "call_result", "notes", "completed_at", "created_at") VALUES (16, 1, 503, '2026-04', 'pending', NULL, NULL, NULL, '2026-04-06 07:53:04');
INSERT OR REPLACE INTO "curator_call_tasks" ("id", "curator_id", "student_id", "month", "status", "call_result", "notes", "completed_at", "created_at") VALUES (17, 1, 504, '2026-04', 'pending', NULL, NULL, NULL, '2026-04-06 07:53:04');

-- teacher_student_feedback: 44 rows
INSERT OR REPLACE INTO "teacher_student_feedback" ("id", "teacher_id", "student_id", "subject_id", "month", "comment", "created_at") VALUES (1, 1, 401, 4, '2026-04', NULL, '2026-04-06 07:53:04');
INSERT OR REPLACE INTO "teacher_student_feedback" ("id", "teacher_id", "student_id", "subject_id", "month", "comment", "created_at") VALUES (2, 1, 402, 4, '2026-04', NULL, '2026-04-06 07:53:04');
INSERT OR REPLACE INTO "teacher_student_feedback" ("id", "teacher_id", "student_id", "subject_id", "month", "comment", "created_at") VALUES (3, 1, 403, 4, '2026-04', NULL, '2026-04-06 07:53:04');
INSERT OR REPLACE INTO "teacher_student_feedback" ("id", "teacher_id", "student_id", "subject_id", "month", "comment", "created_at") VALUES (4, 1, 404, 4, '2026-04', NULL, '2026-04-06 07:53:04');
INSERT OR REPLACE INTO "teacher_student_feedback" ("id", "teacher_id", "student_id", "subject_id", "month", "comment", "created_at") VALUES (5, 1, 405, 4, '2026-04', NULL, '2026-04-06 07:53:04');
INSERT OR REPLACE INTO "teacher_student_feedback" ("id", "teacher_id", "student_id", "subject_id", "month", "comment", "created_at") VALUES (6, 1, 406, 4, '2026-04', NULL, '2026-04-06 07:53:04');
INSERT OR REPLACE INTO "teacher_student_feedback" ("id", "teacher_id", "student_id", "subject_id", "month", "comment", "created_at") VALUES (7, 1, 407, 4, '2026-04', NULL, '2026-04-06 07:53:04');
INSERT OR REPLACE INTO "teacher_student_feedback" ("id", "teacher_id", "student_id", "subject_id", "month", "comment", "created_at") VALUES (8, 1, 408, 4, '2026-04', NULL, '2026-04-06 07:53:04');
INSERT OR REPLACE INTO "teacher_student_feedback" ("id", "teacher_id", "student_id", "subject_id", "month", "comment", "created_at") VALUES (9, 1, 409, 4, '2026-04', NULL, '2026-04-06 07:53:04');
INSERT OR REPLACE INTO "teacher_student_feedback" ("id", "teacher_id", "student_id", "subject_id", "month", "comment", "created_at") VALUES (10, 1, 410, 4, '2026-04', NULL, '2026-04-06 07:53:04');
INSERT OR REPLACE INTO "teacher_student_feedback" ("id", "teacher_id", "student_id", "subject_id", "month", "comment", "created_at") VALUES (11, 1, 421, 4, '2026-04', NULL, '2026-04-06 07:53:04');
INSERT OR REPLACE INTO "teacher_student_feedback" ("id", "teacher_id", "student_id", "subject_id", "month", "comment", "created_at") VALUES (12, 1, 422, 4, '2026-04', NULL, '2026-04-06 07:53:04');
INSERT OR REPLACE INTO "teacher_student_feedback" ("id", "teacher_id", "student_id", "subject_id", "month", "comment", "created_at") VALUES (13, 1, 423, 4, '2026-04', NULL, '2026-04-06 07:53:04');
INSERT OR REPLACE INTO "teacher_student_feedback" ("id", "teacher_id", "student_id", "subject_id", "month", "comment", "created_at") VALUES (14, 1, 424, 4, '2026-04', NULL, '2026-04-06 07:53:04');
INSERT OR REPLACE INTO "teacher_student_feedback" ("id", "teacher_id", "student_id", "subject_id", "month", "comment", "created_at") VALUES (15, 1, 425, 4, '2026-04', NULL, '2026-04-06 07:53:04');
INSERT OR REPLACE INTO "teacher_student_feedback" ("id", "teacher_id", "student_id", "subject_id", "month", "comment", "created_at") VALUES (16, 1, 426, 4, '2026-04', NULL, '2026-04-06 07:53:04');
INSERT OR REPLACE INTO "teacher_student_feedback" ("id", "teacher_id", "student_id", "subject_id", "month", "comment", "created_at") VALUES (17, 1, 427, 4, '2026-04', NULL, '2026-04-06 07:53:04');
INSERT OR REPLACE INTO "teacher_student_feedback" ("id", "teacher_id", "student_id", "subject_id", "month", "comment", "created_at") VALUES (18, 1, 428, 4, '2026-04', NULL, '2026-04-06 07:53:04');
INSERT OR REPLACE INTO "teacher_student_feedback" ("id", "teacher_id", "student_id", "subject_id", "month", "comment", "created_at") VALUES (19, 1, 496, 4, '2026-04', NULL, '2026-04-06 07:53:04');
INSERT OR REPLACE INTO "teacher_student_feedback" ("id", "teacher_id", "student_id", "subject_id", "month", "comment", "created_at") VALUES (20, 1, 497, 4, '2026-04', NULL, '2026-04-06 07:53:04');
INSERT OR REPLACE INTO "teacher_student_feedback" ("id", "teacher_id", "student_id", "subject_id", "month", "comment", "created_at") VALUES (21, 1, 498, 4, '2026-04', NULL, '2026-04-06 07:53:04');
INSERT OR REPLACE INTO "teacher_student_feedback" ("id", "teacher_id", "student_id", "subject_id", "month", "comment", "created_at") VALUES (22, 1, 499, 4, '2026-04', NULL, '2026-04-06 07:53:04');
INSERT OR REPLACE INTO "teacher_student_feedback" ("id", "teacher_id", "student_id", "subject_id", "month", "comment", "created_at") VALUES (23, 1, 500, 4, '2026-04', NULL, '2026-04-06 07:53:04');
INSERT OR REPLACE INTO "teacher_student_feedback" ("id", "teacher_id", "student_id", "subject_id", "month", "comment", "created_at") VALUES (24, 1, 501, 4, '2026-04', NULL, '2026-04-06 07:53:04');
INSERT OR REPLACE INTO "teacher_student_feedback" ("id", "teacher_id", "student_id", "subject_id", "month", "comment", "created_at") VALUES (25, 1, 502, 4, '2026-04', NULL, '2026-04-06 07:53:04');
INSERT OR REPLACE INTO "teacher_student_feedback" ("id", "teacher_id", "student_id", "subject_id", "month", "comment", "created_at") VALUES (26, 1, 503, 4, '2026-04', NULL, '2026-04-06 07:53:04');
INSERT OR REPLACE INTO "teacher_student_feedback" ("id", "teacher_id", "student_id", "subject_id", "month", "comment", "created_at") VALUES (27, 1, 504, 4, '2026-04', NULL, '2026-04-06 07:53:04');
INSERT OR REPLACE INTO "teacher_student_feedback" ("id", "teacher_id", "student_id", "subject_id", "month", "comment", "created_at") VALUES (28, 1, 411, 4, '2026-04', NULL, '2026-04-06 07:53:04');
INSERT OR REPLACE INTO "teacher_student_feedback" ("id", "teacher_id", "student_id", "subject_id", "month", "comment", "created_at") VALUES (29, 1, 412, 4, '2026-04', NULL, '2026-04-06 07:53:04');
INSERT OR REPLACE INTO "teacher_student_feedback" ("id", "teacher_id", "student_id", "subject_id", "month", "comment", "created_at") VALUES (30, 1, 413, 4, '2026-04', NULL, '2026-04-06 07:53:04');
INSERT OR REPLACE INTO "teacher_student_feedback" ("id", "teacher_id", "student_id", "subject_id", "month", "comment", "created_at") VALUES (31, 1, 414, 4, '2026-04', NULL, '2026-04-06 07:53:04');
INSERT OR REPLACE INTO "teacher_student_feedback" ("id", "teacher_id", "student_id", "subject_id", "month", "comment", "created_at") VALUES (32, 1, 415, 4, '2026-04', NULL, '2026-04-06 07:53:04');
INSERT OR REPLACE INTO "teacher_student_feedback" ("id", "teacher_id", "student_id", "subject_id", "month", "comment", "created_at") VALUES (33, 1, 416, 4, '2026-04', NULL, '2026-04-06 07:53:04');
INSERT OR REPLACE INTO "teacher_student_feedback" ("id", "teacher_id", "student_id", "subject_id", "month", "comment", "created_at") VALUES (34, 1, 417, 4, '2026-04', NULL, '2026-04-06 07:53:04');
INSERT OR REPLACE INTO "teacher_student_feedback" ("id", "teacher_id", "student_id", "subject_id", "month", "comment", "created_at") VALUES (35, 1, 418, 4, '2026-04', NULL, '2026-04-06 07:53:04');
INSERT OR REPLACE INTO "teacher_student_feedback" ("id", "teacher_id", "student_id", "subject_id", "month", "comment", "created_at") VALUES (36, 1, 419, 4, '2026-04', NULL, '2026-04-06 07:53:04');
INSERT OR REPLACE INTO "teacher_student_feedback" ("id", "teacher_id", "student_id", "subject_id", "month", "comment", "created_at") VALUES (37, 1, 420, 4, '2026-04', NULL, '2026-04-06 07:53:04');
INSERT OR REPLACE INTO "teacher_student_feedback" ("id", "teacher_id", "student_id", "subject_id", "month", "comment", "created_at") VALUES (38, 1, 429, 4, '2026-04', NULL, '2026-04-06 07:53:04');
INSERT OR REPLACE INTO "teacher_student_feedback" ("id", "teacher_id", "student_id", "subject_id", "month", "comment", "created_at") VALUES (39, 1, 430, 4, '2026-04', NULL, '2026-04-06 07:53:04');
INSERT OR REPLACE INTO "teacher_student_feedback" ("id", "teacher_id", "student_id", "subject_id", "month", "comment", "created_at") VALUES (40, 1, 431, 4, '2026-04', NULL, '2026-04-06 07:53:04');
INSERT OR REPLACE INTO "teacher_student_feedback" ("id", "teacher_id", "student_id", "subject_id", "month", "comment", "created_at") VALUES (41, 1, 432, 4, '2026-04', NULL, '2026-04-06 07:53:04');
INSERT OR REPLACE INTO "teacher_student_feedback" ("id", "teacher_id", "student_id", "subject_id", "month", "comment", "created_at") VALUES (42, 1, 433, 4, '2026-04', NULL, '2026-04-06 07:53:04');
INSERT OR REPLACE INTO "teacher_student_feedback" ("id", "teacher_id", "student_id", "subject_id", "month", "comment", "created_at") VALUES (43, 1, 434, 4, '2026-04', NULL, '2026-04-06 07:53:04');
INSERT OR REPLACE INTO "teacher_student_feedback" ("id", "teacher_id", "student_id", "subject_id", "month", "comment", "created_at") VALUES (44, 1, 435, 4, '2026-04', NULL, '2026-04-06 07:53:04');

-- dynamic_tables: 1 rows
INSERT OR REPLACE INTO "dynamic_tables" ("id", "creator_id", "title", "columns_json", "visibility", "created_at", "updated_at") VALUES (1, 11, 'Google Sheets — 06.04.2026', '[{"key":"col_1","label":"id","type":"number"},{"key":"col_2","label":"name","type":"text"},{"key":"col_3","label":"surname","type":"text"},{"key":"col_4","label":"phone","type":"text"},{"key":"col_5","label":"email","type":"text"},{"key":"col_6","label":"role_id","type":"number"}]', 'private', '2026-04-06 07:51:11', '2026-04-06 07:51:11');

-- dynamic_table_rows: 11 rows
INSERT OR REPLACE INTO "dynamic_table_rows" ("id", "table_id", "row_data", "sort_order", "created_at") VALUES (1, 1, '{"col_1":1,"col_2":"Бекзат","col_3":"Мажит","col_4":"","col_5":"","col_6":3}', 1, '2026-04-06 07:51:11');
INSERT OR REPLACE INTO "dynamic_table_rows" ("id", "table_id", "row_data", "sort_order", "created_at") VALUES (2, 1, '{"col_1":2,"col_2":"Ануар","col_3":"Жанат","col_4":"","col_5":"","col_6":2}', 2, '2026-04-06 07:51:11');
INSERT OR REPLACE INTO "dynamic_table_rows" ("id", "table_id", "row_data", "sort_order", "created_at") VALUES (3, 1, '{"col_1":3,"col_2":"Шырайлым","col_3":"Устаз","col_4":"","col_5":"","col_6":3}', 3, '2026-04-06 07:51:11');
INSERT OR REPLACE INTO "dynamic_table_rows" ("id", "table_id", "row_data", "sort_order", "created_at") VALUES (4, 1, '{"col_1":4,"col_2":"Коркем","col_3":"Устаз","col_4":"","col_5":"","col_6":3}', 4, '2026-04-06 07:51:11');
INSERT OR REPLACE INTO "dynamic_table_rows" ("id", "table_id", "row_data", "sort_order", "created_at") VALUES (5, 1, '{"col_1":5,"col_2":"Мурат","col_3":"Шукирбай","col_4":"","col_5":"","col_6":2}', 5, '2026-04-06 07:51:11');
INSERT OR REPLACE INTO "dynamic_table_rows" ("id", "table_id", "row_data", "sort_order", "created_at") VALUES (6, 1, '{"col_1":6,"col_2":"Еркетан","col_3":"Устаз","col_4":"","col_5":"","col_6":3}', 6, '2026-04-06 07:51:11');
INSERT OR REPLACE INTO "dynamic_table_rows" ("id", "table_id", "row_data", "sort_order", "created_at") VALUES (7, 1, '{"col_1":7,"col_2":"Нариман","col_3":"Устаз","col_4":"","col_5":"","col_6":3}', 7, '2026-04-06 07:51:11');
INSERT OR REPLACE INTO "dynamic_table_rows" ("id", "table_id", "row_data", "sort_order", "created_at") VALUES (8, 1, '{"col_1":8,"col_2":"Алтын","col_3":"Устаз","col_4":"","col_5":"","col_6":3}', 8, '2026-04-06 07:51:11');
INSERT OR REPLACE INTO "dynamic_table_rows" ("id", "table_id", "row_data", "sort_order", "created_at") VALUES (9, 1, '{"col_1":9,"col_2":"Айша","col_3":"Устаз","col_4":"","col_5":"","col_6":3}', 9, '2026-04-06 07:51:11');
INSERT OR REPLACE INTO "dynamic_table_rows" ("id", "table_id", "row_data", "sort_order", "created_at") VALUES (10, 1, '{"col_1":10,"col_2":"Марал","col_3":"Устаз","col_4":"","col_5":"","col_6":3}', 10, '2026-04-06 07:51:11');
INSERT OR REPLACE INTO "dynamic_table_rows" ("id", "table_id", "row_data", "sort_order", "created_at") VALUES (11, 1, '{"col_1":11,"col_2":"TODAY","col_3":"ADMIN","col_4":"","col_5":"","col_6":1}', 11, '2026-04-06 07:51:11');

-- quizzes: 1 rows
INSERT OR REPLACE INTO "quizzes" ("id", "schedule_id", "date", "title", "created_by", "created_at") VALUES (1, 3, '2026-04-06', 'TEST', 1, '2026-04-06 07:51:36');

-- quiz_results: 10 rows
INSERT OR REPLACE INTO "quiz_results" ("id", "quiz_id", "student_id", "score") VALUES (1, 1, 401, 10);
INSERT OR REPLACE INTO "quiz_results" ("id", "quiz_id", "student_id", "score") VALUES (2, 1, 402, 10);
INSERT OR REPLACE INTO "quiz_results" ("id", "quiz_id", "student_id", "score") VALUES (3, 1, 403, 10);
INSERT OR REPLACE INTO "quiz_results" ("id", "quiz_id", "student_id", "score") VALUES (4, 1, 404, 10);
INSERT OR REPLACE INTO "quiz_results" ("id", "quiz_id", "student_id", "score") VALUES (5, 1, 405, 10);
INSERT OR REPLACE INTO "quiz_results" ("id", "quiz_id", "student_id", "score") VALUES (6, 1, 406, 9);
INSERT OR REPLACE INTO "quiz_results" ("id", "quiz_id", "student_id", "score") VALUES (7, 1, 407, 9);
INSERT OR REPLACE INTO "quiz_results" ("id", "quiz_id", "student_id", "score") VALUES (8, 1, 408, 6);
INSERT OR REPLACE INTO "quiz_results" ("id", "quiz_id", "student_id", "score") VALUES (9, 1, 409, 6);
INSERT OR REPLACE INTO "quiz_results" ("id", "quiz_id", "student_id", "score") VALUES (10, 1, 410, 6);

-- permissions: 19 rows
INSERT OR REPLACE INTO "permissions" ("id", "key", "name", "description") VALUES (1, 'manage_users', 'Управление пользователями', 'Создание, редактирование, удаление учителей');
INSERT OR REPLACE INTO "permissions" ("id", "key", "name", "description") VALUES (2, 'manage_students', 'Управление студентами', 'Создание, редактирование, удаление студентов');
INSERT OR REPLACE INTO "permissions" ("id", "key", "name", "description") VALUES (3, 'manage_groups', 'Управление группами', 'Создание, редактирование, удаление групп');
INSERT OR REPLACE INTO "permissions" ("id", "key", "name", "description") VALUES (4, 'manage_subjects', 'Управление предметами', 'Создание, редактирование, удаление предметов');
INSERT OR REPLACE INTO "permissions" ("id", "key", "name", "description") VALUES (5, 'manage_schedule', 'Управление расписанием', 'Полное управление расписанием');
INSERT OR REPLACE INTO "permissions" ("id", "key", "name", "description") VALUES (6, 'view_team', 'Просмотр команды', 'Просмотр списка преподавателей');
INSERT OR REPLACE INTO "permissions" ("id", "key", "name", "description") VALUES (7, 'manage_tasks', 'Управление задачами', 'Создание задач и назначение другим');
INSERT OR REPLACE INTO "permissions" ("id", "key", "name", "description") VALUES (8, 'manage_storage', 'Управление хранилищем', 'Загрузка и удаление файлов');
INSERT OR REPLACE INTO "permissions" ("id", "key", "name", "description") VALUES (9, 'manage_wiki', 'Управление Wiki', 'Редактирование статей базы знаний');
INSERT OR REPLACE INTO "permissions" ("id", "key", "name", "description") VALUES (10, 'manage_broadcasts', 'Управление рассылками', 'Создание и управление рассылками');
INSERT OR REPLACE INTO "permissions" ("id", "key", "name", "description") VALUES (11, 'manage_banners', 'Управление баннерами', 'Создание и управление баннерами');
INSERT OR REPLACE INTO "permissions" ("id", "key", "name", "description") VALUES (12, 'manage_grades', 'Управление оценками', 'Выставление и редактирование оценок');
INSERT OR REPLACE INTO "permissions" ("id", "key", "name", "description") VALUES (13, 'view_audit_log', 'Просмотр аудит-лога', 'Просмотр журнала действий');
INSERT OR REPLACE INTO "permissions" ("id", "key", "name", "description") VALUES (14, 'manage_ent', 'Управление ЕНТ', 'Загрузка и редактирование результатов ЕНТ');
INSERT OR REPLACE INTO "permissions" ("id", "key", "name", "description") VALUES (15, 'manage_curatorship', 'Управление кураторством', 'Логи кураторства, звонки, отзывы');
INSERT OR REPLACE INTO "permissions" ("id", "key", "name", "description") VALUES (16, 'view_dashboard', 'Просмотр дашборда', 'Просмотр статистики посещаемости');
INSERT OR REPLACE INTO "permissions" ("id", "key", "name", "description") VALUES (17, 'use_chat', 'Использование чата', 'Отправка и чтение сообщений');
INSERT OR REPLACE INTO "permissions" ("id", "key", "name", "description") VALUES (18, 'manage_permissions', 'Управление правами', 'Настройка прав доступа для ролей');
INSERT OR REPLACE INTO "permissions" ("id", "key", "name", "description") VALUES (19, 'manage_admin_panel', 'Админ-панель', 'Доступ к административной панели');

-- role_permissions: 43 rows
INSERT OR REPLACE INTO "role_permissions" ("id", "role_id", "permission_id") VALUES (1, 1, 19);
INSERT OR REPLACE INTO "role_permissions" ("id", "role_id", "permission_id") VALUES (2, 2, 19);
INSERT OR REPLACE INTO "role_permissions" ("id", "role_id", "permission_id") VALUES (3, 1, 11);
INSERT OR REPLACE INTO "role_permissions" ("id", "role_id", "permission_id") VALUES (4, 1, 10);
INSERT OR REPLACE INTO "role_permissions" ("id", "role_id", "permission_id") VALUES (5, 2, 10);
INSERT OR REPLACE INTO "role_permissions" ("id", "role_id", "permission_id") VALUES (6, 1, 15);
INSERT OR REPLACE INTO "role_permissions" ("id", "role_id", "permission_id") VALUES (7, 2, 15);
INSERT OR REPLACE INTO "role_permissions" ("id", "role_id", "permission_id") VALUES (8, 3, 15);
INSERT OR REPLACE INTO "role_permissions" ("id", "role_id", "permission_id") VALUES (9, 1, 14);
INSERT OR REPLACE INTO "role_permissions" ("id", "role_id", "permission_id") VALUES (10, 2, 14);
INSERT OR REPLACE INTO "role_permissions" ("id", "role_id", "permission_id") VALUES (11, 3, 14);
INSERT OR REPLACE INTO "role_permissions" ("id", "role_id", "permission_id") VALUES (12, 1, 12);
INSERT OR REPLACE INTO "role_permissions" ("id", "role_id", "permission_id") VALUES (13, 2, 12);
INSERT OR REPLACE INTO "role_permissions" ("id", "role_id", "permission_id") VALUES (14, 3, 12);
INSERT OR REPLACE INTO "role_permissions" ("id", "role_id", "permission_id") VALUES (15, 1, 3);
INSERT OR REPLACE INTO "role_permissions" ("id", "role_id", "permission_id") VALUES (16, 2, 3);
INSERT OR REPLACE INTO "role_permissions" ("id", "role_id", "permission_id") VALUES (17, 1, 18);
INSERT OR REPLACE INTO "role_permissions" ("id", "role_id", "permission_id") VALUES (18, 1, 5);
INSERT OR REPLACE INTO "role_permissions" ("id", "role_id", "permission_id") VALUES (19, 2, 5);
INSERT OR REPLACE INTO "role_permissions" ("id", "role_id", "permission_id") VALUES (20, 1, 8);
INSERT OR REPLACE INTO "role_permissions" ("id", "role_id", "permission_id") VALUES (21, 2, 8);
INSERT OR REPLACE INTO "role_permissions" ("id", "role_id", "permission_id") VALUES (22, 3, 8);
INSERT OR REPLACE INTO "role_permissions" ("id", "role_id", "permission_id") VALUES (23, 1, 2);
INSERT OR REPLACE INTO "role_permissions" ("id", "role_id", "permission_id") VALUES (24, 2, 2);
INSERT OR REPLACE INTO "role_permissions" ("id", "role_id", "permission_id") VALUES (25, 1, 4);
INSERT OR REPLACE INTO "role_permissions" ("id", "role_id", "permission_id") VALUES (26, 2, 4);
INSERT OR REPLACE INTO "role_permissions" ("id", "role_id", "permission_id") VALUES (27, 1, 7);
INSERT OR REPLACE INTO "role_permissions" ("id", "role_id", "permission_id") VALUES (28, 2, 7);
INSERT OR REPLACE INTO "role_permissions" ("id", "role_id", "permission_id") VALUES (29, 3, 7);
INSERT OR REPLACE INTO "role_permissions" ("id", "role_id", "permission_id") VALUES (30, 1, 1);
INSERT OR REPLACE INTO "role_permissions" ("id", "role_id", "permission_id") VALUES (31, 1, 9);
INSERT OR REPLACE INTO "role_permissions" ("id", "role_id", "permission_id") VALUES (32, 2, 9);
INSERT OR REPLACE INTO "role_permissions" ("id", "role_id", "permission_id") VALUES (33, 3, 9);
INSERT OR REPLACE INTO "role_permissions" ("id", "role_id", "permission_id") VALUES (34, 1, 17);
INSERT OR REPLACE INTO "role_permissions" ("id", "role_id", "permission_id") VALUES (35, 2, 17);
INSERT OR REPLACE INTO "role_permissions" ("id", "role_id", "permission_id") VALUES (36, 3, 17);
INSERT OR REPLACE INTO "role_permissions" ("id", "role_id", "permission_id") VALUES (37, 1, 13);
INSERT OR REPLACE INTO "role_permissions" ("id", "role_id", "permission_id") VALUES (38, 2, 13);
INSERT OR REPLACE INTO "role_permissions" ("id", "role_id", "permission_id") VALUES (39, 1, 16);
INSERT OR REPLACE INTO "role_permissions" ("id", "role_id", "permission_id") VALUES (40, 2, 16);
INSERT OR REPLACE INTO "role_permissions" ("id", "role_id", "permission_id") VALUES (41, 3, 16);
INSERT OR REPLACE INTO "role_permissions" ("id", "role_id", "permission_id") VALUES (42, 1, 6);
INSERT OR REPLACE INTO "role_permissions" ("id", "role_id", "permission_id") VALUES (43, 2, 6);

-- universities: 30 rows
INSERT OR REPLACE INTO "universities" ("id", "name", "city", "website", "logo_url", "created_at") VALUES (1, 'Astana IT Univesity', 'Астана', 'https://astanait.edu.kz/', 'https://upload.wikimedia.org/wikipedia/commons/6/6a/Logo_astana_it_university.png', '2026-04-06 11:57:01');
INSERT OR REPLACE INTO "universities" ("id", "name", "city", "website", "logo_url", "created_at") VALUES (2, 'Евразийский национальный университет', 'Астана', 'https://enu.kz', 'https://upload.wikimedia.org/wikipedia/ru/9/94/Nov-logo-eng.png', '2026-04-06 12:09:09');
INSERT OR REPLACE INTO "universities" ("id", "name", "city", "website", "logo_url", "created_at") VALUES (4, 'Международный университет информационных технологий (IITU)', 'Алматы', 'iitu.edu.kz', 'https://iitu.edu.kz/static/images/iitu_logo_new.3acbecf30c80.png', '2026-04-06 14:30:57');
INSERT OR REPLACE INTO "universities" ("id", "name", "city", "website", "logo_url", "created_at") VALUES (5, 'Almaty Management University (AlmaU)', 'Алматы', 'almau.edu.kz', 'https://almau.edu.kz/wp-content/uploads/2024/02/logo-svg.svg', '2026-04-06 14:30:57');
INSERT OR REPLACE INTO "universities" ("id", "name", "city", "website", "logo_url", "created_at") VALUES (6, 'Университет Нархоз (Narxoz University)', 'Алматы', 'narxoz.edu.kz', 'https://static.tildacdn.pro/tild3134-6132-4636-a163-363837383639/_.png', '2026-04-06 14:30:57');
INSERT OR REPLACE INTO "universities" ("id", "name", "city", "website", "logo_url", "created_at") VALUES (7, 'Казахский национальный медицинский университет им. С.Д. Асфендиярова', 'Алматы', 'kaznmu.edu.kz', 'https://kaznmu.edu.kz/wp-content/uploads/2024/03/logo-4.png', '2026-04-06 14:30:57');
INSERT OR REPLACE INTO "universities" ("id", "name", "city", "website", "logo_url", "created_at") VALUES (8, 'Карагандинский университет им. академика Е.А. Букетова', 'Караганда', 'buketov.edu.kz', 'https://buketov.edu.kz/img/logo.png', '2026-04-06 14:30:57');
INSERT OR REPLACE INTO "universities" ("id", "name", "city", "website", "logo_url", "created_at") VALUES (9, 'Карагандинский технический университет им. Абылкаса Сагинова', 'Караганда', 'kstu.kz', 'https://www.kstu.kz/wp-content/uploads/2022/08/cropped-cropped-logo_stu.png', '2026-04-06 14:30:57');
INSERT OR REPLACE INTO "universities" ("id", "name", "city", "website", "logo_url", "created_at") VALUES (10, 'Satbayev University (КазНИТУ им. К.И. Сатпаева)', 'Алматы', 'satbayev.university', 'https://satbayev.university/files/img/university/logo.png', '2026-04-06 14:30:57');
INSERT OR REPLACE INTO "universities" ("id", "name", "city", "website", "logo_url", "created_at") VALUES (11, 'Кызылординский университет имени Коркыт Ата', 'Кызылорда', 'korkyt.edu.kz', 'https://korkyt.edu.kz/assets/front/images/logo2-new.png', '2026-04-06 14:30:57');
INSERT OR REPLACE INTO "universities" ("id", "name", "city", "website", "logo_url", "created_at") VALUES (12, 'Esil University', 'Астана', 'esil.edu.kz', 'https://esil.edu.kz/wp-content/uploads/2023/08/logo-esu-85x85.png', '2026-04-06 14:30:57');
INSERT OR REPLACE INTO "universities" ("id", "name", "city", "website", "logo_url", "created_at") VALUES (13, 'Университет Шакарима (Shakarim University)', 'Семей', 'shakarim.edu.kz', 'https://shakarim.university/university.png', '2026-04-06 14:30:57');
INSERT OR REPLACE INTO "universities" ("id", "name", "city", "website", "logo_url", "created_at") VALUES (14, 'Актюбинский региональный университет им. К. Жубанова', 'Актобе', 'zhubanov.edu.kz', 'https://zhubanov.edu.kz/static/assets/images/logo.svg', '2026-04-06 14:30:57');
INSERT OR REPLACE INTO "universities" ("id", "name", "city", "website", "logo_url", "created_at") VALUES (15, 'Таразский региональный университет им. М.Х. Дулати', 'Тараз', 'dulaty.kz', 'https://dulaty.kz/images/logo5.png', '2026-04-06 14:30:57');
INSERT OR REPLACE INTO "universities" ("id", "name", "city", "website", "logo_url", "created_at") VALUES (16, 'Каспийский общественный университет (Caspian University)', 'Алматы', 'cu.edu.kz', 'https://cu.edu.kz/wp-content/uploads/2022/03/Логотип-CU-3-1.png', '2026-04-06 14:30:57');
INSERT OR REPLACE INTO "universities" ("id", "name", "city", "website", "logo_url", "created_at") VALUES (17, 'Академия логистики и транспорта (ALT University)', 'Алматы', 'alt.edu.kz', 'https://alt.edu.kz/wp-content/uploads/2026/03/95-gold.png', '2026-04-06 14:30:57');
INSERT OR REPLACE INTO "universities" ("id", "name", "city", "website", "logo_url", "created_at") VALUES (18, 'Университет Туран (Turan University)', 'Алматы', 'turan.edu.kz', 'https://turan.edu.kz/wp-content/themes/turantheme/img/logo.svg', '2026-04-06 14:30:57');
INSERT OR REPLACE INTO "universities" ("id", "name", "city", "website", "logo_url", "created_at") VALUES (19, 'Каспийский университет технологий и инжиниринга им. Ш. Есенова', 'Актау', 'yu.edu.kz', 'https://yu.edu.kz/wp-content/uploads/2023/08/blue_logo.png', '2026-04-06 14:30:57');
INSERT OR REPLACE INTO "universities" ("id", "name", "city", "website", "logo_url", "created_at") VALUES (20, 'Торайгыров университет (Toraighyrov University)', 'Павлодар', 'tou.edu.kz', 'https://tou.edu.kz/templates/psu2020/images/logo/logo2022en.png', '2026-04-06 14:30:57');
INSERT OR REPLACE INTO "universities" ("id", "name", "city", "website", "logo_url", "created_at") VALUES (21, 'Казахстанско-Британский технический университет (KBTU)', 'Алматы', 'kbtu.edu.kz', 'https://kbtu.edu.kz/images/logo_blue.png', '2026-04-06 14:30:57');
INSERT OR REPLACE INTO "universities" ("id", "name", "city", "website", "logo_url", "created_at") VALUES (22, 'Медицинский университет Астана (Astana Medical University)', 'Астана', 'amu.edu.kz', 'https://amu.edu.kz/public/img/logo.png', '2026-04-06 14:30:57');
INSERT OR REPLACE INTO "universities" ("id", "name", "city", "website", "logo_url", "created_at") VALUES (23, 'Coventry University Kazakhstan', 'Астана', 'coventry.edu.kz', 'https://studenthub.kz/static/logos/coventry_university_kazakhstan.svg', '2026-04-06 14:30:57');
INSERT OR REPLACE INTO "universities" ("id", "name", "city", "website", "logo_url", "created_at") VALUES (24, 'Университет имени Сулеймана Демиреля (SDU)', 'Алматы', 'sdu.edu.kz', 'https://studenthub.kz/static/logos/sdu_university.png', '2026-04-06 14:30:57');
INSERT OR REPLACE INTO "universities" ("id", "name", "city", "website", "logo_url", "created_at") VALUES (25, 'Баишев Университет', 'Актобе', 'bu.edu.kz', 'https://studenthub.kz/static/logos/baishev_universitet.png', '2026-04-06 14:30:57');
INSERT OR REPLACE INTO "universities" ("id", "name", "city", "website", "logo_url", "created_at") VALUES (26, 'Cardiff University Kazakhstan', 'Астана', 'cardiff.edu.kz', 'https://studenthub.kz/static/logos/cardiff_university_kazakhstan.svg', '2026-04-06 14:30:57');
INSERT OR REPLACE INTO "universities" ("id", "name", "city", "website", "logo_url", "created_at") VALUES (27, 'Северо-Казахстанский университет им. М. Козыбаева', 'Петропавловск', 'ku.edu.kz', 'https://ku.edu.kz/files/Sign%20(white).png', '2026-04-06 14:30:57');
INSERT OR REPLACE INTO "universities" ("id", "name", "city", "website", "logo_url", "created_at") VALUES (28, 'Южно-Казахстанский университет им. М. Ауэзова', 'Шымкент', 'auezov.edu.kz', 'https://upload.wikimedia.org/wikipedia/commons/e/e0/Auezov_South_Kazakhstan_University_logo.png', '2026-04-06 14:30:57');
INSERT OR REPLACE INTO "universities" ("id", "name", "city", "website", "logo_url", "created_at") VALUES (30, 'Университет КИМЭП (KIMEP University)', 'Алматы', 'kimep.kz', 'https://hr.kimep.kz/Images/logo2b.png', '2026-04-06 14:30:57');
INSERT OR REPLACE INTO "universities" ("id", "name", "city", "website", "logo_url", "created_at") VALUES (31, 'Maqsut Narikbayev University (КАЗГЮУ)', 'Астана', 'mnu.kz', 'https://mnu.kz/wp-content/themes/mnu/assets/img/logo.svg', '2026-04-06 14:30:57');
INSERT OR REPLACE INTO "universities" ("id", "name", "city", "website", "logo_url", "created_at") VALUES (32, 'Казахский агротехнический исследовательский университет', 'Астана', 'kazatu.edu.kz', 'https://studenthub.kz/static/logos/kazatu.png', '2026-04-06 14:30:57');

-- specialties: 45 rows
INSERT OR REPLACE INTO "specialties" ("id", "code", "name", "profile_subjects", "created_at") VALUES (1, 'B057', 'Информационные технологии', 'Мат+Инф', '2026-04-06 12:00:41');
INSERT OR REPLACE INTO "specialties" ("id", "code", "name", "profile_subjects", "created_at") VALUES (2, 'B012', 'Подготовка учителей химии', 'химбио', '2026-04-06 15:33:56');
INSERT OR REPLACE INTO "specialties" ("id", "code", "name", "profile_subjects", "created_at") VALUES (3, 'B013', 'Подготовка учителей биологии', 'химбио', '2026-04-06 15:33:56');
INSERT OR REPLACE INTO "specialties" ("id", "code", "name", "profile_subjects", "created_at") VALUES (4, 'B050', 'Биологические и смежные науки', 'химбио', '2026-04-06 15:33:56');
INSERT OR REPLACE INTO "specialties" ("id", "code", "name", "profile_subjects", "created_at") VALUES (5, 'B053', 'Химия', 'химбио', '2026-04-06 15:33:56');
INSERT OR REPLACE INTO "specialties" ("id", "code", "name", "profile_subjects", "created_at") VALUES (6, 'B068', 'Производство продуктов питания', 'химбио', '2026-04-06 15:33:56');
INSERT OR REPLACE INTO "specialties" ("id", "code", "name", "profile_subjects", "created_at") VALUES (7, 'B072', 'Технология фармацевтического производства', 'химбио', '2026-04-06 15:33:56');
INSERT OR REPLACE INTO "specialties" ("id", "code", "name", "profile_subjects", "created_at") VALUES (8, 'B077', 'Растениеводство', 'химбио', '2026-04-06 15:33:56');
INSERT OR REPLACE INTO "specialties" ("id", "code", "name", "profile_subjects", "created_at") VALUES (9, 'B078', 'Животноводство', 'химбио', '2026-04-06 15:33:56');
INSERT OR REPLACE INTO "specialties" ("id", "code", "name", "profile_subjects", "created_at") VALUES (10, 'B080', 'Рыбное хозяйство', 'химбио', '2026-04-06 15:33:56');
INSERT OR REPLACE INTO "specialties" ("id", "code", "name", "profile_subjects", "created_at") VALUES (11, 'B083', 'Ветеринария', 'химбио', '2026-04-06 15:33:56');
INSERT OR REPLACE INTO "specialties" ("id", "code", "name", "profile_subjects", "created_at") VALUES (12, 'B084', 'Сестринское дело', 'химбио', '2026-04-06 15:33:56');
INSERT OR REPLACE INTO "specialties" ("id", "code", "name", "profile_subjects", "created_at") VALUES (13, 'B085', 'Фармация', 'химбио', '2026-04-06 15:33:56');
INSERT OR REPLACE INTO "specialties" ("id", "code", "name", "profile_subjects", "created_at") VALUES (14, 'B086', 'Общая медицина', 'химбио', '2026-04-06 15:33:56');
INSERT OR REPLACE INTO "specialties" ("id", "code", "name", "profile_subjects", "created_at") VALUES (15, 'B087', 'Стоматология', 'химбио', '2026-04-06 15:33:56');
INSERT OR REPLACE INTO "specialties" ("id", "code", "name", "profile_subjects", "created_at") VALUES (16, 'B088', 'Педиатрия', 'химбио', '2026-04-06 15:33:56');
INSERT OR REPLACE INTO "specialties" ("id", "code", "name", "profile_subjects", "created_at") VALUES (17, 'B089', 'Общественное здоровье', 'химбио', '2026-04-06 15:33:56');
INSERT OR REPLACE INTO "specialties" ("id", "code", "name", "profile_subjects", "created_at") VALUES (18, 'B009', 'Подготовка учителей математики', 'физмат', '2026-04-06 15:33:56');
INSERT OR REPLACE INTO "specialties" ("id", "code", "name", "profile_subjects", "created_at") VALUES (19, 'B010', 'Подготовка учителей физики', 'физмат', '2026-04-06 15:33:56');
INSERT OR REPLACE INTO "specialties" ("id", "code", "name", "profile_subjects", "created_at") VALUES (20, 'B054', 'Физика', 'физмат', '2026-04-06 15:33:56');
INSERT OR REPLACE INTO "specialties" ("id", "code", "name", "profile_subjects", "created_at") VALUES (21, 'B055', 'Математика и статистика', 'физмат', '2026-04-06 15:33:56');
INSERT OR REPLACE INTO "specialties" ("id", "code", "name", "profile_subjects", "created_at") VALUES (22, 'B056', 'Механика', 'физмат', '2026-04-06 15:33:56');
INSERT OR REPLACE INTO "specialties" ("id", "code", "name", "profile_subjects", "created_at") VALUES (23, 'B059', 'Коммуникации и коммуникационные технологии', 'физмат', '2026-04-06 15:33:56');
INSERT OR REPLACE INTO "specialties" ("id", "code", "name", "profile_subjects", "created_at") VALUES (24, 'B061', 'Материаловедение и технологии', 'физмат', '2026-04-06 15:33:56');
INSERT OR REPLACE INTO "specialties" ("id", "code", "name", "profile_subjects", "created_at") VALUES (25, 'B062', 'Электротехника и энергетика', 'физмат', '2026-04-06 15:33:56');
INSERT OR REPLACE INTO "specialties" ("id", "code", "name", "profile_subjects", "created_at") VALUES (26, 'B063', 'Электротехника и автоматизация', 'физмат', '2026-04-06 15:33:56');
INSERT OR REPLACE INTO "specialties" ("id", "code", "name", "profile_subjects", "created_at") VALUES (27, 'B064', 'Механика и металлообработка', 'физмат', '2026-04-06 15:33:56');
INSERT OR REPLACE INTO "specialties" ("id", "code", "name", "profile_subjects", "created_at") VALUES (28, 'B065', 'Транспортная техника и технологии', 'физмат', '2026-04-06 15:33:56');
INSERT OR REPLACE INTO "specialties" ("id", "code", "name", "profile_subjects", "created_at") VALUES (29, 'B066', 'Морской транспорт и технологии', 'физмат', '2026-04-06 15:33:56');
INSERT OR REPLACE INTO "specialties" ("id", "code", "name", "profile_subjects", "created_at") VALUES (30, 'B067', 'Воздушный транспорт и технологии', 'физмат', '2026-04-06 15:33:56');
INSERT OR REPLACE INTO "specialties" ("id", "code", "name", "profile_subjects", "created_at") VALUES (31, 'B069', 'Производство материалов (стекло, бумага, пластик, дерево)', 'физмат', '2026-04-06 15:33:56');
INSERT OR REPLACE INTO "specialties" ("id", "code", "name", "profile_subjects", "created_at") VALUES (32, 'B070', 'Текстиль: одежда, обувь и кожаные изделия', 'физмат', '2026-04-06 15:33:56');
INSERT OR REPLACE INTO "specialties" ("id", "code", "name", "profile_subjects", "created_at") VALUES (33, 'B071', 'Горное дело и добыча полезных ископаемых', 'физмат', '2026-04-06 15:33:56');
INSERT OR REPLACE INTO "specialties" ("id", "code", "name", "profile_subjects", "created_at") VALUES (34, 'B074', 'Градостроительство, строительные работы и гражданское строительство', 'физмат', '2026-04-06 15:33:56');
INSERT OR REPLACE INTO "specialties" ("id", "code", "name", "profile_subjects", "created_at") VALUES (35, 'B076', 'Стандартизация, сертификация и метрология (по отраслям)', 'физмат', '2026-04-06 15:33:56');
INSERT OR REPLACE INTO "specialties" ("id", "code", "name", "profile_subjects", "created_at") VALUES (36, 'B081', 'Землеустройство', 'физмат', '2026-04-06 15:33:56');
INSERT OR REPLACE INTO "specialties" ("id", "code", "name", "profile_subjects", "created_at") VALUES (37, 'B082', 'Водные ресурсы и водопользования', 'физмат', '2026-04-06 15:33:56');
INSERT OR REPLACE INTO "specialties" ("id", "code", "name", "profile_subjects", "created_at") VALUES (38, 'B094', 'Санитарно-профилактические мероприятия', 'физмат', '2026-04-06 15:33:56');
INSERT OR REPLACE INTO "specialties" ("id", "code", "name", "profile_subjects", "created_at") VALUES (39, 'B097', 'Пожарная безопасность', 'физмат', '2026-04-06 15:33:56');
INSERT OR REPLACE INTO "specialties" ("id", "code", "name", "profile_subjects", "created_at") VALUES (40, 'B167', 'Летная эксплуатация летательных аппаратов и двигателей', 'физмат', '2026-04-06 15:33:56');
INSERT OR REPLACE INTO "specialties" ("id", "code", "name", "profile_subjects", "created_at") VALUES (41, 'B183', 'Агроинженерия', 'физмат', '2026-04-06 15:33:56');
INSERT OR REPLACE INTO "specialties" ("id", "code", "name", "profile_subjects", "created_at") VALUES (42, 'B011', 'Подготовка учителей информатики', 'инфмат', '2026-04-06 15:33:56');
INSERT OR REPLACE INTO "specialties" ("id", "code", "name", "profile_subjects", "created_at") VALUES (44, 'B058', 'Информационная безопасность', 'инфмат', '2026-04-06 15:33:56');
INSERT OR REPLACE INTO "specialties" ("id", "code", "name", "profile_subjects", "created_at") VALUES (45, 'B157', 'Математическое и компьютерное моделирование', 'инфмат', '2026-04-06 15:33:56');
INSERT OR REPLACE INTO "specialties" ("id", "code", "name", "profile_subjects", "created_at") VALUES (46, 'B158', 'Криптология', 'инфмат', '2026-04-06 15:33:56');

-- passing_scores: 2 rows
INSERT OR REPLACE INTO "passing_scores" ("id", "university_id", "specialty_id", "year", "grant_score", "paid_score") VALUES (1, 1, 1, 2026, 85, 70);
INSERT OR REPLACE INTO "passing_scores" ("id", "university_id", "specialty_id", "year", "grant_score", "paid_score") VALUES (2, 2, 1, 2026, 70, 50);

-- admission_custom_columns: 1 rows
INSERT OR REPLACE INTO "admission_custom_columns" ("id", "name", "type", "position", "created_at") VALUES (1, 'AET', 'checkbox', 1, '2026-04-06 12:30:57');

-- admission_custom_values: 1 rows
INSERT OR REPLACE INTO "admission_custom_values" ("id", "student_id", "column_id", "value") VALUES (1, 407, 1, '0');

-- storage_items: 1 rows
INSERT OR REPLACE INTO "storage_items" ("id", "folder_id", "name", "type", "url_or_path", "uploaded_by", "created_at", "icon") VALUES (1, NULL, 'Адема_Манап_360', 'file', '/uploads/storage/1775463200108_858194.pdf', 1, '2026-04-06 08:13:20', NULL);

COMMIT;
PRAGMA foreign_keys = ON;
